,CID,SID,Solubility_at_pH_7_4,target,Efficacy
3,135856003,26729454,0.1,1,72.9655
16,135845987,26660913,13.7,1,147.317
21,135829861,49679361,24.7,1,174.885
25,135829849,49673210,1.0,1,189.224
26,135829845,49670054,36.6,1,147.289
28,135825093,26658783,9.7,1,166.868
52,135759036,26666271,35.3,1,113.507
65,135735430,49823554,5.4,1,177.699
69,135716008,49675085,35.4,1,180.428
71,135706571,26671546,4.7,1,102.062
82,135693225,49727492,39.0,1,104.759
92,135688244,26659931,10.2,1,167.294
94,135684986,49679463,13.5,1,190.801
95,135684904,49649491,3.9,1,184.289
100,135683272,49669805,32.4,1,151.355
109,135679290,26724231,26.5,1,171.252
110,135679010,49678014,23.7,1,176.47
115,135676326,49671733,9.2,1,132.87
116,135676249,26670539,2.0,1,143.618
117,135676232,49680113,6.9,1,170.986
119,135676161,49676838,6.5,1,190.531
120,135676154,26724336,41.3,1,111.451
121,135676152,49680713,2.9,1,163.089
122,135676089,49676808,38.3,1,153.32
123,135676074,26670628,20.9,1,136.058
124,135676000,49675855,2.0,1,153.222
128,135675930,49672834,33.9,1,148.521
129,135675925,26724224,26.9,1,133.545
150,135651380,26725710,0.9,1,136.592
154,135651186,26670918,22.8,1,135.354
156,135651101,26661019,24.0,1,116.939
157,135650969,49667956,31.4,1,165.17
158,135650885,49646224,28.9,1,138.981
159,135650835,49647531,31.4,1,168.555
168,135650685,26667195,2.3,1,87.2536
172,135650621,26671416,3.2,1,135.022
178,135650515,49646124,1.8,1,219.41
179,135650497,26671414,1.1,1,144.798
189,135650114,26659495,0.9,1,130.581
214,135643262,49665389,2.3,1,96.5841
217,135642811,49667018,0.4,1,94.7358
225,135641513,26661703,0.1,1,85.3595
230,135637508,26666388,13.6,1,115.118
234,135635893,49667523,5.1,1,183.284
246,135632188,49646862,26.7,1,142.397
250,135630551,26670805,5.3,1,121.137
255,135630284,49646227,36.4,1,139.893
256,135630189,26665778,10.8,1,125.575
281,135615569,49669411,35.6,1,121.281
283,135615259,49725090,40.2,1,173.882
285,135614927,49678229,19.8,1,138.013
290,135614214,49674414,14.3,1,127.301
291,135613834,49647395,34.3,1,183.97
294,135613375,47200569,15.4,1,164.723
296,135608138,49672668,13.8,1,138.371
307,135594431,49725128,0.3,1,144.734
308,135592665,26671497,1.0,1,111.28
318,135584609,49669640,27.8,1,199.66
330,135580037,49668462,47.6,1,164.072
334,135577542,26670592,27.8,1,143.392
343,135576363,26659045,39.6,1,97.969
383,135558986,26665575,36.0,1,88.8014
391,135555389,26726253,3.8,1,137.676
392,135554597,26725805,41.1,1,102.786
398,135549881,49646108,1.9,1,181.114
399,135549825,49646966,7.0,1,118.446
404,135549771,26661279,1.2,1,130.139
419,135549440,26659811,12.8,1,149.47
421,135548689,49648500,0.6,1,137.522
422,135548673,26660233,0.4,1,148.788
438,135546030,49674139,28.3,1,145.263
455,135543164,26671653,20.9,1,133.684
465,135538542,26725971,3.0,1,128.671
468,135537585,47202847,0.2,1,95.4176
481,135536434,49643744,2.7,1,141.566
482,135535982,26662917,3.3,1,82.3091
484,135535946,26667134,12.0,1,98.6423
486,135533700,49824375,1.2,1,117.996
512,135521778,49715917,2.7,1,149.515
514,135521622,22409646,24.1,1,146.409
515,135521596,22406561,7.3,1,143.216
516,135521591,22406344,3.2,1,167.812
517,135521485,22401691,43.2,1,190.954
533,135520053,24837878,3.8,1,95.0171
534,135520040,24837160,3.2,1,192.621
536,135520036,24837076,6.0,1,178.143
539,135520027,24837012,33.3,1,162.643
543,135520006,24836652,0.2,1,141.627
545,135520001,24836614,0.4,1,137.553
549,135519991,24836408,0.3,1,107.787
552,135519988,24836365,5.2,1,109.798
554,135519980,24836155,48.9,1,151.832
555,135519978,24836141,2.3,1,122.549
556,135519977,24836107,4.3,1,129.93
557,135519976,24836087,32.1,1,151.749
560,135519963,24835664,45.5,1,132.49
561,135519959,24835313,39.8,1,88.2964
562,135519958,24835312,9.0,1,127.463
563,135519953,24835046,24.7,1,133.804
565,135519945,24834765,3.2,1,128.098
566,135519941,24834460,35.5,1,166.108
569,135519935,24834299,10.1,1,147.802
574,135519929,24834098,6.4,1,169.036
578,135519897,24833225,34.3,1,76.3544
581,135519892,24833118,8.9,1,155.081
582,135519884,24832490,32.7,1,108.897
588,135519857,24830178,25.1,1,117.716
600,135517573,49667120,24.8,1,146.773
602,135517191,17516207,9.8,1,166.942
620,135512407,14745573,1.6,1,162.423
621,135512260,24835443,34.1,1,116.418
629,135510268,24841408,35.8,1,115.483
630,135510264,24841360,53.9,1,187.137
641,135509000,49716502,5.6,1,127.529
644,135507980,26667133,52.6,1,113.043
656,135504452,26670316,10.8,1,123.792
659,135502848,26731378,30.6,1,143.305
665,135501362,49679199,44.0,1,99.4227
666,135501359,49645444,43.7,1,168.72
671,135498869,24835168,39.9,1,100.11
676,135498034,17507702,27.1,1,124.195
679,135498023,17507022,55.0,1,93.8987
693,135495483,49641056,14.0,1,146.21
699,135494098,24837833,46.0,1,83.6794
702,135493040,26662944,30.7,1,113.208
706,135492174,47201548,17.0,1,162.593
732,135488596,26670744,34.4,1,108.647
740,135485470,4256202,49.1,1,111.657
743,135485079,26659960,48.7,1,88.7942
747,135485046,47203784,0.6,1,210.015
748,135485045,47203949,0.6,1,85.2163
760,135481566,47201101,0.5,1,128.315
767,135480969,26731419,24.7,1,122.281
783,135474000,26671243,19.3,1,112.245
795,135473038,26731572,33.5,1,119.435
804,135472851,24817240,4.7,1,120.853
805,135472836,24816509,0.2,1,102.599
813,135472776,24814478,46.5,1,142.987
821,135472736,24811726,23.2,1,138.428
837,135472537,49667948,32.6,1,103.292
849,135470845,24812857,41.0,1,95.3954
850,135470822,49667547,2.4,1,146.158
851,135470813,26658843,6.3,1,139.608
852,135470802,49667189,35.9,1,144.461
854,135470757,26667289,0.2,1,126.534
861,135469873,26671520,9.0,1,122.518
864,135469806,26670785,9.6,1,145.647
867,135468839,24836932,40.8,1,114.019
893,135463924,26661051,16.7,1,134.504
911,135460614,24789724,2.7,1,123.605
917,135460593,24788238,49.9,1,125.696
920,135460567,24787219,14.8,1,137.92
929,135460457,24782281,22.9,1,157.925
937,135459530,49644500,42.8,1,138.018
944,135458866,49644317,8.0,1,165.516
949,135458748,49669694,50.8,1,189.822
971,135455198,24809919,2.3,1,83.8587
976,135455175,24807101,20.3,1,116.415
982,135455155,24805681,33.3,1,106.292
984,135455150,24804880,11.9,1,96.2562
997,135454486,49667192,1.8,1,113.29
1001,135454365,26726278,0.9,1,113.48
1007,135452793,49642654,46.7,1,165.566
1009,135452530,49646548,5.3,1,174.392
1013,135451679,26671262,2.8,1,115.735
1028,135449736,24781669,36.9,1,137.647
1050,135445597,26731364,37.3,1,111.981
1055,135445157,49667059,46.7,1,178.015
1056,135445044,24832043,36.6,1,119.823
1058,135444536,49645229,43.8,1,198.315
1061,135444387,24801866,24.4,1,122.657
1066,135444096,49642620,0.3,1,109.133
1070,135443251,26670169,33.7,1,104.035
1078,135442099,47195329,0.3,1,146.832
1079,135442098,47195530,0.8,1,155.703
1090,135441542,24835399,6.0,1,102.092
1095,135440841,26662782,43.0,1,134.241
1116,135439803,24824296,43.4,1,116.947
1123,135439769,24823567,26.3,1,102.703
1134,135439674,24821846,15.6,1,137.695
1154,135437343,26661604,0.5,1,104.948
1158,135436858,49669586,2.1,1,138.821
1160,135436083,24789067,0.6,1,150.228
1171,135433308,24796550,44.7,1,113.866
1181,135433193,24790962,27.2,1,120.676
1183,135433180,24790339,51.1,1,186.369
1185,135432810,26666540,19.0,1,97.9313
1230,135422517,24826962,10.9,1,117.739
1231,135422474,24836119,30.3,1,134.381
1235,135421727,49667476,1.4,1,147.339
1237,135421639,49644324,25.9,1,245.856
1238,135421582,49668011,3.1,1,91.6284
1247,135420902,26659007,22.5,1,145.084
1258,135420153,49679030,23.4,1,162.027
1269,135418989,26730119,0.8,1,82.7039
1282,135418649,26671584,1.6,1,127.436
1287,135417169,49680640,2.8,1,81.4067
1297,135414997,24809339,12.2,1,103.99
1315,135412971,26731646,21.2,1,135.664
1324,135412250,26667226,15.0,1,117.519
1326,135412205,47203428,4.9,1,188.941
1332,135412004,26660179,31.0,1,114.206
1347,135411632,26671161,0.4,1,153.2
1351,135411401,26662230,40.7,1,105.417
1364,135408458,24810118,44.5,1,130.371
1385,135403971,49665244,11.7,1,139.325
1400,135403208,49665578,34.2,1,142.627
1402,135403145,49665374,0.2,1,91.7777
1404,135403133,47203203,30.8,1,146.538
1410,135402405,26663226,43.4,1,95.1349
1417,135401277,22410790,8.1,1,152.93
1418,135401236,22410067,5.3,1,155.466
1420,135400682,26669782,39.0,1,126.404
1422,135400571,26662276,45.2,1,115.131
1438,135399109,24779653,31.5,1,156.771
1447,56642963,47204000,30.7,1,134.783
1449,56642960,47198105,39.3,1,157.005
1457,56642848,47204001,34.5,1,153.682
1475,54695987,49665169,49.8,1,127.125
1479,54694101,49671814,36.3,1,152.51
1531,54682937,56320922,70.2,1,176.607
1566,54677846,24840631,26.6,1,149.173
1575,54677260,49677900,0.3,1,142.568
1586,54675779,855768,47.0,1,177.145
1587,52998417,26665910,46.2,1,107.825
1648,25237592,49825957,14.1,1,114.443
1649,25237590,49825837,13.9,1,158.743
1655,25237459,49823531,2.9,1,104.495
1658,25237451,49827875,28.7,1,106.917
1660,25237445,49823524,18.2,1,163.808
1662,25237443,49827413,17.0,1,133.238
1663,25237442,49823598,6.8,1,211.53
1665,25237439,49823597,20.8,1,156.071
1666,25237437,49823596,13.6,1,168.662
1679,25237314,49823691,37.9,1,104.267
1791,25162018,57257891,39.1,1,154.488
1819,24982932,56324409,40.8,1,101.844
1827,24982615,56323710,9.2,1,210.161
1838,24981851,56321911,45.2,1,125.512
1854,24981072,56319944,46.0,1,124.78
1863,24980893,56319676,24.8,1,117.759
1874,24980576,56318899,8.6,1,289.972
1933,24847757,56463315,47.0,1,55.9649
1950,24819960,49828343,41.1,1,168.214
1990,24819511,49826986,0.3,1,150.383
1997,24819439,49826748,21.4,1,176.674
2012,24819125,49826014,32.3,1,130.511
2059,24818675,49824072,20.5,1,108.147
2119,24818409,49823097,3.3,1,123.692
2122,24818380,49822706,43.0,1,163.992
2128,24818355,49822444,17.9,1,112.369
2132,24818309,49822196,53.4,1,172.672
2137,24818274,49821911,9.1,1,180.106
2138,24818267,49821737,40.9,1,162.721
2164,24817907,49819532,36.0,1,82.6773
2170,24817805,49819235,48.5,1,116.345
2174,24817628,49818701,47.5,1,117.869
2203,24816730,49817059,22.4,1,103.369
2209,24816607,49816832,37.8,1,150.168
2220,24794219,49737500,26.8,1,198.524
2252,24793393,49733458,45.4,1,144.455
2258,24793022,49732196,47.1,1,169.474
2262,24792909,49731945,45.4,1,158.361
2268,24792744,49729859,43.3,1,157.101
2285,24792568,49729145,2.2,1,130.605
2304,24792477,49728282,37.5,1,120.417
2338,24792241,49724923,54.4,1,119.489
2343,24791841,49722171,46.9,1,143.5
2351,24791309,49720574,32.8,1,197.179
2389,24762095,49680192,45.2,1,149.164
2390,24762091,49680085,2.0,1,126.887
2396,24762052,49679595,52.6,1,141.258
2399,24762042,49679461,39.4,1,141.931
2401,24762029,49679322,24.8,1,161.063
2402,24762021,49679177,49.9,1,166.166
2416,24761894,49678330,2.3,1,158.836
2417,24761888,49678221,30.0,1,122.074
2418,24761884,49678139,14.2,1,129.982
2419,24761870,49677954,3.7,1,138.412
2420,24761868,49677950,6.7,1,157.188
2421,24761862,49677870,8.6,1,114.843
2423,24761854,49677749,30.8,1,120.212
2424,24761847,49677481,32.8,1,131.697
2425,24761843,49677444,47.1,1,112.273
2426,24761841,49677302,0.4,1,122.49
2427,24761837,49677250,4.2,1,146.501
2432,24761673,49674150,54.3,1,109.129
2443,24761574,49670434,0.4,1,152.5
2456,24761522,49669850,29.2,1,165.226
2460,24761516,49669812,44.7,1,186.549
2462,24761514,49669806,27.9,1,141.351
2471,24761453,49669306,35.5,1,138.713
2493,24761181,49667527,31.8,1,158.345
2502,24761146,49667041,56.4,1,125.262
2504,24761114,49665681,43.8,1,129.349
2506,24761099,49665524,17.8,1,168.388
2513,24761072,49665252,30.1,1,153.323
2515,24761065,49665199,38.4,1,118.451
2517,24748033,49649783,36.8,1,154.772
2518,24748032,49649782,28.3,1,155.865
2520,24748026,49649728,41.3,1,126.807
2524,24748012,49649572,27.1,1,152.676
2528,24747994,49649427,30.6,1,99.897
2536,24747704,49647714,2.3,1,128.89
2538,24747681,49647512,0.2,1,155.327
2541,24747672,49647416,1.1,1,143.906
2553,24747589,49646575,50.4,1,208.092
2554,24747587,49646574,24.9,1,168.706
2559,24747356,49645835,0.3,1,91.501
2560,24747355,49645834,0.8,1,90.9143
2562,24747131,49645282,43.7,1,139.42
2565,24747126,49645195,44.1,1,104.937
2629,24746812,49641344,41.4,1,115.784
2631,24746806,49641276,45.1,1,153.062
2641,24746775,49640699,33.7,1,161.216
2645,24746770,49640665,34.7,1,196.389
2648,24687981,49821906,9.5,1,175.306
2649,24687923,49828038,0.9,1,138.219
2664,24687540,49818200,47.9,1,113.508
2676,24687449,56321907,36.1,1,116.841
2685,24687012,56323292,7.8,1,149.175
2732,24685250,49826738,37.8,1,139.043
2735,24684677,49822401,21.9,1,153.104
2740,24684627,49822397,45.7,1,185.894
2779,24240615,49819983,42.5,1,159.305
2782,24240201,49819908,3.1,1,128.749
2787,24239431,49826750,50.3,1,178.251
2789,24239039,49822699,16.6,1,139.754
2814,23975044,24823194,4.7,1,152.315
2815,23961339,49649596,1.0,1,168.826
2819,23863715,24810750,5.8,1,131.619
2825,23724438,47204601,51.5,1,149.255
2829,23724403,47204308,41.5,1,135.98
2831,23724400,47204257,27.7,1,121.231
2835,23724389,47204067,45.2,1,164.356
2836,23724387,47204033,34.9,1,135.574
2838,23724372,47203854,7.4,1,169.206
2839,23724366,47203770,36.5,1,137.065
2840,23724365,47203768,48.6,1,160.679
2846,23724326,47202952,28.9,1,216.294
2850,23724316,47202728,33.9,1,164.118
2854,23724294,47202182,46.2,1,219.893
2855,23724291,47202173,15.2,1,181.47
2859,23724275,47202019,44.0,1,142.919
2863,23724255,47201645,40.5,1,145.875
2872,23724229,47201200,28.2,1,146.411
2878,23724197,47200747,48.2,1,155.29
2886,23724187,47200599,40.8,1,157.932
2887,23724185,47200591,55.4,1,164.682
2897,23724170,47200421,49.1,1,173.02
2900,23724162,47200359,24.9,1,178.779
2914,23723895,47199273,44.2,1,147.054
2967,23723420,47197186,49.4,1,127.907
2978,23723369,47197109,45.1,1,104.439
2998,23723163,47195805,49.7,1,183.401
3050,23606545,49649514,2.3,1,138.034
3081,22587966,49679162,26.9,1,182.497
3082,22582984,49719743,47.3,1,145.338
3083,22582983,49719737,35.4,1,155.506
3158,22510442,49670643,3.9,1,137.853
3200,22430391,49827467,15.0,1,120.71
3213,22427111,49715541,19.2,1,147.594
3231,22332706,49679477,35.5,1,155.741
3236,22332182,49679733,21.5,1,148.407
3248,21545164,49666920,34.6,1,136.249
3252,21205130,49669407,24.1,1,144.063
3276,20967419,49670569,30.8,1,122.285
3288,20956355,49670404,40.2,1,150.67
3289,20956349,49670290,31.1,1,134.558
3298,20953939,49670402,35.5,1,107.022
3301,20940117,49736292,24.4,1,137.288
3304,20940027,49735546,47.0,1,86.1777
3306,20939982,49736479,47.0,1,131.031
3318,20927613,49669902,8.8,1,133.725
3381,20899782,49670590,30.6,1,116.426
3397,20889013,49649694,27.6,1,137.997
3407,20887813,49678233,41.9,1,104.262
3408,20887719,49668067,40.1,1,170.46
3410,20887558,49649778,47.2,1,102.41
3470,20867000,49669703,40.7,1,120.298
3472,20866849,49669736,38.6,1,165.496
3504,20855127,49669033,30.2,1,146.756
3514,20848000,49646615,38.6,1,173.522
3532,20116602,56319057,33.9,1,89.5452
3533,20111252,49679637,22.1,1,164.368
3536,19807233,47203352,32.4,1,105.202
3538,19687026,49824180,25.5,1,131.969
3539,19687020,49824185,24.5,1,185.893
3541,19687015,49825881,26.5,1,130.568
3542,19687007,49825921,26.1,1,189.23
3545,19686655,49826947,3.1,1,139.438
3591,19578115,57266586,7.7,1,115.808
3635,18577474,51085845,16.3,1,109.344
3663,18558543,49676511,14.2,1,123.699
3664,18558490,49676842,29.4,1,108.266
3676,18273903,49826734,2.6,1,152.993
3678,18230215,56317156,0.7,1,125.749
3679,18204049,49729229,49.3,1,121.853
3691,18160218,56323890,47.0,1,92.9127
3708,18120596,56317130,48.4,1,98.55
3761,18106782,56324045,34.6,1,148.879
3765,18105311,56321511,10.0,1,117.646
3775,18079666,49828811,51.1,1,120.182
3778,18078013,56319959,43.0,1,136.536
3783,18077737,56323967,42.8,1,138.15
3803,17585776,49825183,48.7,1,192.042
3814,17583883,49646101,1.7,1,131.027
3819,17583658,49822947,29.6,1,110.031
3833,17582328,49646057,19.5,1,103.603
3844,17580014,49667859,42.4,1,191.847
3848,17578557,49667370,6.4,1,107.926
3849,17578417,49665034,40.4,1,126.031
3869,17572747,26666743,12.3,1,105.346
3871,17572608,26666744,3.8,1,108.29
3886,17497048,50086460,5.6,1,177.14
3912,17417564,56316203,27.2,1,101.732
3943,17385934,47202468,32.8,1,155.845
3961,17378931,49827489,2.3,1,148.434
3962,17378909,49823417,47.2,1,135.677
3973,17374362,49823702,36.5,1,159.207
3978,17369833,49665642,51.8,1,178.219
3979,17367818,49645174,49.7,1,145.005
3984,17325415,49670317,45.7,1,125.203
4001,17283667,49824104,48.1,1,128.115
4052,17253049,49715762,3.1,1,96.6713
4070,17201685,49718436,41.8,1,197.605
4138,17015159,49667148,38.0,1,159.945
4140,16958434,49828050,58.3,1,156.228
4160,16823242,49677581,43.1,1,110.097
4164,16823207,51090613,54.1,1,118.234
4211,16745961,26729175,10.4,1,133.577
4212,16745869,26726179,28.0,1,118.239
4214,16745845,26725901,35.8,1,131.454
4218,16745827,26725628,35.2,1,88.6156
4219,16682719,26671560,4.0,1,101.688
4222,16682699,26671372,56.0,1,148.166
4224,16682688,26671057,35.3,1,124.001
4231,16682543,26667328,33.9,1,76.8317
4234,16682515,26666689,43.0,1,148.976
4235,16682507,26666567,36.5,1,131.351
4238,16682490,26666187,71.3,1,75.4045
4250,16682443,26665543,20.2,1,112.699
4252,16682433,26665447,33.0,1,149.074
4276,16682319,26662885,36.5,1,128.12
4290,16682278,26662433,0.4,1,110.137
4317,16682208,26661240,35.7,1,140.291
4321,16682161,26661032,47.0,1,81.6952
4324,16682147,26660863,39.6,1,131.099
4325,16682143,26660804,55.6,1,144.4
4327,16682139,26660775,51.6,1,122.378
4333,16682095,26660525,52.0,1,105.121
4347,16682001,26659958,40.4,1,138.68
4348,16681998,26659944,44.5,1,122.992
4350,16681984,26659876,47.1,1,127.516
4352,16681932,26659674,39.7,1,128.322
4361,16681807,26659209,37.7,1,125.976
4363,16681803,26659183,0.5,1,121.56
4368,16681790,26658976,39.3,1,128.93
4372,16681775,26658762,39.4,1,116.136
4401,16557711,49827740,0.4,1,169.383
4406,16551195,49822910,2.9,1,195.325
4413,16548980,49823091,49.4,1,167.46
4423,16525183,56314907,46.1,1,119.204
4432,16495727,47202201,38.9,1,119.673
4433,16495307,47202183,47.5,1,171.391
4440,16463353,47201039,33.9,1,133.417
4441,16463337,26659465,41.4,1,147.504
4442,16462824,49667213,42.3,1,135.618
4443,16462823,49667131,49.0,1,173.357
4481,16442194,26665817,1.1,1,156.174
4506,16413771,49648929,39.5,1,150.581
4509,16413476,49666083,35.5,1,104.616
4512,16413182,49648935,42.5,1,184.322
4528,16410738,26659113,37.1,1,86.2387
4553,16386420,56321186,42.1,1,85.0846
4630,16327461,49680308,49.3,1,126.948
4663,16319272,49675613,27.8,1,164.867
4682,16314652,49675485,13.2,1,145.596
4706,16308175,49673923,0.3,1,159.51
4713,16307545,49680412,42.6,1,129.537
4732,16305869,57259658,3.4,1,150.562
4748,16304855,49680765,29.9,1,146.515
4751,16304770,49677437,36.2,1,158.059
4753,16304694,57259589,50.2,1,145.622
4770,16303960,49677872,4.1,1,171.875
4778,16303496,49677879,15.2,1,157.224
4785,16303108,57259419,41.7,1,118.265
4830,16298395,49675964,43.3,1,188.247
4843,16297509,57260416,38.8,1,136.657
4851,16296491,57259030,52.1,1,75.551
4857,16293812,49673484,0.4,1,91.2248
4897,16283582,49680868,5.5,1,134.708
4923,16278080,49822283,26.2,1,158.144
4932,16275931,49675915,5.4,1,120.104
4978,16249254,49734242,45.9,1,208.143
4984,16248606,49676968,45.3,1,157.207
4988,16247818,24828565,18.3,1,126.755
4993,16246434,49724880,47.4,1,104.301
4994,16245263,26670495,35.9,1,133.851
4997,16244991,49675133,35.9,1,139.436
5002,16243084,49724854,48.5,1,126.018
5010,16241713,47202161,49.4,1,114.198
5016,16241130,26657536,1.4,1,136.034
5022,16240846,24791872,41.3,1,98.9657
5023,16240777,49724797,42.9,1,136.49
5025,16240210,24836704,2.5,1,186.754
5028,16239597,24829700,3.2,1,124.453
5029,16239577,49673697,27.6,1,163.192
5043,16237934,49673642,13.6,1,174.66
5051,16236811,49674305,17.2,1,137.997
5052,16236791,49674179,29.0,1,139.424
5062,16227018,49675593,47.0,1,132.988
5073,16196882,24837644,32.4,1,125.508
5076,16196866,24837249,3.3,1,210.225
5081,16196824,24836710,12.0,1,148.595
5087,16196768,24836042,40.8,1,152.256
5090,16196753,24835721,46.9,1,118.538
5100,16196692,24834670,12.4,1,115.335
5101,16196691,24834669,50.8,1,143.539
5102,16196687,24834531,34.2,1,124.275
5113,16196271,24831012,41.8,1,142.341
5116,16196229,24830404,4.5,1,92.0722
5118,16196166,24829631,10.6,1,127.814
5123,16196092,24828642,45.3,1,139.945
5130,16196028,24827949,10.9,1,142.952
5133,16196016,24827751,41.0,1,127.47
5135,16196005,24827481,17.3,1,146.785
5138,16195991,24827226,27.2,1,111.371
5144,16195915,24825555,55.4,1,133.69
5145,16195906,24825432,44.1,1,152.073
5146,16195896,24825310,30.6,1,110.882
5153,16195582,24823814,1.2,1,210.024
5164,16195367,24823043,21.2,1,186.739
5169,16195263,24822392,39.6,1,128.458
5171,16195210,24821349,47.9,1,115.477
5174,16195190,24820955,49.9,1,140.164
5175,16195185,24820929,48.8,1,131.378
5177,16195172,24820811,41.3,1,113.132
5179,16195169,24820659,34.4,1,136.616
5184,16195120,24819174,39.1,1,99.1742
5187,16195079,24818264,42.0,1,145.949
5188,16195078,24818259,41.5,1,149.947
5189,16195067,24817762,49.1,1,104.508
5190,16195055,24817431,48.1,1,120.848
5208,16194920,24816447,48.4,1,162.184
5242,16194637,24815523,14.3,1,92.5648
5274,16194280,24814268,47.2,1,146.366
5281,16194246,24814147,41.5,1,106.648
5288,16194155,24813824,50.3,1,82.9601
5306,16194037,24813496,19.9,1,122.712
5328,16193803,24812809,5.7,1,97.9772
5332,16193787,24812769,20.3,1,124.327
5333,16193785,24812767,36.3,1,84.8138
5350,16193566,24812252,64.4,1,130.848
5361,16193439,24811840,44.3,1,75.7315
5378,16193306,24811376,40.9,1,172.315
5386,16193229,24810820,28.0,1,114.047
5389,16193212,24810761,1.0,1,145.118
5395,16193172,24810622,25.6,1,129.037
5398,16193144,24810566,10.6,1,167.618
5402,16193058,24810319,49.2,1,144.679
5404,16193053,24810304,33.9,1,101.75
5405,16193038,24810229,47.2,1,126.131
5407,16193014,24810155,8.8,1,124.378
5409,16192991,24809896,45.8,1,130.005
5411,16192982,24809760,45.8,1,128.409
5412,16192974,24809599,45.7,1,123.836
5421,16192925,24808653,48.9,1,104.031
5427,16192918,24808538,39.9,1,119.755
5433,16192895,24808267,14.7,1,98.9774
5436,16192869,24807887,50.8,1,130.677
5438,16192856,24807734,27.4,1,135.641
5440,16192845,24807580,7.8,1,130.416
5456,16192728,24805663,46.4,1,122.151
5457,16192727,24805643,4.7,1,128.334
5461,16192668,24804509,47.9,1,155.448
5470,16192627,24803644,45.3,1,136.276
5473,16192594,24802705,47.0,1,142.969
5484,16192065,24800396,39.0,1,135.574
5507,16191496,24799826,43.5,1,106.502
5536,16190973,24799302,47.5,1,104.875
5567,16190659,24798988,33.9,1,110.592
5654,16189723,24795962,43.1,1,157.13
5663,16189442,24789770,49.5,1,84.3333
5667,16189423,24789504,63.2,1,160.671
5671,16189374,24788858,43.1,1,111.105
5677,16189311,24788293,38.1,1,121.548
5682,16189285,24787428,52.7,1,130.856
5720,16188847,24785487,1.4,1,157.765
5728,16188811,24785383,4.5,1,103.04
5775,16188209,24783657,47.6,1,123.966
5788,16188098,24783207,53.0,1,221.837
5794,16188041,24783069,41.9,1,151.893
5795,16188038,24783062,48.5,1,163.058
5808,16187831,24782269,46.0,1,85.6378
5828,16187614,24781629,17.5,1,162.177
5844,16187399,24780662,42.8,1,91.5327
5856,16187271,24780229,35.7,1,111.686
5874,16027762,49670480,38.0,1,148.877
5879,16019302,49735377,50.9,1,141.257
5944,16003600,24813774,44.6,1,95.4377
5947,16003078,24811609,10.0,1,99.8065
5954,16001809,24782870,1.4,1,97.7443
5968,15999022,24810318,31.2,1,102.809
5970,15998745,49715770,1.6,1,154.378
6029,15945775,22414226,18.7,1,139.784
6030,15945766,22414129,31.5,1,137.938
6045,14197121,47200835,42.1,1,115.59
6053,13552280,49669531,50.9,1,147.746
6057,13413786,49649538,12.7,1,196.408
6062,13088271,49680165,22.1,1,137.518
6065,12905786,49666025,13.1,1,170.182
6066,12891828,24827712,15.7,1,148.039
6074,12655547,49670835,27.6,1,174.633
6075,12644971,24805262,39.0,1,110.413
6077,12539171,47196075,42.6,1,136.022
6096,12221201,47195859,31.1,1,128.531
6102,12006282,17517247,42.1,1,137.491
6103,12005893,17514788,21.0,1,216.331
6105,12005251,17510543,54.9,1,100.792
6108,11961672,56463766,32.8,1,138.519
6112,11957524,47195871,27.9,1,192.962
6115,11957207,17401924,41.6,1,180.357
6125,11909184,49665062,49.9,1,136.374
6128,11906735,26665455,33.2,1,125.432
6131,11899977,26660452,7.1,1,125.761
6165,11646094,49680120,26.8,1,162.565
6171,11277899,49679604,44.6,1,156.024
6176,10881409,24813096,46.4,1,154.063
6183,10140115,56322742,60.1,1,77.9567
6195,9754354,49673209,0.8,1,98.4633
6198,9723462,49821200,0.4,1,134.976
6224,9690830,49821568,4.5,1,128.752
6230,9689184,24815344,13.1,1,90.1622
6236,9688070,49671177,0.7,1,139.349
6239,9687094,26726376,37.1,1,137.191
6246,9685312,26725929,26.6,1,153.849
6248,9685277,26665857,11.9,1,101.914
6250,9685242,49646903,34.6,1,157.647
6277,9681936,26660280,10.3,1,100.132
6285,9679204,26724278,31.3,1,152.157
6295,9678052,24826031,19.5,1,139.957
6303,9677709,24833997,5.9,1,155.257
6314,9675633,24828856,2.9,1,135.388
6326,9671133,24836647,2.9,1,137.239
6328,9670741,24823534,13.9,1,151.536
6338,9669646,24829984,46.7,1,132.569
6340,9669493,24828505,6.7,1,175.473
6349,9667413,24840414,6.1,1,131.937
6355,9666713,26658579,3.7,1,121.752
6358,9666077,26666165,38.3,1,86.7045
6363,9665326,26724317,22.7,1,125.467
6368,9665112,26659957,38.6,1,86.1905
6374,9664067,49674031,6.9,1,147.812
6400,9660833,49674191,0.2,1,89.4323
6402,9660688,26671092,30.6,1,160.976
6409,9660639,26671093,53.6,1,82.3769
6415,9659716,47202631,29.2,1,98.9589
6417,9659399,26663167,12.0,1,96.6524
6425,9658712,26657529,0.6,1,120.632
6436,9657171,49647987,22.8,1,165.777
6438,9657080,24831137,16.1,1,166.579
6439,9657049,49670797,15.8,1,127.374
6442,9656285,24836461,32.5,1,143.605
6444,9655953,49827425,18.4,1,139.697
6446,9655904,24835827,0.4,1,120.301
6449,9655659,24827876,0.7,1,78.9693
6458,9655043,24817800,38.4,1,125.044
6464,9653655,26666307,4.0,1,116.274
6474,9651700,24836449,30.6,1,170.612
6477,9651208,24829727,7.6,1,118.242
6483,9650424,24828894,28.1,1,146.083
6484,9650308,49673646,2.6,1,115.711
6485,9649816,24831547,32.0,1,141.922
6492,9648009,24836615,11.9,1,133.993
6504,9646219,49673607,11.4,1,171.155
6505,9646180,24836097,26.2,1,125.543
6511,9645224,49680831,3.1,1,163.388
6514,9644652,49673952,9.2,1,151.231
6516,9644282,26670353,36.6,1,165.927
6524,9642770,49678238,2.2,1,156.279
6547,9640531,26659871,44.7,1,96.8461
6558,9638318,26665520,0.2,1,105.265
6580,9636354,26661522,1.4,1,110.355
6587,9635666,26666731,0.5,1,161.69
6615,9633426,47201206,12.8,1,177.029
6617,9633328,26658811,17.2,1,139.318
6619,9633215,49667052,56.5,1,177.584
6627,9632573,26660406,34.5,1,84.779
6636,9631512,26671128,27.8,1,141.164
6648,9630182,24834577,20.8,1,94.9435
6653,9629545,49678939,0.2,1,98.8564
6685,9625861,49675971,3.9,1,121.735
6689,9625356,24829790,2.3,1,142.991
6700,9623738,49668431,13.6,1,141.69
6708,9622667,24829575,3.0,1,116.434
6711,9622517,24831506,31.3,1,102.654
6720,9621159,26669465,0.5,1,154.49
6737,9619583,24816146,30.0,1,87.9877
6742,9619291,24819358,44.7,1,119.628
6765,9615897,49673149,30.3,1,180.375
6776,9615548,26662773,12.1,1,124.067
6777,9615546,26666809,27.8,1,124.614
6782,9614768,49680708,23.9,1,147.239
6792,9614578,24834520,4.6,1,122.624
6820,9611230,49673644,9.0,1,138.96
6826,9610154,24827910,44.7,1,87.6531
6827,9609760,24836494,5.3,1,147.86
6848,9608542,24828150,10.5,1,113.969
6851,9608151,49675670,9.5,1,168.184
6863,9607375,26725766,0.9,1,139.421
6864,9607362,49825893,27.6,1,168.005
6865,9606977,49673744,2.2,1,141.928
6867,9606680,24837645,8.9,1,157.108
6891,9598412,24821210,38.7,1,83.2287
6894,9596913,26660537,36.5,1,121.662
6899,9595989,24822713,1.9,1,126.938
6905,9595131,24805804,11.7,1,116.113
6914,9594933,49642525,16.2,1,135.001
6920,9594421,47204177,21.1,1,147.912
6927,9594122,24807363,45.8,1,104.483
6952,9593221,24819121,11.7,1,86.206
6971,9592569,49729980,36.1,1,133.478
7004,9591316,49728350,50.0,1,124.413
7009,9590594,24804994,8.4,1,121.542
7014,9590179,49726702,51.2,1,143.121
7018,9589800,49642233,7.2,1,145.961
7024,9589563,24781996,0.2,1,125.34
7034,9587607,26724232,45.7,1,137.669
7072,9586225,24792185,16.8,1,125.996
7078,9586074,17507410,6.4,1,99.1316
7085,9585835,47198503,22.3,1,137.855
7086,9585829,47198506,19.0,1,162.935
7087,9585828,47198237,4.6,1,143.039
7089,9585805,47198363,17.1,1,139.546
7099,9585532,24820885,22.2,1,108.707
7108,9584981,49667847,15.6,1,162.602
7123,9584216,26731468,38.0,1,140.597
7135,9584052,26731658,1.2,1,102.741
7180,9583360,26727607,1.2,1,107.847
7266,9580428,26731617,3.6,1,83.8255
7274,9580332,26731107,25.9,1,130.841
7276,9580314,26727603,29.3,1,106.005
7281,9580114,49670528,17.0,1,124.339
7298,9568953,49680578,0.9,1,128.239
7302,9568781,7978441,1.8,1,178.797
7329,9566480,26731675,30.4,1,129.623
7354,9565028,22413106,41.1,1,142.393
7385,9563186,49728903,6.6,1,159.245
7392,9562807,24829537,40.5,1,114.869
7395,9562749,49726683,0.7,1,156.04
7404,9560222,24828861,16.2,1,85.7906
7427,9557838,26665764,35.7,1,122.747
7457,9557028,24790317,49.2,1,107.878
7459,9556891,49726343,0.2,1,79.9531
7490,9549493,14724489,37.5,1,142.424
7495,9535952,49673228,49.8,1,119.805
7508,9533848,49673855,14.9,1,89.011
7509,9533791,57266581,49.4,1,103.762
7523,9509532,49730320,33.6,1,152.203
7572,9503157,57259416,48.6,1,115.799
7601,9463355,49680893,12.5,1,125.081
7617,9441864,49680484,44.6,1,100.539
7632,9438872,49821743,53.6,1,227.49
7657,9366753,49672972,45.6,1,170.032
7662,9363010,57259699,51.2,1,83.0702
7689,9322696,49817771,57.5,1,154.145
7690,9319735,49672886,54.6,1,86.8627
7706,9269644,49680290,3.6,1,112.173
7729,9266424,49673822,0.7,1,137.223
7735,9263275,49680595,39.0,1,188.19
7746,9222808,57259189,49.0,1,94.3004
7766,9184438,49828541,5.5,1,92.487
7777,9157065,49675867,8.9,1,166.14
7784,9154385,49673461,6.2,1,114.851
7802,9119435,49674310,31.5,1,217.274
7807,9118951,49671681,23.0,1,120.555
7821,9116001,49671967,39.8,1,156.488
7824,9115581,49672700,0.8,1,133.684
7829,9114427,49680534,20.0,1,166.256
7836,9113741,56323024,36.9,1,80.8275
7856,9092269,49679962,46.1,1,114.367
7882,8933819,49677391,36.9,1,166.308
7886,8924146,57265657,1.2,1,148.012
7890,8902468,49676174,5.1,1,176.664
7940,8690884,49678315,5.0,1,136.259
7946,8669045,49823687,13.9,1,106.884
7960,8620879,49828236,12.2,1,155.535
7970,8554793,49724875,28.8,1,166.463
8003,8438747,51087817,1.6,1,129.73
8005,8431942,57266416,52.1,1,118.898
8009,8388788,49822441,49.0,1,174.538
8019,8321458,57256864,40.2,1,95.1125
8028,8285101,56323388,45.5,1,163.796
8040,8232890,49828414,1.3,1,112.555
8042,8225706,49825920,3.9,1,147.012
8045,8195637,49672715,18.0,1,161.535
8084,8140644,57256651,46.8,1,132.518
8090,8123625,49828182,3.2,1,145.569
8132,8072991,49667092,34.8,1,195.896
8157,8071552,49647381,27.2,1,96.3826
8185,8057369,49647361,44.9,1,161.186
8222,8026113,49680411,16.1,1,123.613
8234,8017260,49823604,3.2,1,146.097
8243,8004090,56324741,5.3,1,109.306
8254,7998239,49680283,46.3,1,147.002
8256,7997911,49673710,23.7,1,130.63
8258,7997202,49677286,29.7,1,122.824
8266,7996340,49680582,49.8,1,129.634
8272,7992430,49674332,33.5,1,78.3284
8297,7950061,56318196,44.9,1,140.083
8364,7802676,49674649,40.3,1,144.286
8391,7759106,49822184,39.8,1,215.359
8437,7700192,49672554,10.3,1,130.619
8509,7621836,49828279,47.0,1,119.166
8510,7620272,49820102,47.3,1,189.819
8512,7614248,26666940,39.6,1,96.4035
8524,7601055,51087360,46.9,1,133.714
8532,7598302,49675145,4.9,1,83.4573
8540,7593581,51090591,18.2,1,114.433
8542,7593506,51089582,32.2,1,141.277
8558,7560571,57265701,49.7,1,123.858
8611,7529090,49672608,8.0,1,179.583
8670,7480032,49826713,17.2,1,180.428
8673,7478941,57257038,26.3,1,156.931
8678,7474456,56316202,55.6,1,84.2773
8680,7472371,26662261,19.7,1,125.149
8720,7392097,49817147,48.7,1,189.95
8732,7384469,51088110,39.6,1,151.173
8764,7333760,47202536,15.7,1,137.261
8765,7333697,47201516,12.9,1,163.422
8766,7333696,47201116,23.4,1,150.951
8767,7333695,47201595,29.6,1,162.604
8783,7295065,51085736,39.9,1,138.194
8790,7287144,51085941,5.9,1,119.387
8792,7285079,26726145,39.2,1,129.469
8840,7217840,24779569,0.1,1,191.347
8856,7217464,24779574,11.2,1,121.126
8860,7217440,24824048,2.9,1,81.9372
8888,7207422,24815505,6.1,1,126.898
8898,7207375,24815842,10.0,1,110.941
8910,7207184,24815650,22.4,1,128.202
8912,7207115,24815688,7.6,1,124.177
8914,7207099,24815753,32.6,1,136.463
8915,7207095,24815649,3.7,1,84.9246
8925,7206011,24824217,1.4,1,92.189
8936,7205831,24824330,3.9,1,83.8315
8937,7205828,24816716,1.5,1,139.922
8938,7205820,24779621,4.0,1,93.7693
8957,7198682,24816673,42.1,1,83.3756
8959,7198542,49678196,38.1,1,161.108
8970,7197580,24788334,11.6,1,89.2757
9025,7189763,51086072,41.7,1,140.545
9040,7183979,49676538,24.3,1,189.63
9054,7162193,24784247,2.9,1,104.195
9064,7162004,49678346,12.7,1,130.766
9065,7162002,49678207,12.0,1,168.731
9072,7161333,51090578,50.0,1,158.688
9074,7161237,51090800,46.7,1,94.1291
9084,7151261,24816257,18.1,1,77.022
9122,7131003,49676311,35.2,1,117.86
9135,7120054,24813585,45.3,1,120.495
9136,7119438,24816557,2.8,1,133.396
9137,7119349,24816556,11.1,1,89.2154
9138,7119313,24816151,6.3,1,72.674
9139,7119291,24816149,50.6,1,116.921
9140,7119247,24788513,1.0,1,105.82
9187,7095929,24816808,1.8,1,129.42
9188,7095928,24816778,5.2,1,123.908
9189,7095488,24779594,28.1,1,130.105
9202,7084759,24822108,26.3,1,127.576
9218,7064071,49673572,34.8,1,141.487
9219,7064036,49675991,16.2,1,136.135
9239,6952226,24810248,1.0,1,149.422
9242,6948318,7971996,30.2,1,109.505
9249,6919196,49673399,32.9,1,144.541
9264,6908425,49676267,30.6,1,144.475
9271,6906742,24835583,8.4,1,146.334
9284,6906008,24838014,14.3,1,131.078
9286,6905997,24825821,36.8,1,128.433
9296,6905674,49673162,23.6,1,186.386
9297,6905637,26724404,4.3,1,82.6847
9304,6905520,24829833,1.2,1,113.621
9312,6905139,24825774,6.7,1,134.902
9314,6905027,24825710,36.2,1,125.436
9315,6904960,24825592,1.2,1,131.594
9324,6904640,24841131,47.4,1,111.16
9333,6904348,24830586,7.6,1,84.033
9342,6903741,24825606,1.3,1,103.722
9347,6903285,24826452,3.6,1,85.1403
9370,6901632,49680892,0.9,1,139.608
9374,6900731,49680468,0.3,1,129.926
9378,6900166,24836928,20.7,1,121.149
9381,6899954,24826820,40.4,1,88.8659
9387,6899614,49724846,31.8,1,188.194
9388,6899547,24835610,19.4,1,94.0259
9389,6899477,24836166,33.3,1,145.006
9395,6899180,24830914,18.0,1,135.999
9397,6899047,24828471,7.6,1,104.34
9399,6899008,24785018,15.5,1,102.891
9407,6898531,47201865,27.6,1,160.408
9417,6896850,49827482,32.3,1,124.108
9450,6893970,26657921,27.8,1,128.721
9458,6893084,24833208,32.2,1,89.6732
9467,6891709,26670826,6.2,1,109.225
9468,6891152,26663331,25.6,1,120.772
9481,6890049,26660416,30.9,1,150.316
9486,6889670,26662495,5.6,1,151.883
9500,6888094,26670771,10.6,1,147.308
9504,6887785,26663029,55.8,1,91.7033
9511,6887521,26666273,16.0,1,141.039
9515,6886854,26661391,0.2,1,105.418
9518,6886669,26662573,3.9,1,161.609
9524,6886209,26662568,0.2,1,131.32
9529,6885724,26662198,37.6,1,133.897
9532,6885653,49667955,4.8,1,149.442
9535,6885425,26671438,1.0,1,80.3565
9536,6885345,26666185,7.8,1,114.405
9541,6884995,26671149,25.8,1,97.9332
9544,6884915,26662420,0.7,1,199.231
9548,6884695,49731633,7.1,1,141.355
9577,6884181,47200856,9.2,1,157.623
9579,6884089,26660773,43.6,1,143.539
9582,6884050,26725616,16.8,1,167.361
9599,6883391,26661981,33.5,1,139.361
9609,6883151,26662904,2.0,1,90.6372
9619,6882801,26659322,7.7,1,133.79
9625,6882579,49667555,29.2,1,126.446
9650,6881403,26662614,15.0,1,173.479
9665,6880451,26666853,22.2,1,125.832
9678,6880050,26725955,2.1,1,166.982
9684,6879907,26666146,1.8,1,120.266
9688,6879525,26665980,14.3,1,130.516
9691,6879304,26666810,3.9,1,120.211
9696,6878992,26660640,1.5,1,109.023
9697,6878972,26666150,31.3,1,148.013
9702,6878798,24802428,4.5,1,145.078
9704,6878629,26671603,6.7,1,146.367
9712,6878238,26666174,3.6,1,137.573
9717,6877972,26670851,2.0,1,109.385
9718,6877852,26670765,0.5,1,109.71
9728,6876778,47195400,1.8,1,137.051
9749,6875112,49827039,23.5,1,146.676
9752,6874699,49827021,11.8,1,147.156
9770,6872689,24820913,0.3,1,129.762
9779,6871660,49649367,29.5,1,135.653
9789,6870860,24801187,1.1,1,120.82
9795,6870698,49665917,1.2,1,151.194
9805,6870063,49646386,0.6,1,154.77
9811,6869836,26671021,0.9,1,122.526
9812,6869806,49667934,1.8,1,125.168
9813,6869785,26659761,7.2,1,99.3926
9821,6869209,26670853,0.5,1,92.3176
9822,6869193,26663156,26.2,1,133.906
9829,6868780,26662002,21.3,1,118.549
9838,6867763,24800997,29.4,1,113.351
9840,6867648,26726309,1.0,1,108.862
9854,6866426,49667736,5.9,1,127.405
9858,6865843,26671196,0.7,1,110.648
9865,6865176,26671654,16.6,1,105.925
9868,6865075,26660676,32.4,1,144.033
9871,6864889,26663103,24.9,1,125.248
9875,6864747,49672335,0.3,1,132.093
9877,6864507,26663437,31.1,1,125.338
9892,6862911,26661390,0.2,1,92.0533
9901,6862493,26661826,32.4,1,110.477
9914,6861880,26662196,0.7,1,98.6139
9915,6861842,26666212,30.9,1,91.394
9929,6861279,49667778,44.5,1,152.658
9930,6861246,26661423,0.7,1,116.433
9933,6860840,26671648,2.9,1,138.914
9934,6860838,49646313,12.8,1,216.064
9935,6860830,49666931,1.9,1,152.296
9936,6860825,49666929,3.1,1,125.07
9937,6860820,49667742,0.9,1,143.966
9938,6860805,49646982,24.8,1,152.449
9939,6860792,49647220,0.2,1,161.598
9940,6860789,26663330,6.2,1,120.14
9941,6860704,26670825,10.3,1,117.14
9942,6860666,26663155,21.6,1,116.569
9943,6860289,26670821,1.4,1,116.966
9944,6860266,49647093,4.3,1,157.763
9945,6860263,49667997,0.2,1,91.9518
9946,6860238,26671669,2.6,1,141.559
9947,6860015,49647091,3.0,1,159.413
9948,6860013,49647420,1.3,1,157.88
9949,6859998,49647183,1.0,1,148.007
9950,6859900,26665482,25.7,1,130.058
9951,6859889,49667745,0.5,1,156.825
9952,6859377,49648664,31.3,1,163.904
9953,6859360,26665593,4.8,1,134.893
9954,6859343,26666611,39.7,1,133.653
9956,6859330,49666932,0.9,1,167.714
9957,6859328,26663436,7.3,1,135.137
9958,6859304,49647102,1.6,1,138.697
9960,6859255,49647213,1.0,1,148.075
9961,6859249,49647229,0.2,1,118.948
9966,6859205,49667915,28.7,1,104.533
9970,6859166,49647221,0.2,1,165.093
9971,6859165,49647135,2.6,1,181.688
9974,6859118,49645930,0.4,1,117.236
9975,6859112,49647394,1.1,1,159.227
9976,6859106,49646937,0.2,1,158.049
9977,6859105,49667998,2.9,1,140.647
9978,6859104,49647217,0.3,1,159.203
9980,6859066,26666756,1.3,1,119.384
9982,6858937,26660906,24.2,1,118.991
9983,6858875,49647218,0.8,1,163.527
9984,6858870,49648497,37.6,1,126.569
9985,6858815,26657750,25.9,1,125.005
9986,6858775,26671277,2.2,1,129.067
9988,6858723,47204786,0.2,1,135.881
9989,6858699,49667451,26.8,1,148.105
9993,6858632,49679320,2.4,1,163.014
10001,6858465,49642219,1.2,1,152.586
10004,6858399,49725092,1.4,1,163.021
10006,6858369,49644726,1.7,1,143.685
10007,6858366,49646315,1.9,1,155.678
10008,6858351,26661116,3.2,1,120.18
10010,6858328,49648883,0.2,1,157.077
10011,6858327,49647085,2.0,1,182.467
10012,6858318,26662340,12.2,1,150.065
10013,6858317,26662477,28.6,1,97.9446
10015,6852403,11533021,24.1,1,164.422
10018,6852399,11533000,21.8,1,152.892
10020,6852389,11532952,12.5,1,225.004
10021,6852374,11532860,50.0,1,149.554
10022,6852072,49680082,16.7,1,160.059
10024,6852042,24816640,38.1,1,133.956
10030,6708476,56463314,69.4,1,100.266
10053,6624109,24815687,18.1,1,158.646
10062,6623759,24812837,25.6,1,94.6359
10068,6623394,49649660,40.7,1,88.6225
10070,6623292,49649076,21.6,1,159.283
10099,6621436,24784963,40.7,1,104.13
10102,6621345,49670759,45.5,1,132.699
10137,6619217,49715696,0.6,1,180.013
10139,6619138,49715761,32.6,1,102.547
10158,6602834,4249294,42.3,1,137.72
10166,6546218,26666996,45.1,1,119.659
10169,6537573,24823600,49.8,1,160.693
10175,6532884,49667044,25.7,1,162.199
10182,6528820,24823235,47.4,1,124.873
10185,6518520,26725849,1.0,1,77.0229
10194,6506779,11532951,61.0,1,115.678
10195,6506654,26669589,2.8,1,124.772
10196,6506573,24810910,35.8,1,95.4685
10200,6504181,47204735,42.8,1,151.717
10214,6502430,49729094,14.6,1,93.4122
10229,6500990,49678582,5.0,1,142.574
10234,6500437,49727812,19.3,1,142.103
10263,6499037,49729396,46.6,1,77.215
10269,6498967,49728984,49.4,1,98.9175
10270,6498937,49729393,36.0,1,142.003
10271,6498925,49642612,53.3,1,153.173
10371,6497506,49727980,40.2,1,142.016
10383,6497396,49725229,47.2,1,123.11
10385,6497393,49725224,45.9,1,137.426
10386,6497389,49725226,40.0,1,162.058
10395,6496964,49678974,1.0,1,92.205
10396,6496962,49679037,3.8,1,162.197
10421,6494193,47203564,19.5,1,168.23
10426,6494133,49730108,47.3,1,118.822
10451,6493287,49727919,1.3,1,130.722
10453,6493283,49732898,3.4,1,152.567
10454,6493278,49732901,43.7,1,147.874
10464,6493257,49733594,29.2,1,162.884
10472,6492819,49726803,23.3,1,151.301
10473,6492817,49726406,25.8,1,159.712
10474,6492816,49681115,27.3,1,131.831
10535,6490609,47203699,14.7,1,152.09
10545,6489634,49729075,21.0,1,135.499
10567,6488993,49681114,1.8,1,79.4758
10568,6488988,49734653,1.0,1,153.078
10569,6488982,49725426,7.4,1,151.197
10586,6488188,49644929,29.2,1,154.601
10599,6487686,49729853,5.4,1,169.392
10601,6487614,49643702,35.9,1,155.774
10616,6486916,24785223,49.9,1,143.399
10620,6486680,47203521,29.7,1,135.768
10654,6485810,49727929,33.5,1,151.128
10659,6485423,24820410,24.2,1,97.5223
10663,6485397,24821165,27.3,1,142.181
10671,6485369,24822398,34.4,1,100.084
10680,6484630,24808646,28.1,1,113.616
10692,6484054,24806516,27.7,1,108.07
10700,6483849,24808561,35.9,1,143.036
10703,6474087,49648752,38.5,1,147.041
10732,6472686,49718394,45.7,1,172.308
10752,6472025,49729510,42.2,1,161.11
10755,6471824,49729513,50.9,1,100.499
10815,6470491,47200054,46.6,1,140.227
10829,6470252,47199642,44.0,1,118.929
10854,6469899,47200035,3.3,1,99.2322
10862,6469722,47199432,3.6,1,140.065
10863,6469705,47199750,48.5,1,125.622
10874,6469418,24797289,44.4,1,84.4139
10894,6468972,49825756,44.0,1,137.593
10895,6468925,47198750,53.1,1,140.743
10912,6468644,49816730,42.0,1,119.516
10966,6467563,47198313,40.3,1,144.77
11002,6466593,49826541,27.4,1,162.86
11068,6465307,47199091,48.2,1,138.535
11089,6464895,49821670,42.5,1,142.906
11100,6464693,47199633,15.3,1,168.182
11120,6464408,49826414,44.8,1,107.557
11142,6464045,47203516,33.9,1,182.395
11154,6463672,49727977,48.1,1,109.773
11160,6463560,47199628,1.5,1,144.31
11163,6463482,49728696,46.5,1,135.192
11228,6461752,49679122,18.0,1,81.4393
11235,6461514,49724698,43.7,1,98.6998
11245,6461092,47199759,47.6,1,113.731
11259,6460661,49729432,25.9,1,135.524
11264,6460553,47199585,47.5,1,153.29
11309,6459213,47201985,28.5,1,133.983
11319,6459118,49678820,20.7,1,172.486
11325,6458800,49724573,37.2,1,129.193
11358,6457998,49679121,20.8,1,99.5942
11369,6457568,47203235,26.4,1,142.274
11391,6456870,49727958,44.6,1,91.0894
11403,6456344,47201479,53.2,1,115.471
11421,6414487,24810431,13.4,1,96.4193
11422,6414465,24810211,22.2,1,107.719
11431,6411122,49732956,31.1,1,112.037
11434,6411115,49732981,29.5,1,157.654
11438,6409933,26729269,0.2,1,71.0033
11442,6409921,26728293,22.6,1,99.2666
11443,6409881,26731668,17.0,1,136.448
11448,6408839,49675249,48.4,1,94.1888
11453,6407080,26666903,46.0,1,107.18
11464,6401723,26725993,17.6,1,127.59
11485,6401048,24781900,43.1,1,124.547
11493,6392166,26724234,3.2,1,125.106
11504,6383479,49677764,40.9,1,97.8062
11509,6377750,47201126,10.1,1,167.373
11517,6373654,26726643,46.7,1,87.4787
11519,6372114,24825042,24.4,1,148.633
11521,6371077,24826232,16.0,1,145.992
11523,6370803,26731622,42.4,1,130.937
11531,6366746,49674371,40.4,1,104.406
11551,6314190,49649211,50.8,1,143.014
11555,6306482,24831467,18.1,1,148.35
11566,6295909,24840740,42.2,1,131.52
11571,6295152,49671094,47.5,1,133.586
11575,6292584,24822083,1.4,1,98.7748
11581,6289442,49827016,21.4,1,140.421
11589,6273921,26666163,20.2,1,105.575
11591,6271044,49669943,41.4,1,152.232
11602,6255227,47200930,48.9,1,150.626
11609,6244004,49822013,2.0,1,156.221
11612,6237613,49665014,24.8,1,137.393
11618,6223967,26657797,39.3,1,114.511
11630,6215544,49676318,9.5,1,92.8264
11633,6215397,49677179,10.1,1,133.886
11635,6213986,24786380,2.2,1,127.549
11636,6213405,49673136,1.4,1,115.89
11679,6147822,49643757,20.4,1,169.922
11694,6116726,24807852,52.9,1,115.127
11702,6111717,22411479,1.0,1,161.505
11721,6087851,24829478,48.5,1,146.752
11727,6079531,24836189,12.3,1,126.702
11765,6049421,26669501,44.7,1,115.503
11781,6031301,49669944,43.5,1,139.099
11784,6025484,49670164,23.6,1,145.924
11787,6022673,24828584,9.1,1,133.331
11790,6020755,24825744,42.9,1,122.796
11792,6016253,49669412,26.2,1,97.4595
11802,6005666,24835233,4.5,1,156.386
11803,6005618,49680907,9.8,1,154.459
11811,5998911,49670013,32.9,1,182.713
11822,5979198,24836555,9.1,1,110.043
11835,5967432,24825313,35.2,1,141.125
11837,5964889,24816378,4.9,1,156.791
11843,5953874,24823007,17.9,1,159.468
11847,5945234,49674418,28.7,1,104.287
11854,5939824,24820064,24.2,1,130.562
11871,5934774,26663001,46.2,1,119.707
11877,5933304,26727731,3.8,1,114.877
11879,5932401,47198866,2.4,1,113.138
11884,5930567,26727663,2.1,1,131.579
11887,5930260,26663083,32.1,1,87.0711
11904,5926274,26662934,47.1,1,123.448
11905,5926233,26660462,36.5,1,121.7
11914,5922300,26662912,2.6,1,77.4136
11923,5920337,49671429,2.4,1,136.653
11927,5919709,24812758,39.9,1,107.762
11931,5919012,24808205,10.0,1,153.53
11932,5918787,26662812,36.0,1,123.536
11940,5916340,26726597,2.6,1,104.788
11943,5915551,49665814,23.8,1,148.254
11947,5914340,26725750,57.4,1,174.322
11974,5904845,26662012,0.2,1,122.423
11993,5899216,26728519,37.6,1,131.264
11994,5899215,26728007,38.8,1,125.328
11996,5898784,26660752,18.2,1,111.359
12015,5887564,49669342,42.7,1,188.275
12022,5879880,24812126,13.4,1,122.853
12024,5878033,24782844,1.6,1,186.461
12025,5877648,24828784,41.5,1,138.156
12032,5873109,26660539,34.5,1,110.484
12039,5865130,26663368,52.1,1,102.073
12047,5855786,17503836,33.1,1,219.561
12049,5854931,26662045,0.2,1,155.462
12054,5852660,26663463,1.3,1,152.156
12056,5851320,49671391,1.8,1,172.799
12066,5844273,26727357,11.6,1,90.609
12073,5837855,49679153,7.8,1,154.837
12108,5805572,49823600,13.7,1,168.712
12110,5804056,26664068,5.9,1,102.648
12114,5802924,17510862,20.4,1,202.963
12117,5794941,49825528,66.7,1,152.005
12129,5777448,22403918,3.5,1,219.774
12134,5771217,49642366,44.8,1,126.393
12158,5766424,49645175,28.1,1,159.79
12162,5765716,49642299,46.5,1,158.747
12167,5765239,49726987,50.8,1,136.221
12169,5765236,49727342,51.1,1,159.09
12170,5765235,49730367,41.6,1,179.593
12174,5765225,49726224,53.2,1,152.565
12201,5758422,49646744,34.8,1,134.655
12202,5758421,49645357,24.9,1,92.4546
12222,5750547,24786862,35.6,1,174.158
12224,5749406,49725636,50.8,1,145.503
12236,5741582,47198743,46.8,1,163.632
12247,5738268,24808740,15.4,1,160.186
12257,5736368,26665668,44.1,1,84.1288
12267,5734058,49669238,44.3,1,166.108
12291,5728275,49667976,50.9,1,138.831
12298,5727635,24792272,1.3,1,88.5396
12302,5727534,24792221,0.2,1,101.655
12304,5727520,47201316,0.8,1,132.43
12331,5723885,24834165,43.0,1,148.529
12343,5721756,47197918,41.7,1,164.519
12344,5721711,47198304,3.5,1,138.79
12345,5721691,47198514,20.5,1,193.156
12354,5720057,26671226,2.9,1,126.45
12360,5719535,24808184,39.9,1,107.413
12368,5716883,26731528,58.0,1,118.33
12380,5715093,26728201,18.0,1,152.522
12387,5714550,26728146,54.4,1,116.264
12390,5714498,26728443,47.6,1,83.2019
12391,5714323,26729543,31.3,1,101.65
12393,5714039,49671378,0.3,1,97.1948
12405,5713776,26727448,41.1,1,139.438
12406,5713752,49671867,12.8,1,149.039
12407,5713747,26731146,27.1,1,94.3056
12444,5703613,49671222,47.9,1,102.103
12457,5702484,26726405,34.3,1,102.96
12471,5689963,17385711,68.8,1,113.918
12473,5678845,49680830,4.8,1,128.024
12477,5668656,24831896,2.0,1,185.799
12481,5663704,16952810,6.4,1,136.882
12482,5662106,24808575,0.2,1,192.269
12483,5654285,14721138,7.9,1,138.813
12485,5650290,22403105,47.9,1,143.863
12493,5601537,49647609,47.7,1,120.434
12496,5591715,26660271,31.1,1,121.838
12498,5568081,24811139,8.0,1,100.81
12509,5525382,24825253,0.3,1,137.883
12525,5522952,24784499,0.7,1,92.6124
12532,5473672,24811268,29.4,1,118.681
12538,5464092,11532915,54.6,1,126.172
12544,5454863,49824498,0.4,1,123.944
12550,5437799,49727301,52.9,1,150.068
12569,5424428,26671263,20.3,1,85.5116
12572,5424189,26659571,47.0,1,93.0292
12577,5423405,49666811,0.6,1,202.284
12586,5419018,17513336,2.8,1,117.264
12596,5414770,26671511,46.6,1,121.456
12627,5408044,14739135,31.3,1,120.394
12628,5407929,47204763,36.9,1,133.532
12629,5407706,49823656,5.8,1,172.945
12630,5406586,24797657,5.3,1,93.2251
12634,5405138,26661170,46.1,1,129.707
12644,5402872,49668845,36.0,1,112.866
12645,5402580,24807824,1.1,1,113.67
12650,5400948,26659843,4.1,1,134.059
12654,5399899,24811004,31.1,1,107.205
12657,5399511,24809786,9.6,1,114.975
12660,5399172,26659462,47.3,1,153.374
12672,5397104,26663577,0.4,1,129.184
12677,5396556,17415088,49.7,1,119.54
12678,5396293,49665355,16.2,1,111.737
12685,5394887,49646778,36.9,1,141.536
12689,5392989,24820722,0.1,1,113.829
12694,5391904,14744995,7.5,1,150.495
12702,5389291,859801,22.8,1,129.659
12705,5386665,24817766,25.1,1,121.808
12707,5386459,49643244,11.2,1,106.266
12708,5385994,24832952,24.4,1,123.063
12710,5378449,24822792,31.8,1,117.469
12730,5368602,47204036,39.6,1,200.665
12731,5367144,26660531,20.9,1,137.303
12734,5363971,49668744,41.3,1,146.131
12742,5351082,26661298,4.3,1,116.998
12770,5348412,49646934,1.7,1,143.889
12776,5348148,47201634,35.0,1,147.153
12778,5348038,47198079,47.7,1,168.618
12779,5348015,47201806,45.6,1,128.737
12787,5346752,26658499,2.7,1,94.1538
12788,5346517,26658570,5.2,1,172.12
12789,5346493,24790521,4.5,1,180.862
12792,5346375,24790565,39.4,1,102.295
12799,5345605,49679870,9.1,1,176.675
12802,5345146,24780782,12.8,1,118.753
12805,5344887,24792177,35.5,1,102.695
12812,5344776,47198042,3.2,1,105.356
12814,5344455,47198020,34.8,1,156.345
12819,5344213,24805025,0.7,1,124.662
12820,5344059,49726740,50.8,1,116.028
12825,5343613,26725860,48.2,1,153.152
12828,5343521,26662566,14.3,1,177.81
12833,5343152,49827163,1.3,1,162.537
12834,5343150,49645334,3.2,1,125.437
12844,5342978,26666478,2.4,1,159.668
12845,5342960,49645100,29.8,1,130.925
12846,5342900,49644284,0.5,1,162.013
12847,5342883,47201596,8.9,1,199.727
12848,5342833,26670800,14.0,1,145.837
12849,5342813,26666510,2.8,1,89.7585
12851,5342643,49733672,36.7,1,171.972
12885,5339790,17416164,42.7,1,72.3405
12902,5338880,26659222,30.9,1,134.727
12912,5338400,24803674,7.0,1,133.093
12913,5338349,24786818,26.0,1,141.359
12914,5338228,17506061,41.4,1,74.3783
12922,5337698,24816626,9.6,1,98.4468
12923,5337694,49827435,25.0,1,141.554
12929,5336824,47202699,51.5,1,105.28
12934,5336363,49825830,32.0,1,75.039
12936,5336233,24805062,26.9,1,105.298
12939,5336159,49667597,31.8,1,159.375
12946,5335657,49679408,2.9,1,133.022
12955,5334957,49724011,2.2,1,147.554
13005,5331827,24808854,31.2,1,140.098
13023,5309212,7968087,43.3,1,159.474
13031,5303784,49668781,33.7,1,105.549
13041,5303058,47200257,31.4,1,162.828
13051,5301279,49679662,0.2,1,118.718
13053,5301172,49717606,45.8,1,127.147
13062,5300057,49679605,35.1,1,149.943
13083,5298288,49726796,3.4,1,124.669
13163,5293677,26666732,22.1,1,99.0864
13193,5243424,24809862,29.8,1,92.2453
13203,5237831,47202172,42.3,1,110.121
13216,5234951,24829615,45.8,1,114.346
13242,5218417,24829652,26.0,1,121.079
13247,5216133,24826591,12.7,1,178.297
13279,5203808,24827419,15.8,1,93.0949
13281,5202474,49823620,40.6,1,152.739
13291,5200023,26657667,27.5,1,122.969
13300,5195682,24831644,45.7,1,102.863
13324,5187768,26662694,47.4,1,112.22
13332,5185807,24824622,30.6,1,104.588
13340,5183666,24828411,30.9,1,98.3243
13342,5183345,24816621,40.9,1,144.995
13368,5177596,26657588,3.5,1,136.617
13398,5165902,24822348,20.6,1,164.47
13421,5157219,49676899,36.0,1,135.527
13429,5155468,24812092,47.7,1,95.7929
13450,5150646,26665495,28.0,1,95.182
13456,5149831,26661580,29.4,1,98.208
13457,5149428,49646807,17.9,1,129.606
13501,5132152,24829656,48.2,1,85.4329
13536,5115810,24820136,5.4,1,75.6062
13545,5112429,26731678,46.2,1,106.243
13546,5112352,26659339,16.1,1,152.333
13548,5111058,24814229,51.1,1,95.526
13562,5105556,14742534,38.2,1,153.239
13570,5102479,24836552,51.8,1,156.705
13584,5096351,26660317,35.4,1,163.59
13598,5087076,24816559,1.1,1,119.57
13602,5086686,24820808,46.3,1,88.3071
13605,5085666,24791053,49.4,1,89.91
13606,5085610,49674162,11.8,1,144.225
13636,5076145,47203241,18.2,1,175.869
13639,5072004,49669485,26.4,1,192.599
13640,5071689,49671021,44.0,1,98.7609
13653,5069994,24782461,30.1,1,135.736
13661,5067097,24816150,54.8,1,142.315
13738,5044301,49826531,44.3,1,165.63
13749,5042649,49674630,35.1,1,129.637
13766,5032828,47195795,43.3,1,153.248
13783,5022150,24822719,1.8,1,130.665
13806,5015978,24832776,31.1,1,128.677
13832,5002105,24810145,38.1,1,116.826
13845,4995910,24826277,40.6,1,111.036
13847,4994563,24826362,38.3,1,102.541
13848,4994562,24825212,40.9,1,136.228
13849,4994561,24825211,14.4,1,158.218
13853,4992862,24826355,24.4,1,91.9139
13885,4984233,24810930,16.3,1,94.5934
13896,4976766,24808639,51.3,1,152.281
13899,4976455,49648338,17.8,1,182.688
13903,4975679,49820724,0.9,1,100.705
13924,4972923,49648125,5.6,1,125.675
13928,4972246,49667787,38.8,1,161.749
13929,4972021,49666996,1.6,1,96.3618
13933,4971891,49648168,34.1,1,164.81
13934,4971710,49667314,0.5,1,151.858
13949,4969955,49647787,36.4,1,123.51
13961,4968512,24827667,31.2,1,135.072
13964,4967371,24835133,40.5,1,113.937
13965,4966754,24841209,36.4,1,143.84
13976,4963862,49677271,16.3,1,111.025
13982,4963523,49675685,3.6,1,212.763
13986,4963437,49672757,42.3,1,154.499
13999,4962642,49673739,37.5,1,128.626
14003,4962514,49677338,33.5,1,154.31
14010,4962418,49677426,32.7,1,117.57
14013,4962335,49675527,47.9,1,173.407
14020,4962104,24828646,1.4,1,118.998
14021,4962103,24828776,6.0,1,106.139
14022,4962102,24828774,11.2,1,158.963
14026,4962085,24831550,27.7,1,109.813
14029,4962058,57268503,21.9,1,112.046
14030,4962047,49672565,7.8,1,134.106
14041,4961793,24835191,18.5,1,126.717
14042,4961781,24835537,32.7,1,109.559
14043,4961771,24832123,28.5,1,122.345
14048,4961656,24832281,5.7,1,92.1904
14049,4961646,49674413,39.3,1,122.042
14050,4961610,24832986,0.6,1,98.351
14084,4918593,24782487,47.6,1,194.224
14085,4918562,24808651,46.7,1,148.131
14104,4916632,24783625,47.6,1,196.733
14106,4916601,49737405,48.7,1,167.516
14168,4908980,49648863,20.2,1,109.654
14196,4905097,49648105,47.5,1,172.138
14204,4904094,49648336,5.1,1,105.343
14208,4903173,49667412,50.6,1,151.932
14209,4903137,49648476,12.2,1,101.042
14250,4896989,49648602,50.6,1,108.121
14251,4896840,26671583,20.1,1,122.979
14254,4895764,26671287,31.7,1,141.66
14262,4894827,49667775,11.8,1,113.197
14263,4894358,49647999,45.4,1,126.284
14270,4891899,26665862,33.7,1,127.628
14297,4887421,49665060,29.8,1,128.83
14298,4887374,24821769,35.2,1,73.6366
14310,4885704,26662893,53.0,1,161.576
14333,4884632,24825823,0.2,1,78.7613
14349,4884014,49672577,40.9,1,85.9357
14402,4882807,24832994,36.8,1,122.038
14407,4882693,49676509,44.8,1,133.49
14415,4882475,24827653,39.7,1,113.868
14419,4882368,49672044,27.6,1,109.655
14428,4881897,49671617,38.6,1,130.878
14457,4880624,49673500,25.8,1,139.483
14467,4880417,26657948,4.4,1,128.491
14469,4880380,26657947,41.4,1,88.3684
14480,4880083,49680518,52.6,1,173.975
14489,4879889,24831170,37.8,1,115.107
14494,4879803,24831133,6.7,1,73.8845
14495,4879707,24831407,32.6,1,87.9758
14516,4879291,26657834,52.5,1,123.262
14522,4879084,24836403,50.5,1,88.5614
14543,4878361,49674977,25.5,1,160.544
14557,4877804,24832677,20.1,1,159.941
14561,4877770,24832540,34.2,1,96.1012
14609,4875555,24831289,44.9,1,105.32
14625,4874235,49649497,37.2,1,133.678
14680,4852309,49680845,0.8,1,124.194
14682,4851674,49680756,29.3,1,124.822
14683,4851588,49680808,8.0,1,148.918
14684,4851026,49672714,2.9,1,154.672
14704,4842920,57257009,46.9,1,196.303
14722,4839918,24826421,1.1,1,85.6502
14733,4836021,24825203,52.5,1,91.3388
14739,4833334,24831338,48.2,1,134.074
14743,4830989,24825729,37.6,1,143.147
14746,4829949,24826410,46.6,1,88.7736
14748,4829397,24828679,2.2,1,136.682
14763,4827389,49677356,37.8,1,81.9565
14768,4827271,57267690,50.5,1,82.7753
14775,4826888,49675713,22.4,1,215.615
14787,4826079,49677057,5.7,1,144.282
14800,4825618,49676800,25.4,1,105.474
14832,4808153,49676211,6.3,1,85.3426
14869,4799617,49674406,48.1,1,179.318
14872,4799556,49673636,50.2,1,177.804
14883,4799115,49680840,2.4,1,147.229
14905,4796602,49676908,45.5,1,75.0469
14907,4796551,49674037,39.1,1,153.977
14926,4795510,49675715,45.0,1,165.683
14933,4794706,49671640,17.6,1,146.475
14939,4794330,49680334,5.2,1,106.596
14950,4793944,49677277,0.4,1,122.244
14956,4793492,49677336,15.5,1,143.373
14981,4791502,49677270,6.6,1,208.784
14986,4791029,49718473,43.1,1,172.117
14991,4790851,49675415,41.7,1,163.368
15004,4789558,49674895,45.3,1,93.4793
15023,4787851,49821832,50.0,1,169.18
15048,4785222,57259388,5.4,1,107.121
15059,4784514,49675401,45.0,1,160.271
15098,4782331,57256303,47.9,1,81.7549
15145,4779876,24831363,7.1,1,129.698
15150,4777842,49643250,25.9,1,104.452
15162,4773837,49649513,52.9,1,154.533
15165,4770316,49731991,38.2,1,129.151
15185,4746758,49648368,42.3,1,130.623
15199,4727256,47203619,24.9,1,106.242
15212,4725596,49640726,19.4,1,106.735
15230,4688899,49679690,38.4,1,125.22
15238,4685800,24810429,41.3,1,136.635
15243,4683230,49679763,1.2,1,128.772
15245,4681922,26660577,43.5,1,169.066
15249,4681631,24810212,14.6,1,117.939
15265,4677543,24826590,35.0,1,144.464
15296,4663058,49646228,39.4,1,113.159
15300,4662022,26671293,15.7,1,124.624
15304,4661929,24827280,32.1,1,153.644
15307,4661102,26658136,48.7,1,140.845
15314,4657144,49675723,47.3,1,148.159
15322,4652205,49669649,17.2,1,181.564
15333,4648501,24816591,46.7,1,116.007
15379,4617176,49667617,46.3,1,173.522
15385,4616056,24822705,22.4,1,117.365
15390,4613858,24823775,29.2,1,108.409
15397,4611525,24826663,30.0,1,147.803
15420,4604093,24811430,51.2,1,133.336
15424,4602650,24811519,44.1,1,141.426
15443,4597757,47200671,4.9,1,178.342
15456,4593836,24818473,44.9,1,132.396
15470,4589235,26660477,32.0,1,134.029
15502,4578247,24823715,51.5,1,133.523
15508,4574984,49674215,2.7,1,155.796
15510,4573708,49675060,49.4,1,120.001
15514,4572530,49670235,0.2,1,139.976
15520,4571574,24816198,52.4,1,131.245
15564,4559736,49674369,1.4,1,128.725
15565,4559470,24781811,53.0,1,91.6698
15573,4556994,24826723,1.0,1,115.844
15576,4555938,49666008,1.4,1,133.892
15581,4554856,26727181,29.5,1,107.771
15586,4552417,49680920,50.8,1,141.024
15596,4549492,24816788,23.5,1,137.908
15597,4549486,24816785,15.8,1,167.302
15626,4536914,24816539,30.6,1,125.917
15628,4536543,24836683,6.7,1,106.614
15636,4534698,49673933,1.8,1,170.363
15647,4529187,49669862,0.3,1,155.064
15660,4524982,24835676,39.9,1,127.825
15662,4524859,24779576,42.1,1,77.4208
15677,4521307,49667729,42.9,1,129.371
15679,4521024,24820235,12.1,1,105.987
15698,4494608,56314885,7.3,1,156.264
15700,4483705,26726117,23.2,1,118.764
15708,4464934,49716398,41.0,1,170.803
15711,4463708,49677317,10.5,1,129.957
15723,4458964,24812167,42.6,1,108.433
15733,4454203,57266387,0.6,1,138.115
15739,4452139,24832201,19.4,1,121.038
15755,4445693,49668737,0.9,1,121.083
15764,4441413,49666100,40.1,1,141.326
15768,4439635,24812283,1.4,1,176.143
15769,4439411,49672776,48.9,1,133.049
15791,4432459,49680824,0.4,1,126.354
15804,4428875,49668465,0.2,1,135.58
15834,4417481,24796657,48.6,1,133.659
15849,4412491,49668454,4.6,1,101.875
15853,4410945,49669750,0.3,1,77.5497
15854,4410730,49673117,46.0,1,154.276
15860,4407879,24782923,37.6,1,75.3623
15863,4404982,24834576,8.9,1,144.538
15866,4403355,14745739,28.0,1,112.203
15867,4403215,26657487,44.1,1,102.684
15872,4401768,26670741,30.0,1,109.428
15873,4401326,24816364,36.2,1,106.749
15885,4396771,26663453,54.2,1,84.9906
15893,4393712,24834811,2.8,1,116.724
15894,4392744,24836496,50.9,1,139.625
15922,4379471,24831821,31.8,1,135.988
15923,4378120,24810673,8.2,1,111.99
15935,4374275,49678354,19.5,1,161.804
15940,4373621,24810479,50.6,1,113.417
15948,4371773,47198648,27.4,1,115.259
15960,4365941,26663385,30.5,1,133.691
15967,4363980,50085839,35.0,1,139.395
15968,4363012,51087804,39.1,1,182.556
15984,4358473,26658910,52.8,1,124.229
15988,4356619,49646992,49.1,1,166.826
16022,4345662,24822685,4.3,1,128.465
16056,4329757,49666752,1.7,1,123.431
16057,4328626,24839921,24.3,1,131.764
16069,4324586,24782889,35.8,1,122.247
16077,4322809,49646644,0.3,1,178.077
16080,4322160,49667558,16.2,1,170.301
16090,4319882,49673850,44.8,1,149.543
16101,4317267,26658222,39.5,1,117.203
16125,4311510,24811815,3.6,1,134.918
16143,4304882,49678861,37.1,1,159.693
16146,4304234,49666450,24.7,1,131.263
16183,4289213,49679830,51.2,1,165.208
16192,4283361,24814105,42.2,1,82.6068
16201,4280124,49679567,12.2,1,152.302
16278,4253052,49667691,21.9,1,198.06
16314,4237829,26661726,39.3,1,135.617
16319,4235445,24841201,25.8,1,125.73
16329,4232716,24823736,9.0,1,88.1036
16378,4217247,49679758,49.1,1,166.326
16414,4202652,26663720,9.2,1,94.3915
16416,4202176,24814521,14.6,1,156.674
16422,4199128,24816227,47.9,1,131.638
16426,4197619,24816746,1.5,1,83.5361
16431,4195720,22401086,0.6,1,145.949
16434,4194972,24836340,39.2,1,143.011
16470,4178198,49677877,26.0,1,141.702
16472,4177514,24810715,43.6,1,139.778
16488,4172677,24838079,2.5,1,153.811
16490,4172489,24786404,53.8,1,143.314
16492,4171246,24825540,3.1,1,200.544
16509,4162905,24782437,38.5,1,145.259
16510,4162844,49677779,40.3,1,138.473
16528,4153146,49673157,0.8,1,184.929
16530,4152252,24816868,32.3,1,140.814
16538,4150830,24823673,10.8,1,91.7896
16582,4133879,24840440,41.3,1,133.673
16600,4127597,24787949,25.3,1,130.28
16605,4124134,24816231,45.8,1,138.134
16611,4122157,49679329,47.6,1,147.889
16627,4114328,24816526,6.3,1,114.34
16630,4113163,7971314,30.7,1,116.343
16643,4108775,24810932,40.0,1,105.562
16662,4104337,49675027,41.3,1,121.476
16681,4096357,24816743,15.2,1,115.58
16684,4093954,49668477,1.2,1,153.712
16711,4084352,24810947,38.0,1,121.447
16714,4083983,49670910,13.2,1,149.666
16722,4080547,24812424,0.9,1,95.1407
16737,4078162,24811104,23.9,1,134.779
16740,4077096,24789277,49.9,1,152.096
16759,4068157,24816841,27.9,1,94.3473
16773,4064758,26670313,47.7,1,123.487
16775,4064683,24814227,51.9,1,100.572
16809,4055330,49725115,52.8,1,163.19
16818,4051948,49827110,59.7,1,155.437
16819,4051803,49824277,24.1,1,159.617
16826,4050558,24816108,52.8,1,98.7064
16827,4050346,24826570,26.1,1,90.7039
16845,4046915,24822819,13.7,1,125.003
16853,4043107,24826499,5.2,1,184.915
16854,4042848,26663149,0.4,1,98.5878
16863,4039996,24832815,25.0,1,122.884
16871,4035953,49828438,49.0,1,180.28
16880,4034819,47201918,7.5,1,128.366
16896,4027872,57267935,47.3,1,143.885
16899,4027576,24830572,24.2,1,132.276
16902,4026242,22401614,52.6,1,121.096
16907,4025289,49676394,0.3,1,100.921
16918,4020783,24823698,48.7,1,122.638
16931,4013085,24811341,0.3,1,86.7577
16945,4009084,56315294,44.9,1,139.704
16957,4000608,49716129,20.9,1,116.241
16960,3998882,49680333,6.1,1,142.203
16964,3996087,26725777,3.2,1,156.967
16966,3995658,26663585,4.5,1,90.907
16985,3984289,49822010,51.8,1,151.321
16996,3976167,26663259,0.8,1,114.202
16998,3975072,24834263,47.9,1,113.891
16999,3973861,49670374,8.7,1,179.11
17000,3973396,47202151,41.9,1,149.26
17009,3970790,49675268,49.4,1,102.546
17037,3956211,24834613,5.1,1,136.037
17038,3955702,47200663,20.6,1,189.532
17048,3949226,49647262,41.1,1,157.409
17066,3940993,26725720,46.6,1,141.297
17087,3932902,26663104,0.3,1,99.0637
17088,3932482,49677926,49.0,1,158.446
17098,3927601,24826780,16.3,1,111.827
17101,3926171,47201136,48.8,1,157.529
17112,3921109,49672041,45.5,1,90.771
17119,3918587,26667059,2.6,1,87.8449
17124,3914317,24834550,9.3,1,131.095
17137,3907064,49680571,6.4,1,180.576
17144,3904873,49680677,8.9,1,173.243
17148,3903218,47200382,7.2,1,114.299
17166,3890760,24829719,22.5,1,119.851
17175,3887429,49675156,16.6,1,176.421
17194,3875844,24836063,55.2,1,139.258
17200,3870203,56463318,30.0,1,132.358
17211,3864051,24836076,44.2,1,128.07
17212,3863985,24836247,24.0,1,114.862
17213,3863654,24840301,2.0,1,130.847
17216,3862719,57259635,45.0,1,164.238
17222,3853692,49675063,16.6,1,181.036
17224,3852812,24831819,30.2,1,234.488
17228,3851493,24836336,41.8,1,176.937
17230,3851039,26670464,7.1,1,129.463
17236,3849761,24780926,16.9,1,179.33
17240,3849132,24819690,41.5,1,107.668
17241,3848953,24836080,38.1,1,134.365
17295,3840446,26731389,57.3,1,174.608
17327,3833874,24832642,32.6,1,151.25
17330,3833140,24830146,33.2,1,109.35
17331,3832832,26671646,45.5,1,105.96
17337,3831781,26666333,5.3,1,106.855
17343,3830863,49818922,34.8,1,220.419
17386,3824948,24817585,14.5,1,101.331
17396,3822763,49824752,2.7,1,159.319
17426,3818657,24824466,17.6,1,152.273
17430,3817787,47198545,22.0,1,191.969
17444,3815079,47201391,13.1,1,125.384
17466,3811925,49666260,7.1,1,77.4017
17485,3809315,24818982,16.0,1,127.665
17512,3803848,47203798,21.7,1,103.187
17513,3803832,26665414,11.2,1,134.867
17516,3803233,24821638,27.6,1,127.104
17526,3801756,24830195,20.7,1,117.458
17533,3800031,26725677,3.8,1,119.779
17546,3797035,26671577,9.8,1,93.7108
17565,3793733,26665480,46.8,1,147.24
17566,3793088,49817318,46.2,1,145.133
17568,3792871,26728497,39.7,1,127.629
17601,3786263,26667281,2.6,1,81.1293
17629,3780247,24824407,29.5,1,146.073
17633,3779856,26669540,6.0,1,136.638
17667,3774250,26662634,46.9,1,134.914
17668,3774232,26664241,42.2,1,150.526
17670,3774068,24826418,24.7,1,149.548
17681,3772598,49673388,24.3,1,152.692
17683,3772452,24837293,32.9,1,122.243
17685,3771607,24828640,33.3,1,136.345
17689,3770655,24833345,38.3,1,126.954
17693,3769533,26665936,4.4,1,108.967
17701,3768842,26667267,33.4,1,114.295
17702,3768777,26663260,41.5,1,116.18
17719,3764835,47203053,19.7,1,167.733
17720,3763920,26726290,51.2,1,149.637
17736,3761651,49666014,12.8,1,115.26
17739,3761339,24827249,2.1,1,128.642
17750,3759638,26728805,20.6,1,128.234
17751,3759401,24821800,30.3,1,136.58
17757,3758954,49675075,48.5,1,147.772
17763,3758700,26725772,36.8,1,112.34
17770,3756227,49666743,0.3,1,110.221
17780,3754545,26666417,38.4,1,96.6379
17793,3752897,47201878,29.2,1,144.985
17808,3749930,26669293,7.9,1,117.72
17810,3749587,49667751,23.9,1,149.996
17812,3749366,26657577,37.8,1,124.788
17822,3747856,26725808,48.9,1,137.432
17828,3746857,26725646,45.4,1,143.649
17831,3746307,24841373,42.1,1,121.144
17843,3743865,17505808,45.3,1,144.397
17854,3742197,24810607,7.5,1,100.491
17875,3738653,26664245,34.3,1,123.942
17878,3738115,49646359,35.0,1,128.463
17891,3734626,26658552,52.6,1,148.763
17913,3732217,26666727,0.3,1,97.8504
17952,3725664,26725722,56.2,1,135.777
17992,3716818,49647298,58.6,1,144.494
17996,3716622,47198192,24.5,1,153.028
18011,3713419,24827055,31.2,1,121.788
18018,3712205,26666641,17.9,1,98.6553
18040,3708238,24834352,32.9,1,128.562
18045,3707540,26661049,39.4,1,86.7346
18106,3695977,24817719,47.1,1,157.52
18135,3688004,24790853,2.7,1,173.244
18145,3684136,49825634,45.0,1,174.642
18150,3681998,24833481,42.2,1,110.541
18166,3677354,26659954,5.6,1,100.478
18167,3677278,24833912,37.4,1,91.1447
18181,3673394,26657428,0.4,1,110.906
18183,3672307,47199114,43.0,1,122.114
18212,3661998,26671358,37.1,1,133.21
18216,3660272,26660785,10.0,1,124.067
18235,3655447,24821843,12.6,1,107.885
18254,3650338,47202100,3.1,1,116.219
18256,3649400,24830663,9.6,1,118.55
18260,3648614,49679025,52.0,1,138.949
18264,3647829,26662540,21.6,1,136.757
18284,3642065,49672784,31.0,1,187.589
18286,3641692,49677867,9.5,1,132.725
18318,3629808,26670516,44.0,1,105.054
18325,3626171,49667690,37.3,1,228.933
18328,3625260,22409878,9.9,1,168.657
18329,3624880,51085697,45.5,1,94.4962
18339,3623353,24835329,51.8,1,116.88
18345,3620861,24823157,7.6,1,118.7
18354,3617259,24831651,43.2,1,113.667
18365,3613671,24823248,32.3,1,127.26
18373,3610817,49673794,45.3,1,130.583
18386,3607195,47202251,54.5,1,100.08
18406,3600815,49671018,1.1,1,117.204
18413,3598426,49670676,36.1,1,166.033
18414,3598420,49670216,36.2,1,146.785
18422,3593711,24789356,8.8,1,100.724
18427,3590761,49668931,39.4,1,136.539
18431,3588620,26662950,3.3,1,159.749
18455,3580538,24823667,47.2,1,149.749
18459,3580168,49679799,42.5,1,142.295
18493,3570124,26658504,47.1,1,112.998
18513,3566166,49676501,2.2,1,99.9223
18514,3565925,49671725,40.4,1,170.693
18523,3562617,24786952,5.8,1,185.104
18525,3561769,24816481,36.7,1,138.481
18527,3560036,24834663,6.2,1,152.903
18567,3548073,51085701,43.3,1,133.037
18597,3538663,24812864,32.3,1,75.7038
18598,3538559,49675274,10.5,1,139.308
18604,3535939,24830453,46.0,1,130.839
18609,3534238,24791017,43.4,1,111.206
18613,3532905,24835994,45.3,1,114.147
18617,3529948,49670174,2.1,1,139.393
18625,3528048,26662915,14.5,1,120.178
18635,3524247,49821897,41.0,1,112.645
18636,3524009,49732735,47.6,1,161.909
18646,3519928,24818327,36.5,1,73.9523
18656,3516620,22410927,7.6,1,169.382
18657,3516456,26671667,3.1,1,112.875
18658,3515582,49670224,12.1,1,237.719
18665,3512309,24819280,0.5,1,152.261
18667,3510920,26671186,34.4,1,132.005
18691,3499926,26660737,42.9,1,134.179
18698,3495525,24791278,48.5,1,108.816
18717,3490247,49818920,30.6,1,177.609
18725,3486739,49646625,37.4,1,132.526
18726,3486183,26728496,45.1,1,118.663
18757,3473949,26658029,32.9,1,112.489
18758,3472985,24818675,40.2,1,143.009
18784,3463564,49734565,41.1,1,125.483
18789,3462103,47202256,1.3,1,140.1
18796,3457603,47202979,38.5,1,134.741
18843,3443305,24818636,28.9,1,89.172
18844,3442697,49675801,40.9,1,165.317
18854,3440092,26658382,29.9,1,153.461
18857,3439457,47195350,36.7,1,163.014
18869,3435709,26667075,5.9,1,132.086
18887,3430275,26665733,0.6,1,154.608
18898,3427544,24821907,27.8,1,169.267
18920,3422926,49675243,6.2,1,128.219
18929,3419952,49822932,32.1,1,152.531
18934,3417519,24823173,14.3,1,143.547
18967,3404081,24832606,7.1,1,102.041
18970,3403438,17517232,40.9,1,179.7
18983,3396611,24834789,42.7,1,138.766
18989,3393695,49821685,9.4,1,167.163
18994,3388975,24832152,34.6,1,166.001
19025,3377905,24790002,5.5,1,79.2724
19027,3377198,26661934,15.1,1,138.506
19029,3376520,26729113,43.3,1,152.072
19034,3374628,24823742,6.2,1,127.116
19042,3372572,49667728,3.0,1,144.984
19049,3370799,24814236,40.8,1,138.699
19096,3349518,24829202,46.3,1,141.006
19110,3345803,26658730,25.8,1,99.4754
19111,3345752,24813967,29.0,1,101.595
19112,3345212,49666369,41.8,1,165.124
19119,3343493,26667076,5.2,1,148.771
19123,3341651,17505553,9.5,1,118.44
19174,3324499,24826371,1.5,1,87.8409
19180,3323342,24836752,20.5,1,140.09
19182,3322324,24834998,40.9,1,142.798
19187,3319616,22414792,34.8,1,205.117
19193,3318371,24820656,36.9,1,150.653
19197,3315967,24825553,5.9,1,125.415
19207,3312436,49646319,51.9,1,108.754
19242,3301279,24837516,17.0,1,142.107
19248,3298745,24835919,1.7,1,116.689
19254,3296222,49649447,5.3,1,90.0651
19271,3291503,49676389,16.1,1,161.391
19297,3280818,49731954,41.5,1,146.054
19315,3272650,17514514,12.8,1,185.031
19320,3271364,24841336,29.3,1,104.353
19323,3270424,24783296,43.5,1,88.3732
19367,3250498,24782265,41.7,1,116.484
19381,3243444,4249499,11.7,1,120.764
19384,3241713,4247507,24.7,1,130.472
19423,3229957,24806681,51.5,1,89.1591
19471,3226531,49728442,35.0,1,180.262
19637,3218639,24803874,10.7,1,109.758
19765,3173038,49665493,7.2,1,102.649
19791,3164943,24781405,36.2,1,112.722
19813,3163865,49733883,38.1,1,134.533
19839,3163463,49733798,51.2,1,149.142
19840,3163459,49732953,43.3,1,181.178
19845,3163451,49729437,45.7,1,137.292
19856,3163316,24803873,26.6,1,136.587
19859,3163272,49727850,53.6,1,137.814
19905,3161131,24821117,41.4,1,125.173
19907,3161106,49734267,6.4,1,179.232
19915,3160709,24804604,13.6,1,128.988
19917,3160704,24822574,24.4,1,97.3246
19922,3160431,49733154,46.0,1,133.489
19965,3159538,49725281,44.1,1,93.1063
19977,3159097,24804568,41.0,1,143.092
20019,3157951,24784010,2.7,1,107.789
20033,3157420,49641000,48.2,1,113.584
20035,3157307,24808191,2.7,1,128.69
20037,3157305,24807519,10.7,1,144.409
20051,3157044,24796311,37.0,1,91.0191
20052,3157040,24796314,55.1,1,109.213
20062,3156890,49730073,26.2,1,164.274
20063,3156885,49725696,26.7,1,176.602
20064,3156882,24818624,37.6,1,109.456
20065,3156868,49726009,44.5,1,138.467
20076,3156654,24786899,14.0,1,117.697
20101,3155704,24790126,14.7,1,101.936
20130,3155155,49728226,1.0,1,158.655
20134,3155139,24797461,41.9,1,129.205
20155,3154675,47204258,8.0,1,109.692
20164,3154424,24818623,9.3,1,197.333
20173,3154106,7968049,0.2,1,163.432
20204,3152692,24813194,0.4,1,141.845
20207,3152540,49729823,41.8,1,136.9
20219,3152209,24804367,44.8,1,128.012
20221,3152092,24784809,13.5,1,129.334
20234,3151173,47201389,43.4,1,143.797
20240,3151041,49728974,39.8,1,158.358
20247,3150558,24822424,3.7,1,146.888
20248,3149917,24789726,14.3,1,100.26
20267,3149090,49733903,40.2,1,122.428
20272,3148504,49641297,31.4,1,175.938
20275,3148420,49726918,45.5,1,111.364
20281,3148009,49733058,1.0,1,132.099
20286,3147393,49644993,43.1,1,123.398
20287,3147391,49644314,43.4,1,178.211
20292,3147185,24808200,52.3,1,90.0015
20293,3147120,26663876,48.1,1,137.41
20332,3145200,49725795,24.7,1,111.942
20350,3143281,24804424,30.5,1,122.934
20367,3141652,24806170,50.6,1,93.5679
20371,3140545,49646663,46.4,1,160.302
20376,3140401,26671362,45.3,1,125.644
20377,3140400,24808105,46.6,1,123.433
20394,3138364,24781111,23.1,1,137.74
20404,3137533,24809865,37.9,1,121.128
20405,3137370,49727461,0.2,1,119.471
20410,3136927,47203308,43.6,1,182.485
20411,3136671,24807967,47.0,1,115.856
20426,3135848,49641493,25.6,1,146.345
20458,3132897,24818140,37.5,1,155.098
20459,3132896,49665630,7.9,1,138.704
20465,3132650,49641805,36.8,1,152.648
20472,3131946,24790901,46.7,1,97.3354
20494,3128213,49665214,45.0,1,104.172
20496,3128206,47203362,5.2,1,132.554
20503,3128113,24783970,1.7,1,104.731
20504,3127917,24804838,27.5,1,128.36
20508,3127476,24809645,29.4,1,109.84
20511,3127094,47203683,13.4,1,130.251
20512,3127088,14724440,11.2,1,172.767
20515,3127020,24821048,30.5,1,125.164
20525,3125474,14724659,1.0,1,165.27
20534,3124665,24820694,0.4,1,128.228
20537,3124417,17509215,21.5,1,224.779
20541,3124171,49642936,53.1,1,93.9323
20555,3123184,24802553,50.5,1,92.086
20556,3122942,49646638,2.8,1,233.189
20573,3121122,47202965,28.5,1,148.948
20577,3120507,49644602,19.2,1,172.807
20580,3120451,49644033,3.4,1,185.585
20583,3120394,47201855,1.8,1,140.539
20594,3118907,24809680,12.1,1,83.8718
20615,3117460,49642102,0.4,1,92.4877
20625,3115970,49643967,53.8,1,199.268
20633,3115297,24813507,30.7,1,163.864
20657,3113408,49728742,38.3,1,107.152
20662,3112946,49641631,35.7,1,160.473
20663,3112830,24802718,19.3,1,94.9072
20670,3111408,24801112,48.6,1,106.757
20689,3108930,49643171,21.0,1,154.866
20694,3108446,49644355,26.0,1,136.62
20715,3106720,24820333,0.2,1,113.769
20717,3106500,49665579,1.1,1,144.115
20718,3106499,49644278,35.9,1,135.279
20719,3106494,49665354,0.9,1,109.405
20724,3106486,49645145,33.3,1,165.642
20736,3104627,24811047,15.1,1,128.229
20745,3103951,49645404,1.3,1,134.052
20758,3101792,47203735,7.0,1,151.953
20762,3101511,24806352,28.8,1,106.47
20779,3099740,49665687,7.5,1,134.64
20788,3098256,24812883,10.9,1,145.046
20792,3097913,49644143,47.6,1,145.371
20823,3092936,24803358,0.4,1,102.66
20830,3091340,49674354,1.2,1,148.132
20833,3091015,17504608,34.2,1,193.493
20843,3090179,24782940,51.4,1,124.906
20852,3089359,49642565,7.9,1,158.59
20874,3050824,49730004,47.7,1,151.191
20879,3026856,47202080,28.3,1,158.185
20886,3001308,49668997,14.7,1,107.874
20887,3000005,3717456,59.4,1,127.336
20888,2999664,3716557,1.1,1,117.889
20890,2999043,3715018,1.7,1,129.786
20906,2996578,47200117,49.9,1,113.264
20942,2993972,49736951,0.4,1,99.5688
20947,2993447,47199521,35.5,1,144.895
21001,2991601,49665080,42.5,1,133.642
21019,2990846,49665069,28.0,1,170.644
21082,2988586,47203417,43.1,1,121.49
21095,2988004,47198790,15.3,1,135.358
21112,2987515,47203566,4.1,1,127.048
21121,2987207,49678873,49.1,1,127.668
21133,2986969,24817711,47.7,1,118.028
21136,2986747,47198933,25.9,1,141.5
21184,2985399,47198714,47.7,1,136.71
21196,2985157,47204120,46.7,1,154.085
21210,2984719,49670058,44.7,1,174.488
21213,2984647,24793952,46.4,1,129.76
21218,2984048,24794047,28.2,1,91.0358
21221,2983954,24794351,17.0,1,105.188
21223,2983868,47198981,39.0,1,142.759
21224,2983863,24792362,39.5,1,87.9209
21234,2983154,24796362,37.9,1,110.638
21235,2983131,24796359,45.2,1,111.06
21244,2982241,24786344,0.7,1,101.989
21251,2981868,24797300,49.3,1,108.206
21252,2981779,49816774,33.8,1,127.803
21253,2981778,24796551,29.1,1,127.719
21255,2981748,24796553,31.4,1,102.128
21267,2981070,24793948,32.2,1,110.998
21270,2980875,24796287,19.1,1,115.161
21273,2980702,24796985,0.8,1,81.2677
21283,2980383,49733837,48.4,1,175.561
21288,2980204,47198136,14.5,1,134.814
21297,2979626,49727732,48.0,1,213.443
21298,2979574,24795438,50.5,1,123.082
21301,2979337,47199119,46.8,1,140.657
21312,2978697,24794498,19.4,1,99.357
21331,2977842,24783505,27.0,1,133.565
21339,2977357,24794677,54.2,1,118.73
21345,2977083,24794341,45.6,1,147.347
21372,2975846,24794284,35.7,1,98.5065
21376,2975702,47199622,42.1,1,146.133
21385,2975229,24795278,46.1,1,86.8269
21390,2975130,24794813,1.4,1,126.044
21407,2974702,47199643,8.7,1,118.376
21417,2974465,47199856,48.0,1,107.726
21433,2973939,24791075,11.0,1,93.8612
21434,2973830,24780537,37.3,1,119.69
21439,2973609,49641200,1.5,1,140.14
21447,2972954,24795572,23.3,1,119.097
21450,2972714,24796003,26.3,1,107.177
21456,2972188,47196705,47.4,1,188.561
21462,2972068,47201906,5.3,1,172.153
21466,2971918,47196424,30.9,1,125.064
21483,2971387,24782390,42.1,1,96.3358
21489,2971270,47196376,43.9,1,137.011
21499,2971096,47196761,1.5,1,128.272
21521,2970586,24794784,34.9,1,87.6304
21532,2970340,49823802,0.7,1,123.771
21533,2970324,49827102,0.3,1,113.309
21548,2969896,24795339,18.0,1,171.164
21557,2969508,47194839,1.8,1,76.2557
21562,2969322,24795356,40.7,1,100.087
21563,2969306,24795359,6.8,1,132.455
21572,2968856,24794852,41.4,1,136.321
21583,2968289,49815883,13.2,1,129.747
21616,2966711,49670885,50.2,1,146.201
21622,2966393,24795785,40.9,1,110.214
21648,2964461,49723815,2.3,1,154.957
21662,2963805,24793077,1.7,1,78.8974
21663,2963793,24792918,13.3,1,98.9733
21669,2963517,49730148,13.2,1,138.509
21672,2963372,49723727,2.3,1,148.436
21676,2963348,24782138,36.3,1,165.298
21693,2962267,49641210,44.6,1,193.254
21703,2961620,24792968,50.3,1,109.833
21705,2961397,24792703,49.8,1,127.97
21706,2961328,24792740,45.1,1,120.957
21708,2961154,24792743,25.7,1,127.241
21712,2961051,24792617,42.6,1,125.318
21735,2960215,24796027,36.5,1,106.178
21743,2959805,47196368,0.4,1,181.881
21745,2959679,24794238,47.6,1,104.898
21746,2959658,24793971,3.4,1,111.704
21750,2959576,24794109,1.8,1,121.919
21775,2958354,24785270,36.0,1,91.5507
21787,2957676,24789264,31.7,1,79.6116
21795,2957378,24797449,42.4,1,99.0821
21819,2956407,49646513,45.8,1,151.425
21853,2955141,24803711,12.2,1,137.427
21874,2953743,24787048,15.0,1,111.667
21882,2953277,49649302,36.3,1,107.975
21892,2952491,49667546,0.8,1,156.015
21905,2951934,49644156,3.3,1,125.735
21926,2949203,47196524,26.8,1,152.777
21928,2948868,47196422,14.9,1,148.581
21929,2948867,47197043,14.0,1,137.646
21960,2947325,24786644,6.1,1,134.084
21978,2945478,47196513,0.9,1,190.113
21979,2945343,24786642,50.3,1,101.58
21980,2945330,47196231,0.4,1,90.5536
21999,2944133,47201960,52.4,1,167.665
22000,2943979,47202247,46.0,1,150.245
22040,2939673,49668494,2.1,1,104.589
22064,2937007,24795929,15.9,1,137.488
22073,2936074,47196474,4.1,1,144.002
22076,2935861,24795844,35.1,1,151.655
22077,2935814,47196752,45.0,1,141.704
22080,2935572,47202350,53.9,1,142.092
22081,2935561,47196461,46.7,1,144.331
22082,2935550,24796059,35.1,1,145.375
22083,2935513,47196975,51.2,1,148.949
22084,2935506,24796051,17.2,1,135.85
22087,2935378,24796023,53.9,1,157.234
22088,2935293,47196588,32.2,1,138.133
22090,2934973,24787758,47.7,1,134.949
22091,2934712,47196460,34.6,1,142.915
22094,2934186,47196503,41.7,1,150.867
22095,2934159,47201884,44.5,1,142.638
22096,2934119,47196753,42.5,1,166.563
22101,2933676,47196623,43.2,1,150.426
22109,2933163,49644296,1.1,1,152.507
22122,2932429,47196270,3.5,1,264.374
22133,2931685,24793289,43.2,1,135.133
22146,2930961,49670169,33.4,1,185.801
22158,2929963,24789072,33.9,1,79.9556
22167,2929394,49643894,48.7,1,120.247
22192,2927350,24788288,42.0,1,90.3492
22193,2927275,49646894,45.7,1,177.8
22197,2926831,47200887,51.7,1,129.063
22218,2923479,47196730,39.5,1,160.475
22220,2923269,47201980,45.8,1,153.448
22223,2922618,47196725,30.8,1,148.485
22224,2922439,24792608,23.3,1,138.31
22239,2920461,49670172,4.2,1,146.276
22247,2919611,49666792,5.7,1,164.284
22248,2919324,47204358,7.3,1,166.566
22256,2918437,7974422,41.1,1,137.917
22263,2917512,49668562,45.2,1,138.709
22267,2916972,24808551,39.7,1,145.099
22292,2914631,47204803,0.2,1,161.566
22310,2913083,24797867,53.3,1,116.438
22323,2911561,49719040,50.5,1,183.426
22334,2909808,24809766,36.0,1,115.798
22341,2909035,24805075,9.2,1,98.7969
22344,2908732,49732305,41.8,1,105.364
22347,2908676,49718977,46.9,1,112.19
22348,2908637,49737112,48.2,1,129.995
22359,2907454,47199068,4.5,1,84.255
22372,2905521,49669164,12.4,1,105.904
22378,2905142,24788535,44.4,1,156.499
22382,2904911,49645047,17.9,1,113.209
22385,2904476,47203815,15.2,1,190.494
22386,2904045,26671616,7.8,1,173.876
22392,2903122,47200666,4.4,1,132.987
22395,2902955,24801630,46.7,1,127.497
22455,2896685,24800870,43.1,1,103.775
22494,2890514,49667743,22.5,1,145.928
22499,2890303,49648762,46.8,1,151.363
22502,2889869,49725470,52.9,1,75.6291
22510,2889223,47204090,42.6,1,139.716
22516,2888897,49665481,49.1,1,139.756
22521,2888407,47202263,54.0,1,157.534
22523,2888027,47202324,54.2,1,162.588
22530,2887176,24803284,5.0,1,134.627
22531,2887106,24780630,43.9,1,152.273
22537,2886575,49733635,49.0,1,156.872
22542,2886102,47198419,19.6,1,182.146
22575,2882051,47197914,33.6,1,141.923
22586,2881454,24789978,52.5,1,130.813
22602,2879378,24801898,49.3,1,80.39
22606,2878297,24788977,36.3,1,131.89
22627,2876608,24792252,44.2,1,144.521
22631,2876268,24801749,40.5,1,122.303
22641,2875468,24792258,36.8,1,130.717
22648,2874547,24802044,38.6,1,97.999
22675,2872194,24802463,13.0,1,138.119
22683,2871180,24821011,16.8,1,124.889
22685,2870987,24785002,3.5,1,131.322
22711,2868890,26665908,41.4,1,137.15
22722,2867689,24822816,27.1,1,126.039
22735,2866923,47203082,33.1,1,159.833
22736,2866921,47204626,4.5,1,157.261
22738,2866595,47202831,29.9,1,196.07
22739,2866437,47204834,34.1,1,171.859
22743,2865916,47196840,43.9,1,192.0
22747,2865744,24784178,27.0,1,115.532
22748,2865694,47197045,47.0,1,182.159
22756,2865083,24786866,11.7,1,123.191
22763,2863955,24811021,3.3,1,85.6627
22768,2863233,24809929,49.4,1,125.08
22769,2862691,47201944,1.8,1,145.974
22784,2860885,24782699,7.2,1,115.485
22791,2860033,17412241,56.3,1,129.51
22814,2857887,47202843,34.8,1,147.835
22866,2853709,24809377,38.4,1,148.852
22883,2852313,47199464,19.5,1,168.505
22891,2851209,47199462,51.5,1,161.356
22892,2851153,47199428,45.4,1,164.378
22910,2849387,47203715,44.9,1,145.538
22922,2848730,24806760,13.4,1,137.965
22924,2848544,47199404,42.1,1,150.994
22927,2848306,47198405,47.5,1,155.976
22931,2847975,47198277,44.3,1,151.332
22932,2847946,47198260,5.9,1,219.18
22936,2847238,47198650,49.5,1,167.443
22937,2847188,47198226,56.4,1,154.595
22949,2846385,47198345,27.1,1,105.509
22961,2845974,47198772,31.0,1,151.173
22962,2845965,47198555,32.1,1,211.242
22964,2845822,47198571,19.3,1,144.5
22966,2845686,47201930,23.1,1,153.208
22967,2845669,47202388,27.8,1,153.354
22968,2845539,47202266,35.3,1,156.738
22970,2845240,47198535,44.2,1,93.2964
22983,2843930,47202345,25.5,1,157.462
22990,2843833,47198351,45.4,1,163.703
22991,2843814,47198517,23.3,1,194.499
22992,2843775,47198880,51.4,1,187.443
22995,2843672,47198882,26.4,1,185.635
22996,2843633,49644292,44.8,1,136.995
23009,2842992,26667223,47.8,1,85.7971
23019,2842434,49643302,1.2,1,125.314
23030,2841517,47203689,21.8,1,78.4803
23038,2840997,47201557,42.1,1,128.312
23044,2840496,47202531,11.2,1,131.565
23063,2839125,24823459,21.3,1,149.643
23073,2838539,47198596,25.5,1,168.193
23074,2838498,49679334,2.0,1,148.168
23077,2838057,47198826,3.1,1,140.461
23081,2837631,47198781,25.5,1,205.501
23095,2836734,49678972,46.6,1,97.5673
23101,2836605,49665235,29.5,1,135.0
23102,2836593,47203812,43.3,1,150.668
23116,2836058,24784540,3.3,1,104.509
23125,2835326,49642746,45.9,1,141.88
23173,2831581,24817746,49.2,1,178.499
23177,2831285,49665453,39.8,1,122.276
23200,2830085,26659064,62.6,1,92.7204
23205,2829688,17431627,14.9,1,145.478
23232,2827725,24789856,46.4,1,92.563
23234,2827527,24811236,24.1,1,105.113
23235,2827513,47201746,12.4,1,124.909
23250,2826651,26729885,5.8,1,120.134
23266,2826085,26729889,18.3,1,143.455
23282,2825309,24836004,0.3,1,181.095
23304,2823829,26729177,2.8,1,105.735
23308,2823735,26728886,7.1,1,153.321
23311,2823681,49680057,4.2,1,151.503
23312,2823673,26729652,2.2,1,133.801
23313,2823672,49671822,1.7,1,156.532
23314,2823668,26729208,2.2,1,91.3579
23315,2823660,26729241,27.3,1,126.897
23316,2823650,26729739,0.8,1,116.477
23317,2823648,49672139,0.9,1,153.823
23318,2823642,49671898,0.8,1,134.482
23331,2823539,26729302,54.4,1,111.187
23345,2823252,26729204,2.6,1,119.723
23373,2822578,26730692,0.7,1,99.5674
23384,2822093,26731397,16.8,1,106.875
23400,2821506,26728270,50.6,1,133.721
23401,2821484,26728271,39.6,1,122.078
23406,2821359,26731643,14.8,1,100.045
23412,2821101,26727960,4.0,1,66.1999
23414,2821091,26727861,46.7,1,136.86
23463,2819709,26726765,20.9,1,142.684
23468,2819658,26726601,28.9,1,117.076
23497,2819305,26729789,29.6,1,91.0683
23518,2819095,26726898,33.6,1,148.988
23539,2818928,26728775,2.1,1,88.0462
23572,2818650,26730106,3.1,1,108.758
23584,2818457,11532891,35.6,1,142.808
23594,2817722,26671419,9.4,1,96.0121
23616,2817019,26731694,19.1,1,151.979
23636,2816672,26728161,1.2,1,105.083
23643,2816630,26729986,0.3,1,107.997
23647,2816609,26729955,31.2,1,133.11
23654,2816564,26726693,51.7,1,114.121
23657,2816518,26729837,1.7,1,94.9381
23679,2816375,49672288,23.5,1,126.746
23686,2816266,26731500,31.4,1,106.539
23694,2816129,26730321,2.6,1,124.989
23718,2815935,26730167,43.8,1,109.661
23731,2815828,26730158,24.8,1,126.145
23762,2815628,49672348,9.4,1,129.131
23764,2815626,26726943,30.6,1,134.827
23766,2815620,49672354,39.2,1,142.013
23771,2815595,49671915,37.4,1,170.668
23775,2815560,49672353,43.4,1,143.864
23820,2815207,49679994,42.5,1,194.57
23832,2815107,26731686,50.7,1,164.653
23840,2815019,26728285,39.1,1,89.1529
23859,2814788,26729912,28.1,1,98.9393
23893,2814336,26731369,0.6,1,141.477
23908,2814216,26731336,12.0,1,172.09
23909,2814211,26726527,0.3,1,92.3792
23930,2814057,49672162,38.3,1,111.126
23940,2813991,26731268,52.8,1,132.35
23977,2813626,26731514,0.4,1,98.0474
23978,2813625,26730274,8.2,1,141.592
23980,2813615,50085648,46.4,1,90.84
23985,2813585,50085634,56.1,1,164.192
23995,2813498,26726591,0.7,1,104.824
24023,2813373,26731180,41.3,1,117.327
24037,2813253,26726437,24.1,1,131.133
24041,2813221,50086394,50.2,1,160.397
24058,2813124,49672376,46.5,1,135.329
24063,2813091,26726746,0.7,1,125.887
24064,2813088,26726434,0.4,1,119.82
24066,2813076,26726744,0.8,1,120.148
24080,2812985,26731032,37.1,1,114.625
24097,2812887,26726482,25.0,1,148.773
24098,2812886,26726554,16.7,1,126.61
24099,2812885,26726481,34.7,1,109.409
24101,2812875,26730136,21.1,1,133.009
24103,2812871,26730135,0.4,1,126.629
24133,2812763,26731001,42.8,1,119.219
24158,2812683,26731396,6.3,1,130.166
24159,2812681,26727989,0.4,1,128.809
24171,2812599,26728722,8.7,1,88.3352
24175,2812580,26728672,11.5,1,130.878
24176,2812576,26728104,9.5,1,121.484
24177,2812572,26728682,0.3,1,128.899
24178,2812570,26728680,17.2,1,114.59
24184,2812501,26726442,25.2,1,137.794
24185,2812498,26726443,6.7,1,147.764
24186,2812487,26726767,1.2,1,111.739
24187,2812486,26726445,10.9,1,165.998
24188,2812483,26726446,14.3,1,128.814
24197,2812426,26726449,7.2,1,141.19
24200,2812381,26726487,9.1,1,119.962
24201,2812375,26726996,17.6,1,101.35
24202,2812370,26726994,17.1,1,129.151
24203,2812367,26726486,11.1,1,141.506
24214,2812296,26731018,1.7,1,119.07
24232,2812151,26727004,21.1,1,110.006
24233,2812147,26727003,13.3,1,135.509
24234,2812146,26727002,4.0,1,86.0712
24235,2812132,26726652,13.5,1,128.565
24243,2812075,26729218,37.4,1,88.5638
24252,2811999,26728720,17.7,1,126.942
24254,2811990,26726458,0.2,1,116.537
24255,2811989,26728719,1.1,1,119.357
24256,2811986,26728708,10.9,1,123.947
24262,2811928,26726937,4.3,1,96.4098
24280,2811813,26731535,33.5,1,122.545
24281,2811811,26731408,11.6,1,127.37
24282,2811807,26731536,28.3,1,105.987
24283,2811806,26731537,35.5,1,125.471
24292,2811740,26726466,10.3,1,94.678
24323,2811478,49672402,0.6,1,110.691
24325,2811461,26728412,7.8,1,107.873
24326,2811458,26728420,11.2,1,119.518
24334,2811392,49672181,45.2,1,152.615
24335,2811344,26727874,21.2,1,128.269
24336,2811341,26728226,25.6,1,109.204
24337,2811332,26727967,20.4,1,118.195
24338,2811331,26728227,21.7,1,123.672
24339,2811329,26728229,32.6,1,108.415
24340,2811327,26726464,0.3,1,130.713
24344,2811300,49672297,21.3,1,157.893
24355,2811209,26726932,21.8,1,127.129
24366,2811038,26731040,53.5,1,83.1208
24370,2811011,26726719,36.6,1,108.785
24371,2811009,26726720,28.6,1,100.035
24379,2810947,26726517,32.7,1,126.543
24387,2810930,49671372,5.2,1,171.196
24422,2810627,26726505,46.7,1,100.671
24447,2810379,26728767,46.4,1,86.0683
24461,2810212,26728733,5.3,1,136.578
24468,2810151,49679990,0.9,1,130.196
24478,2810063,26729191,2.6,1,119.476
24479,2810062,26731691,4.5,1,107.009
24480,2810061,26731437,7.3,1,136.811
24489,2809944,49671421,44.8,1,113.368
24494,2809890,26729370,3.3,1,117.828
24518,2809655,26731306,46.7,1,135.025
24543,2809431,26729155,0.7,1,124.077
24545,2809401,26729431,33.9,1,135.025
24607,2808118,26729386,36.9,1,121.808
24623,2807475,49671381,40.3,1,156.082
24633,2807234,26731714,1.7,1,132.221
24634,2807230,49680194,27.3,1,146.185
24636,2807008,49671578,41.8,1,152.194
24642,2806492,26728492,3.4,1,106.85
24660,2806286,26728422,44.9,1,129.69
24662,2806283,26728098,38.5,1,127.556
24684,2805940,26728615,1.1,1,82.6125
24755,2804980,26728433,51.1,1,88.4313
24764,2804858,26729199,16.9,1,143.141
24792,2804057,26731459,0.4,1,86.0907
24796,2803910,49671412,19.2,1,112.798
24803,2803657,26727828,30.7,1,135.865
24812,2803212,26727844,1.1,1,103.286
24815,2803185,26731485,11.9,1,169.622
24818,2803152,26730473,37.3,1,125.375
24836,2802638,26730644,50.7,1,89.3469
24841,2802516,49671405,14.7,1,143.627
24856,2802190,26730618,37.6,1,142.167
24858,2801983,26731335,2.0,1,135.028
24859,2801981,26728638,0.2,1,150.119
24867,2801573,49671976,37.3,1,162.901
24868,2801572,26728094,39.7,1,91.5939
24871,2801528,26728631,47.9,1,116.829
24875,2801413,26726701,34.9,1,123.94
24876,2801356,49671356,5.1,1,143.142
24879,2801279,49672188,37.4,1,136.705
24883,2801236,26727035,5.6,1,124.041
24884,2801223,26726401,0.2,1,122.401
24936,2799461,26728535,33.6,1,95.0128
24970,2797460,26731732,30.9,1,120.559
24976,2797222,26728402,33.3,1,172.7
24977,2797189,26728401,27.8,1,157.529
24984,2796934,26728396,8.5,1,173.723
24986,2796666,26728548,37.9,1,117.834
25003,2795752,49671243,30.4,1,100.617
25013,2794667,24832418,33.9,1,136.058
25023,2792755,49680187,40.6,1,153.562
25025,2792409,49641168,36.8,1,118.805
25043,2790527,49670100,0.7,1,182.825
25059,2789706,26658344,44.1,1,156.26
25069,2788822,26658603,0.2,1,131.01
25086,2788330,49666365,39.8,1,134.314
25087,2788327,24785147,36.4,1,86.9448
25091,2788163,26726216,43.5,1,130.633
25093,2788032,49667199,28.8,1,130.785
25098,2787512,26658481,4.1,1,197.734
25104,2787144,26659241,9.2,1,122.739
25107,2787058,49641377,34.3,1,98.8348
25116,2784136,26726411,0.7,1,123.871
25117,2783525,49732787,15.3,1,208.899
25126,2779169,49671871,9.1,1,138.114
25127,2779081,26660760,29.3,1,145.945
25141,2778109,24834794,41.6,1,111.141
25152,2776317,24833625,31.7,1,98.116
25157,2775269,26731700,19.7,1,126.665
25168,2774370,49671228,0.7,1,112.947
25173,2773193,24822839,15.0,1,106.042
25180,2772496,24782829,45.2,1,152.57
25181,2772440,49649303,44.8,1,136.88
25182,2772435,24789524,34.1,1,122.78
25195,2771128,49678114,42.4,1,139.84
25196,2771069,24815553,26.9,1,125.669
25198,2771030,49677665,16.6,1,97.0912
25208,2770839,24809866,33.3,1,115.278
25211,2770289,49642020,45.3,1,100.517
25225,2769371,24835934,28.6,1,119.978
25231,2769040,24821900,4.8,1,127.018
25246,2768421,24818300,13.0,1,147.428
25260,2768203,24820376,28.3,1,116.884
25275,2767882,24824358,9.7,1,150.645
25302,2767579,49666297,33.3,1,139.802
25303,2767481,49666095,0.7,1,113.211
25304,2767304,24822540,32.3,1,109.224
25322,2766567,49665723,43.6,1,149.746
25353,2765774,24819782,37.0,1,113.683
25380,2764198,24819985,4.4,1,141.585
25393,2763900,49666620,44.2,1,151.491
25413,2757789,26665176,31.6,1,126.35
25420,2748280,26665572,39.9,1,83.7016
25468,2746571,26730844,32.3,1,124.275
25494,2745800,26730683,33.2,1,82.1867
25509,2745456,26729257,31.8,1,112.379
25567,2744585,26729753,17.7,1,126.599
25609,2743870,26726822,35.7,1,153.989
25615,2743628,26729105,36.8,1,126.466
25616,2743626,50086413,46.2,1,137.535
25618,2743615,26729607,29.3,1,154.079
25620,2743573,26729103,16.5,1,154.243
25645,2743305,26728849,11.1,1,132.447
25652,2743162,26729802,10.3,1,129.685
25668,2742916,26731415,39.7,1,114.605
25705,2742216,26727241,1.4,1,145.823
25710,2742152,26727457,34.2,1,143.001
25731,2741355,26727477,5.3,1,90.2669
25742,2741159,26726519,0.2,1,135.766
25784,2740600,49671210,36.8,1,131.755
25792,2740205,26727265,0.2,1,127.448
25815,2739786,26731735,41.6,1,129.471
25843,2739274,26727183,8.2,1,133.312
25857,2739124,26731483,14.9,1,89.6733
25858,2739119,50085572,0.8,1,241.078
25878,2738853,50086552,20.4,1,144.324
25931,2738327,26730353,40.7,1,108.826
25974,2738053,26730842,4.4,1,85.8418
25977,2737943,26730378,23.3,1,117.741
25982,2737866,26730376,0.2,1,83.9671
25986,2737842,26730598,1.8,1,111.332
26012,2736441,26728695,27.9,1,128.58
26022,2735746,26729319,11.0,1,138.443
26027,2735277,26731690,32.8,1,123.374
26032,2733208,8139937,25.7,1,152.008
26034,2733053,26730373,35.0,1,92.6791
26036,2733001,26730570,21.4,1,137.464
26037,2732963,26730579,49.5,1,90.6765
26047,2732785,26726809,38.9,1,114.097
26049,2732777,26729078,44.8,1,73.8972
26068,2732531,26730120,15.1,1,116.829
26094,2732119,26730144,12.6,1,84.2336
26097,2732048,26730080,41.2,1,129.91
26102,2731984,26730707,0.4,1,89.6294
26103,2731967,26730656,2.1,1,131.557
26104,2731964,26730655,18.1,1,132.815
26121,2731753,26731520,45.3,1,141.474
26122,2731723,26731114,43.4,1,192.873
26144,2731365,26731601,27.3,1,94.3645
26165,2731237,26727100,41.6,1,131.649
26187,2731000,26731602,16.4,1,104.478
26188,2730997,26727430,23.8,1,124.481
26198,2730458,26727751,10.5,1,131.29
26213,2730136,26727770,29.6,1,128.316
26244,2729520,49672102,44.0,1,184.869
26245,2729517,26727402,23.5,1,145.163
26259,2729195,50085543,43.4,1,165.626
26277,2728466,26727226,45.9,1,131.672
26279,2728458,49671668,49.7,1,107.608
26286,2728369,26727679,1.8,1,115.106
26296,2728052,26727687,7.8,1,98.0059
26345,2726984,26730746,5.3,1,107.196
26355,2726926,26730402,35.5,1,99.737
26395,2726660,26731710,32.3,1,140.418
26400,2726567,26727152,42.8,1,102.886
26401,2726555,26731526,32.6,1,112.613
26424,2726246,49671533,1.6,1,101.578
26425,2726233,26727824,23.4,1,118.261
26428,2726217,26727314,16.9,1,93.3034
26430,2726174,26727318,32.5,1,123.1
26433,2726113,26731558,32.6,1,120.271
26435,2726102,26727853,1.3,1,115.011
26449,2725932,26730228,38.4,1,115.744
26453,2725868,26729003,32.4,1,117.302
26457,2725833,26731627,2.8,1,120.075
26466,2725676,26731709,7.4,1,97.2332
26481,2725390,26728813,36.8,1,135.291
26483,2725336,49671755,23.3,1,185.507
26497,2723891,56463636,27.5,1,145.466
26519,2712501,24795123,1.0,1,110.27
26565,2688219,49678187,17.6,1,144.569
26616,2669855,57265386,10.1,1,93.9411
26621,2668546,49677720,34.9,1,154.269
26630,2666516,24784226,12.9,1,141.249
26731,2620735,49672730,10.3,1,169.921
26737,2616176,49676060,10.7,1,97.2348
26762,2604242,49677775,41.8,1,75.1353
26793,2594420,24827190,41.9,1,139.511
26833,2579979,24831278,49.3,1,112.344
26847,2577565,24826280,43.1,1,171.452
26864,2575166,49672551,12.5,1,88.6254
26869,2574382,24831201,5.2,1,124.315
26915,2569414,24831017,5.9,1,124.218
26954,2565934,24832509,7.7,1,142.561
26955,2565899,49680912,2.1,1,99.9785
26971,2564498,24836117,3.3,1,80.5196
26996,2561880,24831082,27.5,1,85.1447
27007,2560609,24839311,24.5,1,132.534
27010,2560387,24839369,12.2,1,123.032
27012,2560197,26670173,26.3,1,129.268
27046,2556847,49672669,48.2,1,141.851
27061,2554659,49672617,9.3,1,197.202
27065,2554237,24831847,45.8,1,93.5252
27092,2548868,49676885,18.9,1,113.911
27114,2546421,49680373,4.4,1,155.614
27115,2546244,24835823,24.2,1,121.665
27124,2545261,3717614,2.4,1,131.614
27133,2544846,49680783,33.3,1,144.135
27135,2544792,26657621,12.8,1,75.1957
27141,2543155,26657450,0.4,1,131.981
27192,2536119,49665616,12.5,1,122.29
27199,2535004,24832103,47.3,1,131.308
27211,2533954,24828444,45.1,1,127.644
27216,2533409,24828447,44.6,1,116.923
27226,2532639,24831418,9.2,1,107.059
27238,2531799,24826404,26.8,1,166.431
27240,2531524,24826300,0.2,1,108.649
27241,2531339,49676270,23.4,1,155.662
27243,2531134,24837629,52.4,1,123.154
27249,2529983,49679897,33.3,1,156.635
27274,2526913,49680068,49.6,1,115.163
27276,2526776,24832869,30.9,1,76.2116
27277,2526775,24838164,28.7,1,134.887
27294,2525116,57267703,53.6,1,121.529
27329,2521169,49674281,6.4,1,167.12
27332,2520863,49678087,6.2,1,126.502
27339,2519122,24835702,45.6,1,100.515
27341,2518528,49678382,47.8,1,132.889
27345,2517678,24831314,4.5,1,98.0295
27353,2516747,22404601,51.1,1,164.835
27361,2514277,24826394,46.5,1,128.32
27369,2512392,24835110,44.5,1,105.139
27400,2506041,24835699,29.5,1,113.242
27433,2496612,49677613,29.6,1,120.4
27435,2496326,49677521,22.8,1,138.528
27449,2492387,24830478,27.6,1,134.346
27454,2491304,26658002,28.8,1,134.129
27471,2488340,22411474,29.0,1,144.725
27474,2487110,49734251,31.7,1,142.562
27490,2484138,24831741,4.7,1,124.373
27492,2484010,49672656,42.6,1,107.396
27513,2480964,24827034,52.3,1,82.3015
27516,2480569,49680546,50.6,1,147.046
27519,2480244,49675260,16.7,1,154.019
27521,2479901,49680169,44.0,1,173.197
27528,2478581,24837607,23.9,1,124.688
27540,2477775,24829898,42.1,1,83.5928
27543,2477385,24830373,37.7,1,89.7541
27551,2476694,24829503,33.7,1,107.718
27563,2475655,24831680,35.7,1,162.974
27564,2475628,24831279,8.5,1,160.01
27580,2474612,49680553,40.3,1,119.463
27598,2472630,24826118,46.9,1,151.386
27630,2469443,24827032,2.6,1,107.405
27646,2467896,24826722,25.9,1,126.29
27653,2466853,49674831,5.7,1,160.184
27655,2466747,26657715,25.1,1,101.025
27673,2465521,24826714,31.0,1,136.111
27674,2465409,49676168,51.4,1,155.447
27677,2465035,49674285,0.5,1,147.833
27678,2464957,24826848,32.2,1,168.1
27687,2464348,24831978,12.5,1,137.22
27718,2462270,24827652,52.1,1,112.746
27737,2461309,24826776,5.0,1,78.4942
27746,2460784,49674839,19.9,1,151.147
27750,2460275,24836645,26.6,1,134.163
27769,2457247,24837864,41.0,1,116.513
27775,2456357,49674715,41.3,1,88.8444
27777,2456191,49675812,35.1,1,116.406
27782,2455907,49674836,37.3,1,127.749
27788,2455483,49674829,18.7,1,148.645
27793,2454984,24836563,2.4,1,107.248
27796,2454463,49674814,5.9,1,118.447
27806,2453571,26670112,37.4,1,116.28
27813,2452878,24827545,25.6,1,113.224
27828,2451331,24836998,13.1,1,88.5569
27839,2450646,24826169,20.1,1,141.009
27861,2449777,57266811,40.7,1,89.4098
27862,2449575,24827191,0.3,1,113.772
27873,2448376,24837852,42.3,1,154.24
27882,2447522,49676875,4.1,1,107.707
27933,2444065,49674827,45.8,1,133.263
27939,2443333,24832461,20.9,1,131.655
27940,2443329,49674918,12.1,1,120.839
27956,2442413,24832471,39.4,1,123.836
27957,2442329,24832733,47.8,1,130.847
27960,2442215,24791766,39.9,1,121.562
27966,2441961,49674871,38.6,1,120.65
27969,2441642,24831924,39.4,1,145.225
27971,2441633,24832670,25.5,1,167.568
27983,2440658,24837231,0.8,1,85.1684
27986,2440370,24838060,25.7,1,123.413
27990,2440052,26658005,44.8,1,137.669
28028,2436038,26670179,33.9,1,120.23
28053,2434896,24830801,7.3,1,123.542
28098,2432653,57255664,42.9,1,154.808
28108,2431987,49673485,46.6,1,141.876
28115,2431349,49675906,41.1,1,98.6701
28120,2431145,49671246,39.0,1,178.192
28148,2429607,26658190,41.7,1,91.0777
28149,2429573,49679941,6.5,1,231.619
28168,2427882,57260992,50.1,1,95.5601
28173,2427403,24835822,23.1,1,106.912
28175,2427285,24825135,29.3,1,133.112
28192,2426208,49676976,12.8,1,157.65
28194,2425938,24828443,23.3,1,122.582
28196,2425592,49825351,32.7,1,161.359
28202,2424851,49675918,0.2,1,106.544
28210,2423957,24829604,25.7,1,107.631
28211,2423905,49673175,39.0,1,150.103
28215,2423620,49671796,34.8,1,211.683
28219,2423237,49671834,21.8,1,181.06
28221,2422717,24833998,29.2,1,113.68
28222,2422711,24833720,29.4,1,132.876
28224,2422550,24826964,14.3,1,101.846
28238,2420318,24825625,44.0,1,109.625
28258,2418131,26669797,44.0,1,90.0116
28261,2417513,49672330,17.8,1,200.595
28270,2415782,49680896,46.4,1,141.769
28275,2415002,24824732,0.2,1,180.085
28279,2414358,49680813,1.5,1,141.816
28281,2414076,24836964,49.9,1,92.1952
28284,2414058,49675210,1.6,1,88.3114
28308,2410719,26670029,10.7,1,114.951
28329,2409212,24837306,43.7,1,132.923
28340,2408437,3717771,18.7,1,150.321
28349,2407524,22410442,61.9,1,254.429
28353,2407309,49677322,38.7,1,151.51
28356,2407021,24828481,45.2,1,126.253
28361,2406329,24825221,53.0,1,133.138
28379,2404851,26724259,43.4,1,136.283
28391,2403674,24834582,52.5,1,164.816
28394,2403408,49680608,36.0,1,128.33
28415,2401418,49672775,39.9,1,145.697
28428,2400438,24821155,37.5,1,152.15
28440,2398093,24834662,26.5,1,116.011
28444,2397339,24840769,43.4,1,135.05
28448,2397106,49679887,26.0,1,134.478
28451,2396841,24828645,16.4,1,136.12
28454,2396755,24791354,31.8,1,175.213
28456,2396683,49676167,30.0,1,130.757
28458,2396090,24833612,31.1,1,135.41
28478,2393609,24833832,45.3,1,83.5208
28483,2393080,24780954,39.9,1,127.13
28487,2392581,24826895,45.2,1,154.568
28491,2392375,24835611,24.6,1,100.181
28508,2390981,49674615,11.6,1,140.938
28517,2389630,49675665,44.9,1,131.596
28527,2388700,24828051,43.1,1,111.993
28533,2388124,49723227,14.3,1,113.442
28541,2386881,24837368,50.6,1,143.942
28551,2386629,24825595,40.5,1,154.913
28559,2385952,24836871,51.4,1,80.2997
28565,2385100,49734253,32.4,1,165.821
28570,2384727,26724431,50.5,1,152.327
28591,2382939,24827785,0.5,1,95.6941
28595,2381938,49675582,48.9,1,153.971
28638,2378409,24826540,42.2,1,105.376
28639,2378398,49673795,13.7,1,148.203
28642,2378240,49674060,31.2,1,137.002
28647,2377980,24826531,19.3,1,100.687
28649,2377842,24826449,39.5,1,139.852
28655,2376829,57262013,45.1,1,145.043
28657,2376254,24828749,32.9,1,131.877
28659,2376086,49673961,44.5,1,136.843
28663,2375549,24834064,23.5,1,157.788
28668,2374884,26669653,38.4,1,94.7084
28672,2374353,49730560,36.9,1,96.5137
28676,2374148,24826444,10.85,1,121.977
28684,2373458,24834207,48.2,1,112.785
28685,2373391,49673705,4.9,1,137.015
28695,2372589,26657930,39.9,1,113.367
28697,2372273,24825959,33.3,1,121.464
28702,2371971,24826244,34.2,1,92.7279
28709,2371600,24825718,11.6,1,120.083
28719,2370673,24834038,44.9,1,178.185
28741,2367271,49724812,35.1,1,162.975
28751,2366372,24828496,30.8,1,123.936
28752,2366366,24828674,33.8,1,108.477
28755,2366268,24826051,38.9,1,129.609
28766,2365086,49676347,27.3,1,142.607
28771,2364621,24837179,45.0,1,93.7625
28784,2363795,49675850,35.7,1,132.48
28786,2363746,26669648,41.5,1,104.041
28787,2363662,24836506,32.2,1,101.497
28788,2363269,24835115,20.0,1,103.99
28789,2363267,24835386,32.3,1,131.185
28790,2363240,49679948,44.0,1,128.823
28792,2363010,24835556,43.6,1,110.086
28795,2362437,26657544,27.7,1,95.7711
28796,2361974,24826525,37.5,1,99.9896
28803,2360979,49673869,4.7,1,133.283
28808,2360761,26657521,2.5,1,112.026
28818,2360119,24841218,32.8,1,138.277
28823,2359855,49676095,44.4,1,133.687
28838,2357468,24828107,47.0,1,135.549
28848,2356790,24829867,40.3,1,115.52
28858,2355284,24828620,1.3,1,120.028
28878,2352756,24828586,13.5,1,79.8582
28888,2351439,49677375,3.7,1,79.9373
28889,2351376,49677217,34.0,1,159.175
28908,2348965,24834691,3.7,1,188.233
28954,2342471,24829726,28.0,1,128.699
28957,2342289,24829539,38.3,1,114.696
28967,2341267,24829691,39.9,1,145.02
28975,2340491,24829716,40.0,1,105.388
28978,2340247,26670033,43.0,1,95.0947
28999,2337850,49674362,7.0,1,128.234
29004,2337453,49677016,41.5,1,128.833
29006,2337135,24832567,40.7,1,176.008
29019,2336020,49675162,19.4,1,99.8586
29024,2335552,49673996,33.6,1,156.841
29049,2329071,49680752,7.3,1,111.745
29050,2328662,3716597,29.8,1,136.877
29054,2327942,24830882,1.4,1,107.14
29055,2327119,24830790,0.2,1,79.0044
29063,2325697,24829186,41.8,1,125.957
29064,2325678,24833165,28.8,1,105.488
29068,2325104,49675304,44.3,1,123.075
29069,2325048,49673871,41.7,1,150.898
29071,2324886,24831710,31.7,1,105.921
29072,2324824,24829397,47.1,1,167.285
29080,2324360,24832738,20.6,1,129.263
29085,2323666,49680513,1.4,1,112.73
29086,2323380,24831712,32.2,1,155.446
29103,2321749,49674032,34.1,1,153.786
29119,2318828,24840996,21.7,1,139.397
29120,2318428,26670319,42.2,1,113.206
29121,2318350,49675495,39.6,1,128.048
29124,2317993,49680566,42.2,1,171.583
29126,2317506,24826986,18.8,1,133.95
29128,2317221,49673125,3.1,1,153.006
29142,2314834,49674273,32.6,1,120.05
29143,2314813,24829518,4.3,1,76.5886
29145,2314619,24836023,34.8,1,135.63
29149,2313868,49674224,24.4,1,90.5886
29159,2312594,24829161,4.2,1,158.04
29163,2311860,49671694,35.9,1,154.722
29166,2311322,26670410,34.4,1,120.871
29168,2311082,3715577,20.7,1,127.169
29171,2310843,26658241,5.5,1,122.42
29193,2307917,24835685,43.4,1,86.5824
29197,2307517,49680936,42.0,1,182.306
29199,2307281,49680642,20.5,1,96.1737
29205,2306768,24827753,38.1,1,113.8
29222,2304848,26657632,0.2,1,121.369
29230,2303787,24828795,44.6,1,125.476
29233,2303617,49675438,1.1,1,126.986
29237,2303048,24829554,36.8,1,125.42
29238,2303040,49668836,25.8,1,190.626
29247,2302060,47196702,46.1,1,147.614
29248,2301863,24794896,25.8,1,138.179
29253,2300919,24797381,38.4,1,147.405
29254,2300529,47200476,43.1,1,208.133
29261,2291466,24803456,4.0,1,116.692
29268,2289519,49641996,51.4,1,131.659
29301,2274691,49668802,39.2,1,91.4171
29304,2274404,26663712,7.6,1,115.89
29310,2271739,47201592,29.2,1,159.143
29323,2267786,24809434,50.5,1,144.006
29327,2267474,49667623,21.6,1,115.184
29336,2265088,24788521,26.2,1,113.543
29340,2264012,24808964,5.1,1,165.928
29350,2260892,49648012,1.1,1,166.805
29357,2258593,47198077,12.3,1,269.404
29358,2258498,47202729,15.2,1,168.16
29367,2255346,24812828,3.1,1,139.606
29373,2253328,7972268,0.3,1,101.372
29384,2249573,47202049,49.7,1,146.216
29386,2248499,7976305,1.4,1,138.603
29388,2247700,47202024,31.1,1,143.166
29396,2246462,24789854,51.5,1,104.818
29401,2245071,47197985,15.1,1,171.632
29415,2243106,24794648,7.6,1,116.599
29424,2241667,14724478,11.2,1,91.2507
29434,2239474,24794222,31.0,1,149.457
29436,2239331,24796548,33.8,1,91.8549
29446,2237961,47199122,25.1,1,120.913
29447,2237947,47202392,40.1,1,151.287
29449,2237594,24794928,1.8,1,117.151
29451,2237364,24795170,17.7,1,105.984
29464,2235821,24795188,1.1,1,114.974
29484,2234382,24794326,4.1,1,91.8289
29500,2233087,24794064,28.0,1,84.8178
29520,2230845,49670249,0.7,1,86.6074
29529,2229662,24794771,0.1,1,145.12
29540,2228893,24781714,2.0,1,124.544
29541,2228786,24791084,38.5,1,100.031
29543,2228702,24793921,10.5,1,119.816
29552,2227693,47196426,0.7,1,149.162
29564,2226166,47197009,14.9,1,119.862
29608,2222168,24797602,49.7,1,101.966
29636,2218779,24787542,25.4,1,89.7352
29637,2218599,24787869,50.6,1,99.8077
29640,2218462,24790946,47.3,1,102.005
29642,2218454,24782139,4.1,1,137.328
29643,2218450,24787509,48.9,1,137.76
29644,2218442,24787507,43.1,1,86.9512
29645,2218435,24784870,44.1,1,125.894
29646,2218434,24790948,41.2,1,137.142
29656,2215747,24794456,39.3,1,128.116
29657,2215689,47195489,40.5,1,190.408
29664,2215170,24804769,35.5,1,121.435
29682,2213235,47198709,10.1,1,154.279
29685,2213076,24796397,33.9,1,155.045
29688,2212682,47196447,50.6,1,129.048
29689,2212069,49826030,2.4,1,106.122
29698,2210788,47196443,0.7,1,157.228
29699,2210686,24821350,31.7,1,109.713
29715,2209298,24792635,45.4,1,82.1004
29718,2208886,24793570,34.1,1,119.051
29720,2208666,24792163,30.4,1,91.8137
29723,2208264,49726334,47.7,1,126.605
29726,2207993,24793607,26.1,1,111.757
29727,2207942,24793252,48.5,1,88.049
29741,2206707,24792373,41.6,1,114.112
29742,2206515,49726011,39.7,1,98.8038
29755,2202870,47198960,26.7,1,160.92
29757,2202307,24809480,24.5,1,102.13
29763,2200364,47196521,38.4,1,159.86
29766,2199037,47196290,16.7,1,178.46
29770,2197748,47200627,13.6,1,156.711
29790,2189028,47202094,1.1,1,148.808
29793,2188299,49668606,42.2,1,184.756
29801,2185288,49733634,49.8,1,219.751
29806,2183053,47202093,22.8,1,147.679
29821,2177195,49680086,27.5,1,144.838
29830,2175392,49644577,35.0,1,142.135
29840,2173525,47198589,16.7,1,182.702
29843,2172274,49666837,21.5,1,139.713
29845,2171879,24820566,35.8,1,86.6286
29852,2170787,24829970,44.2,1,80.7449
29860,2168467,24793041,31.9,1,101.506
29861,2168368,47204616,45.2,1,149.394
29866,2166728,24826015,27.0,1,110.123
29885,2163740,47202210,40.5,1,164.423
29894,2162155,49733534,0.2,1,165.178
29897,2161841,24824929,10.8,1,130.506
29935,2151521,24812715,39.8,1,147.221
29987,2145489,24808048,4.1,1,142.122
30003,2141381,51085352,45.8,1,134.925
30013,2136521,49665417,6.9,1,157.367
30015,2136107,49679496,1.3,1,151.667
30019,2134298,49671173,11.9,1,133.465
30020,2134297,49670602,22.6,1,123.991
30021,2133777,24813200,27.3,1,166.867
30059,2125555,49674571,0.2,1,114.507
30060,2125517,49674569,37.3,1,103.293
30063,2125324,24829136,28.7,1,90.0086
30074,2124611,24835598,48.3,1,92.1405
30077,2123393,24829166,47.6,1,119.081
30082,2122512,24829113,3.3,1,129.668
30088,2121892,49717970,45.2,1,103.432
30092,2121587,49673513,47.2,1,116.585
30096,2121353,24791237,24.8,1,137.479
30100,2120341,49675518,39.1,1,138.483
30104,2120114,49675554,39.8,1,140.157
30110,2119148,24825169,9.9,1,104.494
30115,2118298,49674203,8.9,1,144.24
30127,2117341,24824629,41.6,1,94.2405
30145,2116125,49676992,2.8,1,140.133
30188,2111513,24802818,44.3,1,146.309
30191,2111399,24818146,1.2,1,151.704
30194,2110924,49675171,39.5,1,123.146
30268,2104074,24837495,33.3,1,118.288
30288,2102350,24839588,45.3,1,144.689
30354,2095911,49724817,38.9,1,177.559
30362,2095480,26658163,39.7,1,153.072
30372,2094798,49673624,0.4,1,149.567
30373,2094784,49673845,12.1,1,122.274
30387,2093795,49676321,7.9,1,115.966
30458,2088142,24832334,43.4,1,87.0059
30469,2087499,49724644,9.3,1,193.732
30478,2086721,24832007,1.8,1,75.6733
30490,2086353,24836132,51.3,1,114.807
30524,2084095,24830359,44.8,1,129.585
30525,2084043,24827398,25.8,1,122.893
30539,2083345,24831912,10.1,1,71.6417
30563,2081076,26670280,34.6,1,159.48
30564,2081017,49673339,43.6,1,176.225
30565,2081016,49673108,19.8,1,145.256
30584,2078831,24830449,25.3,1,83.4261
30624,2064173,24784741,44.9,1,84.4254
30627,2063958,24827897,15.6,1,121.321
30637,2062636,24793095,24.6,1,156.096
30640,2060916,24835086,20.2,1,94.1183
30646,2060442,24831860,24.5,1,112.079
30662,2058901,47198819,27.7,1,141.32
30663,2058349,47197046,29.5,1,166.685
30664,2058153,47202341,18.1,1,207.107
30687,2056018,49669882,23.0,1,134.495
30690,2055738,24825903,26.9,1,93.7324
30692,2055175,49645078,32.5,1,140.222
30697,2054727,49649742,4.0,1,231.136
30703,2053815,47198993,29.0,1,153.053
30713,2049905,49677838,37.2,1,111.434
30717,2049882,24816705,18.4,1,112.824
30720,2049835,24816376,12.0,1,163.328
30721,2049789,24832380,31.7,1,97.2035
30742,2045736,26663687,3.7,1,89.8909
30743,2045288,26666963,15.9,1,77.1101
30750,2043083,26667165,18.0,1,104.187
30764,2037556,26671420,40.6,1,93.1441
30766,2036931,26726124,33.6,1,126.26
30772,2033398,49667366,36.5,1,145.181
30794,2028146,49667302,37.6,1,142.403
30795,2028070,49667374,22.8,1,141.088
30799,2027065,24796391,27.4,1,141.703
30804,2025368,49667064,3.8,1,136.656
30811,2021697,49648209,43.9,1,131.956
30821,2016236,26663158,2.4,1,102.579
30826,2014032,26663108,1.3,1,123.449
30855,2003392,49667533,13.2,1,128.035
30886,1994994,26662450,1.8,1,130.782
30888,1994587,26726135,2.3,1,114.689
30895,1992283,26671278,41.7,1,97.1604
30900,1991174,26725933,2.7,1,117.224
30904,1988981,26669801,31.7,1,123.186
30911,1987792,24825637,23.9,1,152.405
30913,1986175,26661838,2.0,1,122.542
30919,1984058,49668756,0.2,1,99.7465
30920,1983669,26666087,1.8,1,103.606
30926,1982104,26671353,42.6,1,110.881
30927,1980797,26664247,33.6,1,130.829
30932,1979036,26669581,47.2,1,124.508
30937,1977109,26662942,3.7,1,174.138
30942,1974506,17432225,0.2,1,142.113
30946,1974066,24786949,50.2,1,108.642
30952,1972867,26663056,54.9,1,94.002
30959,1971353,24794397,2.4,1,114.128
30968,1970388,24822475,30.8,1,125.486
30969,1970378,24841308,48.5,1,118.653
31002,1963150,26662863,2.4,1,128.953
31005,1962620,26660274,21.1,1,112.181
31006,1962541,26658474,52.3,1,116.972
31010,1960296,26661163,53.0,1,122.784
31013,1959729,26665861,44.2,1,98.1748
31022,1955955,26665364,4.5,1,111.805
31027,1954262,26670912,57.2,1,115.025
31030,1953182,49648755,53.1,1,106.983
31032,1952623,49667643,28.3,1,105.621
31039,1950327,49645802,19.5,1,128.184
31044,1947746,24786914,45.5,1,93.3235
31061,1945070,49817380,46.1,1,150.034
31065,1943929,49647049,50.2,1,149.024
31076,1939012,26664061,8.5,1,91.8312
31084,1936414,49727460,52.6,1,131.185
31085,1935420,26667077,1.3,1,95.793
31090,1933194,24810021,46.0,1,149.057
31091,1933112,24784068,45.4,1,121.642
31092,1933044,49733528,33.2,1,122.521
31095,1932917,24789771,44.1,1,151.33
31097,1932902,49733263,47.7,1,138.194
31100,1932508,26671123,1.2,1,88.5686
31118,1927956,26661758,47.3,1,92.9086
31119,1927662,24811290,24.9,1,89.8566
31127,1925457,26670880,1.6,1,135.825
31130,1924209,26671205,37.8,1,92.7566
31131,1924086,26662171,53.6,1,138.034
31148,1917167,26726326,53.9,1,139.922
31150,1917125,26659038,39.2,1,136.345
31172,1911817,26662311,26.1,1,99.2526
31174,1911770,26726094,8.8,1,158.583
31176,1911539,24785912,4.9,1,158.793
31197,1906043,26726317,21.1,1,158.577
31198,1905936,26671244,3.8,1,123.86
31201,1905506,26662532,48.8,1,138.607
31210,1903391,26659016,33.7,1,89.8436
31214,1902752,26660929,50.6,1,119.622
31218,1902078,26670996,3.1,1,132.357
31222,1901112,26670770,22.6,1,160.941
31223,1900943,24802732,31.1,1,124.819
31247,1895919,24809186,42.1,1,134.584
31255,1894260,26661242,57.2,1,137.077
31256,1894136,26669506,42.2,1,123.173
31262,1891764,26725899,38.0,1,178.224
31272,1885341,26725782,5.1,1,130.0
31298,1872661,26663735,2.5,1,125.01
31299,1872660,26726390,35.8,1,138.18
31328,1867183,26665565,9.1,1,130.572
31350,1861599,49667401,13.4,1,144.841
31352,1860942,24795187,40.4,1,106.894
31359,1859492,47201414,28.2,1,130.876
31368,1858048,26661040,27.8,1,111.822
31371,1856807,24796858,47.2,1,86.0017
31392,1851480,26660451,9.4,1,152.893
31394,1851222,26663192,49.8,1,104.986
31398,1849949,26662030,23.0,1,155.127
31404,1849030,26661654,18.2,1,140.651
31405,1848773,24794396,43.6,1,152.372
31428,1842043,26666044,1.0,1,95.2651
31432,1839667,49667304,7.4,1,141.868
31434,1839212,26662799,33.4,1,129.245
31439,1838616,49649236,12.8,1,194.382
31453,1834882,26665608,35.2,1,135.576
31454,1834765,26665869,47.1,1,131.713
31469,1830754,26660402,5.3,1,79.4652
31487,1825741,24813666,25.8,1,154.525
31488,1825639,24787375,40.9,1,129.235
31490,1825305,49669254,30.7,1,168.115
31494,1820334,47194879,52.0,1,169.579
31495,1820257,47199212,57.2,1,168.5
31501,1818307,49821274,42.4,1,137.743
31508,1817559,49735861,15.2,1,156.894
31509,1816829,24808132,42.8,1,151.303
31518,1812398,26663069,7.7,1,129.284
31519,1811587,26659426,13.0,1,133.774
31537,1807333,17388550,57.6,1,174.151
31539,1800393,24838068,22.6,1,133.202
31541,1798323,49668600,16.0,1,138.091
31544,1796830,49821873,25.4,1,153.923
31546,1796231,47200542,39.8,1,126.558
31554,1791668,49824312,4.9,1,123.632
31557,1791346,49827953,15.1,1,164.36
31558,1791317,49821884,3.4,1,174.769
31559,1791263,49825639,31.9,1,190.628
31560,1791144,49821219,32.8,1,183.013
31561,1791140,49821239,25.5,1,168.24
31563,1790669,49821872,4.4,1,147.679
31564,1790476,49821223,1.5,1,176.086
31571,1787636,49825586,30.7,1,149.599
31575,1784152,24787273,10.0,1,168.629
31585,1761880,49665210,0.3,1,156.534
31590,1742917,24794741,6.8,1,175.259
31591,1742045,47201728,3.8,1,188.331
31603,1728350,24809902,27.1,1,153.848
31609,1725541,49824318,2.7,1,156.834
31620,1718048,47201883,4.9,1,130.52
31623,1717938,24797663,54.4,1,128.436
31624,1717930,49665394,54.0,1,141.298
31635,1714069,47197704,48.9,1,161.408
31642,1712853,47204200,25.3,1,147.59
31648,1705641,47199653,24.4,1,143.395
31649,1695600,24788848,1.1,1,104.397
31651,1672531,24828572,5.0,1,130.679
31654,1652712,49674291,49.1,1,149.715
31671,1632882,49645052,49.9,1,158.99
31678,1628000,26670941,31.7,1,141.296
31679,1627636,26671467,28.7,1,121.88
31680,1627491,26661449,35.6,1,117.964
31682,1625910,49679534,0.7,1,105.263
31683,1625554,26663846,2.7,1,121.917
31684,1625080,26663796,37.4,1,125.719
31692,1622297,49647413,52.1,1,153.585
31697,1617920,26663122,28.3,1,114.113
31709,1611627,26659020,30.3,1,112.305
31716,1607515,24805374,47.4,1,121.661
31722,1602504,26671605,31.4,1,130.902
31743,1591624,26665394,17.4,1,93.4704
31744,1591163,24813182,49.3,1,108.987
31749,1587838,49648058,5.1,1,129.079
31767,1582612,49724784,48.2,1,144.424
31769,1581987,24833410,0.8,1,94.9421
31799,1567287,26666614,46.9,1,141.088
31800,1567097,26725795,26.6,1,125.817
31811,1562989,24809783,1.3,1,103.969
31814,1562706,49829208,45.1,1,186.804
31832,1554840,26660799,36.7,1,126.347
31833,1554319,49680362,44.6,1,209.029
31845,1550242,24788804,26.6,1,150.247
31855,1548086,24813083,35.9,1,107.233
31865,1541788,49649623,39.4,1,118.875
31866,1541671,49674823,4.2,1,150.635
31869,1541587,24816738,19.8,1,126.562
31871,1540853,24827942,9.4,1,117.816
31881,1537229,49729893,25.8,1,179.665
31908,1527243,26662065,11.8,1,150.677
31910,1524005,26663521,45.5,1,94.2996
31911,1524003,26667204,55.6,1,104.286
31913,1523396,24831401,25.7,1,106.403
31925,1520108,47202022,26.2,1,193.675
31932,1517328,24827703,11.2,1,106.649
31935,1514690,24812399,4.6,1,101.086
31936,1514485,24823327,12.7,1,135.867
31939,1512459,24822477,39.5,1,127.043
31944,1512279,49679999,0.6,1,111.648
31969,1511617,24823873,36.0,1,98.914
31970,1511527,47198748,1.6,1,116.859
32012,1509622,24814621,23.5,1,86.2428
32044,1508394,24785610,0.6,1,181.608
32108,1504760,24785582,43.1,1,119.503
32119,1504530,24811581,45.6,1,169.09
32133,1503698,49649361,1.8,1,127.772
32140,1503539,26662875,35.6,1,140.614
32147,1503195,24781165,20.1,1,138.36
32154,1502838,49670319,0.2,1,126.666
32161,1502284,24836348,37.3,1,152.261
32170,1499172,24784732,0.2,1,99.1798
32209,1490906,26664004,52.6,1,92.6714
32210,1490896,24820218,20.0,1,126.042
32225,1490249,49666210,10.7,1,104.659
32226,1490247,24817906,53.3,1,105.821
32230,1490139,49665896,5.7,1,113.227
32242,1489253,24821488,9.8,1,138.192
32310,1488016,49666338,39.2,1,172.423
32343,1487337,49665843,24.1,1,143.705
32383,1486116,49666561,44.6,1,146.971
32426,1485426,49666384,44.9,1,157.382
32448,1484838,49666340,41.0,1,166.685
32556,1481305,24822096,24.5,1,93.271
32571,1481190,24821835,13.0,1,75.8974
32572,1481180,24820215,1.8,1,80.143
32583,1480920,24818156,1.4,1,86.9423
32584,1480919,24817553,1.2,1,172.616
32596,1480718,24824545,47.4,1,124.221
32605,1480557,24819809,33.6,1,126.402
32607,1480541,49666391,40.8,1,138.188
32622,1479852,49666185,19.3,1,116.428
32650,1478409,24819148,13.4,1,101.63
32659,1478191,24824565,7.0,1,109.614
32670,1478046,24824570,47.7,1,141.152
32699,1477620,24824571,23.2,1,117.348
32703,1477595,49666263,39.6,1,124.525
32726,1477078,49666646,18.7,1,165.72
32752,1475942,24819165,27.5,1,123.353
32757,1475493,49665888,36.3,1,130.936
32761,1475464,24831688,19.4,1,89.1793
32764,1475294,50086815,46.1,1,153.642
32830,1473457,24817510,33.3,1,142.429
32898,1472329,49665816,21.0,1,149.288
32915,1471633,24820026,7.5,1,139.09
32920,1471311,24819483,18.3,1,101.522
32921,1471142,49665706,40.2,1,170.014
32922,1471141,49666719,36.9,1,144.671
32986,1454908,49665468,8.0,1,140.024
32992,1453037,49726956,1.9,1,124.002
32996,1452908,49733082,0.4,1,127.345
32998,1452890,49725818,1.6,1,128.311
33019,1451531,24812652,1.3,1,132.872
33038,1449812,24780436,2.3,1,150.133
33069,1445364,24808918,3.9,1,136.528
33082,1442866,24797073,1.7,1,116.172
33100,1438796,24784435,1.3,1,138.192
33101,1438773,24787351,0.3,1,170.491
33125,1433832,49733300,3.2,1,87.4559
33141,1432270,24807375,17.6,1,97.3327
33174,1423272,26670823,17.7,1,130.7
33176,1422830,49647514,15.2,1,163.396
33184,1420946,26725978,3.5,1,141.828
33209,1416550,24809387,46.6,1,128.712
33230,1404043,26658348,12.2,1,181.815
33240,1400652,49647289,0.3,1,164.913
33247,1399755,49647571,14.1,1,146.452
33261,1397666,26660840,49.4,1,136.577
33265,1396226,26725612,1.3,1,99.275
33267,1395238,24827894,6.8,1,167.555
33271,1394397,26658666,36.0,1,136.164
33281,1389502,26671357,5.1,1,139.151
33296,1385360,26658403,56.8,1,119.927
33323,1378406,47198346,34.2,1,109.055
33324,1378338,47197972,1.3,1,116.139
33327,1377281,47198248,6.1,1,193.78
33328,1377280,47198527,17.0,1,204.412
33329,1377274,47198967,15.2,1,158.684
33330,1377244,47198404,1.0,1,157.471
33331,1377232,47199044,8.0,1,168.741
33332,1377226,47202231,42.1,1,140.952
33333,1377206,47198538,6.3,1,160.829
33334,1377199,47199032,31.8,1,152.901
33336,1377164,47198009,4.8,1,161.631
33337,1377160,47198594,17.3,1,170.927
33338,1377120,47198177,24.3,1,165.905
33339,1377068,47199013,0.9,1,181.213
33341,1377005,47198590,17.7,1,180.412
33343,1376821,47202012,23.4,1,116.746
33344,1376447,49646911,9.9,1,129.64
33351,1375742,47198492,1.4,1,196.387
33352,1375723,47198507,33.8,1,97.24
33356,1371384,24811166,31.1,1,181.482
33360,1369444,47198225,30.9,1,136.475
33390,1348878,47198768,5.6,1,131.758
33391,1348641,49667233,3.9,1,131.858
33395,1346651,26667091,5.9,1,66.1931
33404,1339855,47202190,3.9,1,177.217
33410,1334525,47197826,0.4,1,150.843
33418,1329828,47201998,57.0,1,162.229
33419,1329648,47196618,0.4,1,149.873
33421,1325392,26671549,11.2,1,124.056
33429,1319898,22403882,13.9,1,152.88
33435,1317476,26666576,41.5,1,134.734
33462,1302924,24784889,53.3,1,123.404
33471,1300897,24791675,55.2,1,144.507
33477,1299402,47200933,29.2,1,107.264
33482,1298255,24783361,45.0,1,114.247
33488,1296008,24798004,0.6,1,82.62
33494,1294515,24784925,1.7,1,87.857
33534,1269420,47200818,22.5,1,124.438
33539,1268248,26730487,26.5,1,131.612
33545,1266385,24823176,39.2,1,132.079
33547,1265701,47196837,41.8,1,173.387
33549,1265289,49815885,49.1,1,114.624
33550,1265108,24795897,33.3,1,84.8389
33555,1264139,49825317,36.4,1,114.649
33582,1260064,24792895,29.6,1,128.159
33589,1259066,24794360,2.6,1,118.394
33595,1258496,24796445,33.7,1,78.3372
33596,1258368,24796356,48.0,1,114.113
33597,1258345,24796834,41.4,1,120.603
33607,1257397,24797375,28.2,1,103.909
33610,1257250,49816763,2.3,1,92.0695
33645,1252181,24795222,21.6,1,162.812
33660,1250602,47199895,48.2,1,114.406
33683,1247685,24782394,0.3,1,81.0063
33684,1247646,47196404,25.9,1,112.507
33704,1247098,47198364,0.3,1,146.354
33717,1246799,24783985,19.5,1,96.1095
33751,1245805,24782479,30.2,1,112.524
33753,1245763,24788506,15.6,1,123.259
33775,1245175,49823970,16.5,1,134.502
33807,1240272,26726157,10.5,1,118.031
33810,1237542,49827052,39.9,1,122.855
33841,1227689,26666079,0.8,1,133.357
33846,1226902,24788213,0.4,1,95.2337
33853,1226749,49821159,6.4,1,171.586
33854,1226717,49825641,38.9,1,146.19
33855,1226658,49821162,47.4,1,150.851
33865,1225672,24797622,36.8,1,81.3328
33866,1225605,49825576,39.6,1,158.971
33869,1224578,49821564,36.6,1,140.031
33870,1224504,49821381,3.6,1,138.301
33876,1222695,49665612,47.8,1,93.6326
33882,1219913,26659399,23.9,1,98.0133
33883,1219586,49821686,42.9,1,174.414
33899,1214172,49649158,0.8,1,162.769
33902,1212146,26671075,4.0,1,116.293
33904,1210970,24781390,7.2,1,104.013
33907,1209895,26659774,4.1,1,149.555
33909,1208567,47202176,4.1,1,183.836
33911,1206899,24823053,13.5,1,176.466
33925,1201959,26671025,3.3,1,109.688
33931,1201366,24827127,26.3,1,114.073
33935,1189912,47196621,1.6,1,101.653
33955,1168066,49730103,31.5,1,156.736
33965,1163059,49725141,54.9,1,101.837
33998,1150860,49729410,49.7,1,132.82
34009,1147554,49646016,28.4,1,132.672
34011,1146349,24780144,0.2,1,95.3887
34014,1144752,47203924,38.0,1,113.312
34018,1142407,24790085,18.9,1,107.856
34053,1132009,24780764,32.1,1,163.609
34054,1131573,49736219,53.2,1,115.794
34066,1127228,49728972,23.6,1,126.13
34071,1124396,49730281,51.4,1,125.983
34088,1121648,49816149,46.7,1,164.63
34108,1115305,47200992,42.4,1,88.0485
34113,1113009,17504780,6.7,1,148.144
34117,1112324,24804879,30.6,1,121.106
34151,1103417,24804525,0.5,1,119.282
34152,1102888,49642522,0.2,1,134.863
34153,1102628,47204475,36.2,1,174.07
34159,1099826,49641530,41.1,1,108.112
34162,1099821,49665575,5.0,1,151.781
34178,1096450,47204337,26.0,1,155.239
34195,1094903,49725962,0.5,1,89.0912
34207,1094117,24807429,13.8,1,118.201
34249,1092811,24808589,31.3,1,150.59
34250,1092810,24808793,28.7,1,136.894
34257,1092472,24808460,1.8,1,140.453
34258,1092442,24808120,1.3,1,119.036
34261,1092430,49641332,0.6,1,115.806
34262,1092429,47204137,7.6,1,192.399
34272,1091333,24804468,8.9,1,87.8789
34285,1090543,49665595,38.7,1,151.572
34289,1090315,24790251,41.8,1,129.449
34291,1090312,14723030,4.9,1,159.252
34292,1090305,24790253,34.3,1,139.671
34326,1088438,47203507,2.7,1,108.851
34334,1088126,47203982,34.3,1,100.112
34378,1084824,24809008,9.4,1,114.604
34382,1084779,49678559,49.3,1,154.396
34386,1084412,24809974,1.2,1,107.829
34397,1083058,24780921,3.5,1,179.374
34445,1080691,49729828,55.6,1,175.768
34458,1079281,49665390,55.4,1,108.824
34509,1072771,49641389,16.8,1,148.897
34526,1070617,49641189,35.4,1,153.471
34527,1070294,49647004,54.4,1,144.918
34537,1067888,47198210,1.4,1,159.221
34538,1067862,24833479,47.7,1,145.173
34543,1049874,49642390,24.4,1,152.723
34571,1021093,47195259,0.8,1,174.054
34577,1019255,47199165,1.1,1,144.825
34587,1017369,14733930,0.8,1,189.18
34589,1017333,4262347,48.7,1,118.914
34590,1017283,47195488,14.6,1,183.962
34591,1017282,47195260,1.0,1,158.465
34602,1010707,49726730,0.5,1,120.806
34604,1009770,49827383,30.3,1,127.044
34619,998756,50086452,53.1,1,149.055
34623,993475,49824373,57.2,1,185.07
34647,988232,24805428,0.8,1,111.665
34672,979664,22413631,0.4,1,178.024
34684,978233,24792896,5.8,1,105.737
34716,977296,24785169,43.2,1,89.8667
34726,976994,49730007,30.6,1,119.081
34754,976107,47196567,8.8,1,151.349
34766,975800,24795273,10.9,1,169.221
34774,975714,49643627,27.8,1,167.171
34784,975545,47204278,50.1,1,149.579
34786,975535,47196576,44.3,1,143.787
34792,975411,47202131,35.3,1,155.758
34799,975200,47196315,34.8,1,138.797
34810,974921,47196544,0.3,1,201.423
34819,974724,24792594,10.4,1,107.407
34838,974438,24793096,18.7,1,103.297
34860,973894,49646843,35.7,1,166.63
34901,972900,47203378,5.3,1,104.591
34904,972844,24822400,3.6,1,102.765
34906,972821,24794136,19.3,1,115.683
34921,972588,24794484,41.9,1,142.736
34925,972546,24790572,46.6,1,130.437
34935,972486,47201868,0.6,1,109.441
34944,972406,24809319,35.5,1,115.785
34952,972339,24796510,46.8,1,78.8112
34953,972296,24796354,33.1,1,92.084
34955,972287,24797330,40.3,1,133.915
34957,972224,24796968,50.3,1,147.503
34965,971985,24797389,8.0,1,122.098
34970,971874,24796893,33.7,1,88.4943
34974,971757,24797576,44.2,1,128.052
34984,971659,24797064,50.6,1,84.1377
34986,971628,24785799,31.2,1,126.397
34993,971566,24796863,42.5,1,95.4726
34997,971504,24797670,49.9,1,111.335
35001,971434,24796296,0.2,1,106.673
35002,971432,24797298,49.6,1,79.5393
35005,971419,47201133,15.0,1,186.003
35006,971388,24793021,44.2,1,100.354
35014,971328,24790821,41.3,1,92.3018
35015,971320,24809592,4.5,1,129.019
35019,971253,49827401,44.8,1,158.467
35042,970893,49824224,4.1,1,120.91
35043,970861,24793571,43.6,1,107.575
35081,970323,24798291,24.5,1,73.3998
35082,970318,24807525,40.9,1,140.708
35087,970217,24798185,41.6,1,87.999
35098,969997,24805793,0.7,1,79.7633
35101,969955,24792944,42.2,1,114.731
35104,969889,24806190,31.5,1,135.635
35114,969172,49827859,4.8,1,213.969
35146,965678,47203979,43.9,1,124.009
35152,965016,24801348,5.0,1,128.635
35158,963834,24834647,10.5,1,137.743
35159,963804,24816215,36.5,1,126.015
35161,963393,49673814,44.1,1,162.831
35162,963386,49677524,31.8,1,136.062
35177,961962,24787462,45.5,1,119.927
35178,961861,24788903,22.9,1,148.394
35181,961186,49644624,42.4,1,231.28
35182,961105,24806588,4.4,1,128.783
35185,960733,49669780,0.3,1,135.713
35186,960709,47197830,2.4,1,119.926
35188,960468,49641478,42.6,1,178.656
35190,960374,49728400,12.7,1,143.875
35195,959863,26662836,17.5,1,158.145
35197,959599,24796931,6.7,1,119.544
35235,954601,49641399,46.9,1,125.887
35239,954343,49649146,50.4,1,136.491
35247,953455,26662958,20.5,1,117.296
35261,952436,47204045,18.5,1,129.714
35265,952243,24792826,47.1,1,123.279
35269,951945,24810819,30.8,1,130.325
35274,951884,24807227,27.6,1,85.8336
35278,951867,24836279,41.7,1,134.607
35290,951453,26664071,38.2,1,135.911
35298,951305,26665417,1.2,1,142.69
35302,951145,49667975,2.1,1,141.752
35307,950924,49643106,2.9,1,157.739
35309,950890,26665595,6.6,1,137.814
35316,950772,26663633,49.7,1,100.581
35318,950744,26660856,1.0,1,135.022
35320,950682,26666729,33.3,1,136.095
35325,950568,49667002,51.9,1,147.102
35326,950565,26663838,4.9,1,137.266
35331,950433,26667106,13.3,1,111.67
35352,949960,26725776,16.0,1,157.628
35354,949932,49647190,37.6,1,120.235
35358,949716,24807527,13.8,1,87.4417
35366,949265,26663285,51.0,1,122.172
35391,948613,26671593,41.2,1,155.307
35393,948526,26662348,42.9,1,133.669
35399,948415,26659315,9.4,1,128.048
35408,948138,26663254,17.1,1,173.3
35409,948133,49648018,40.1,1,143.698
35420,947839,49666861,47.4,1,208.783
35429,947598,49646678,36.0,1,105.724
35433,947481,26669579,32.6,1,93.7972
35444,947014,49647548,49.2,1,132.536
35449,946916,26666512,5.5,1,131.965
35460,946221,49647188,0.3,1,143.719
35464,946154,26671339,37.6,1,162.309
35466,946068,49666981,31.8,1,141.327
35495,944986,26659952,27.2,1,119.087
35497,944935,24786901,49.3,1,128.421
35500,944813,26658772,29.1,1,133.285
35507,944360,26658934,47.5,1,100.313
35510,944292,26658592,27.6,1,77.1552
35512,944274,49647696,43.6,1,151.448
35520,943720,47203462,35.8,1,231.578
35525,943470,49646955,48.1,1,130.941
35527,943408,26726234,5.2,1,120.75
35565,941920,26658413,41.5,1,120.031
35566,941901,24782637,42.5,1,113.228
35599,940400,26671211,49.9,1,133.673
35600,940263,26671671,20.5,1,127.114
35601,940212,49648653,2.3,1,144.139
35604,940115,26665465,1.9,1,103.539
35606,940083,49648820,0.2,1,174.553
35611,940003,26662370,35.2,1,151.947
35616,939883,26667120,4.7,1,79.5466
35619,939838,24808812,31.9,1,105.489
35639,939075,26661889,36.3,1,113.583
35645,938783,26671044,0.6,1,104.799
35652,938551,49819830,26.9,1,130.021
35658,938399,49647597,4.7,1,121.036
35672,937851,49641666,31.8,1,158.831
35686,937377,49648079,48.7,1,114.567
35692,937085,26671597,41.8,1,107.377
35702,936761,49820538,46.9,1,112.982
35705,936709,49641549,47.6,1,94.2157
35707,936618,26663895,38.6,1,121.052
35721,936056,24782856,1.3,1,131.467
35722,936046,26671626,4.3,1,110.699
35725,935974,26725652,14.7,1,100.291
35734,935692,24795231,1.6,1,109.835
35735,935678,24795291,0.7,1,82.5149
35740,935524,26671574,27.2,1,113.811
35742,935415,17433179,9.2,1,171.909
35743,935400,26661967,30.6,1,164.548
35744,935396,24795357,27.9,1,99.5156
35754,935194,24795041,14.1,1,145.496
35762,935003,24795052,0.8,1,107.943
35770,934843,49816447,0.5,1,124.791
35782,934550,24795894,1.1,1,92.1989
35786,934441,26725880,45.3,1,152.315
35793,934282,24787470,39.6,1,140.07
35794,934278,26666222,1.2,1,116.638
35795,934271,26659754,0.7,1,148.769
35796,934233,26663804,37.3,1,97.3314
35799,934100,26663745,41.9,1,90.2723
35826,931776,26671266,12.4,1,108.299
35829,931663,26662962,43.3,1,150.703
35832,931564,26659622,29.4,1,90.5376
35833,931556,26660978,43.4,1,88.76
35837,931341,26662760,21.4,1,124.522
35850,930898,26667201,22.3,1,100.001
35861,930549,24780972,24.1,1,154.882
35867,930322,24787622,32.8,1,118.929
35892,929617,26667141,4.0,1,123.2
35901,929434,26660500,37.9,1,104.121
35921,925012,47203330,0.6,1,163.848
35938,921948,26658991,15.6,1,146.553
35941,921893,26661230,43.1,1,144.632
35945,921808,49667054,0.5,1,164.181
35950,921775,26667015,0.2,1,76.5894
35975,919877,47201661,2.1,1,135.65
35984,919521,26725746,37.1,1,148.983
35991,919256,26658873,13.4,1,132.165
36009,917296,26662979,10.1,1,94.0522
36019,917055,26726203,5.4,1,170.525
36024,916878,49817328,30.7,1,143.84
36028,916370,26662684,11.2,1,146.305
36038,916087,26661203,16.9,1,125.47
36050,915709,26660931,39.8,1,126.35
36052,915653,26671286,44.3,1,105.021
36056,915527,26667359,29.6,1,132.47
36082,913333,26659196,46.1,1,94.6579
36086,913226,26660541,35.9,1,132.799
36088,913181,26659519,38.0,1,153.694
36112,912209,26660745,37.8,1,132.523
36118,911730,26671429,34.4,1,123.437
36124,911287,26660563,0.5,1,83.5791
36134,910973,49667766,42.6,1,157.386
36200,902569,49726147,3.2,1,96.5044
36203,902206,24781395,11.6,1,113.614
36208,900897,47200530,34.7,1,138.357
36214,900724,24806695,30.2,1,114.469
36227,900179,24796761,6.7,1,149.924
36231,900026,24797648,25.7,1,128.135
36232,899976,26670983,0.4,1,134.144
36233,899770,24783796,33.9,1,122.389
36239,899206,24805000,45.5,1,120.8
36241,899156,47196232,31.0,1,138.42
36270,896933,49827321,38.5,1,156.689
36318,894360,47203085,0.4,1,130.824
36329,894140,49679326,50.0,1,150.305
36395,892497,49648590,0.4,1,129.925
36410,892093,24791177,0.7,1,142.401
36417,891922,49648545,1.8,1,169.964
36430,891629,49727385,44.1,1,92.7304
36460,890478,24795039,47.0,1,98.4496
36466,890186,47204809,12.6,1,173.025
36474,889679,26667116,3.2,1,150.594
36522,887709,47196371,40.7,1,78.8199
36533,887096,47202038,0.7,1,134.694
36538,886509,49677709,32.5,1,128.994
36540,886408,49678190,0.3,1,149.5
36542,886330,49718975,34.2,1,108.411
36614,882910,49641323,42.4,1,166.921
36638,881165,47202072,2.5,1,122.192
36661,880223,49825339,48.8,1,180.003
36665,879917,47202384,5.7,1,98.34
36666,879823,24808944,30.6,1,125.789
36671,879195,49646803,1.0,1,119.92
36683,878107,24790715,40.7,1,141.828
36688,877511,24812633,3.5,1,90.4248
36693,877450,17415024,32.7,1,145.169
36694,877418,24792176,12.4,1,149.867
36698,877371,24792126,4.6,1,109.621
36702,877310,24792058,17.9,1,85.7108
36704,877269,24792078,15.9,1,125.518
36728,876205,49642979,0.2,1,144.069
36734,875880,47201811,38.8,1,162.389
36749,874587,47198820,33.9,1,161.613
36761,873479,24837668,33.3,1,137.977
36770,873296,26726318,10.0,1,175.203
36789,872164,26658582,30.9,1,108.729
36797,871326,47202030,34.1,1,150.26
36798,871259,24815697,0.5,1,112.417
36807,870118,24838006,21.3,1,101.477
36813,869541,47196309,22.9,1,141.677
36814,869523,47196847,24.1,1,156.856
36816,869487,47196844,25.4,1,175.46
36817,869435,47197048,30.2,1,141.162
36818,869403,47197047,26.6,1,155.655
36820,869329,47196904,25.9,1,193.349
36821,869237,47196716,27.8,1,175.313
36826,868764,24804523,39.1,1,126.588
36832,868460,47197954,22.8,1,100.886
36833,868438,47198344,22.5,1,144.438
36836,868366,47198283,25.5,1,132.771
36838,868362,47198289,27.3,1,119.771
36840,868345,47198280,28.7,1,148.352
36845,867913,24821764,1.8,1,66.9221
36854,867305,47197955,30.6,1,144.503
36857,867238,47197947,19.7,1,158.947
36890,866327,49670674,3.0,1,163.194
36891,866294,24793924,38.6,1,80.3237
36893,866275,49667718,34.7,1,112.471
36894,866271,49667925,34.0,1,146.844
36909,865878,49733922,44.3,1,134.019
36916,865659,24805249,29.3,1,128.984
36922,865402,24806247,42.0,1,126.403
36939,864839,49643989,49.3,1,138.241
36949,864561,47204956,27.6,1,152.239
36957,864180,24782543,38.0,1,153.717
36961,863961,24787396,0.5,1,120.828
36963,863811,49666737,46.6,1,154.409
36965,863792,49642651,49.6,1,167.015
37018,860816,24802123,24.9,1,121.317
37045,859555,24790106,49.6,1,116.775
37084,858296,49665304,23.1,1,150.648
37087,858176,24804286,31.0,1,129.509
37102,857392,24786740,44.5,1,74.1973
37132,856234,49728306,33.1,1,127.291
37137,856145,49726654,36.0,1,136.177
37157,855977,24813223,6.9,1,117.394
37182,855255,49728738,35.1,1,154.62
37187,855142,24803668,18.0,1,91.8186
37188,855140,49734162,44.2,1,105.98
37193,855037,24792084,18.1,1,122.017
37200,854799,24805602,6.9,1,108.333
37201,854786,24836596,31.9,1,81.4044
37211,854314,26662026,28.3,1,143.254
37225,853539,49673921,12.6,1,136.273
37228,853463,26659429,39.0,1,103.293
37231,853225,49666890,29.2,1,146.768
37236,852962,24839174,2.1,1,141.971
37260,851643,24781889,2.3,1,116.538
37262,851542,24804594,9.7,1,156.032
37327,849594,47195591,35.4,1,155.126
37329,849362,22413996,1.7,1,186.589
37334,848929,24787982,43.2,1,123.369
37349,847884,24790860,2.5,1,111.162
37351,847810,24830814,21.8,1,124.543
37362,847303,24780484,38.6,1,99.1945
37368,847129,49728561,37.2,1,104.059
37384,846581,24821914,25.5,1,125.231
37385,846580,24808663,36.0,1,156.201
37389,846498,24808973,43.3,1,181.98
37405,845965,24821631,51.0,1,126.78
37411,845490,49643260,8.1,1,101.25
37412,845479,49665443,47.4,1,169.241
37413,845476,49645088,45.2,1,134.948
37414,845407,24787409,5.6,1,123.412
37421,844944,49641668,6.4,1,155.267
37426,844711,24791927,42.3,1,157.596
37429,844431,49818970,31.8,1,92.7575
37436,843725,49824481,50.8,1,139.286
37438,843258,26671598,40.8,1,120.918
37456,842381,47202651,29.7,1,128.398
37467,841318,14744755,35.9,1,99.2035
37485,840025,14719345,29.9,1,168.015
37490,839788,24788077,43.2,1,94.2412
37513,838905,49665669,46.0,1,141.623
37514,838899,24820925,15.4,1,107.055
37564,836132,24808313,6.3,1,136.648
37577,835193,49642934,1.2,1,147.464
37579,835019,24802344,1.2,1,99.1025
37585,834702,47195103,39.3,1,166.053
37597,834487,47194660,28.6,1,131.863
37611,834001,49645007,20.7,1,147.741
37612,833994,49671003,9.7,1,143.4
37613,833984,24795995,38.1,1,145.376
37618,833658,49825782,5.5,1,136.491
37623,833546,49737675,43.6,1,177.41
37624,833541,49819037,37.3,1,174.007
37640,833143,49824317,8.1,1,147.419
37648,832423,47203829,3.7,1,103.451
37651,832057,14744599,21.8,1,122.441
37678,830472,24801374,40.7,1,106.729
37694,829800,49670691,0.5,1,107.39
37695,829764,4255295,23.9,1,141.439
37697,829673,49642978,39.3,1,145.246
37708,829315,24780901,40.3,1,114.594
37719,828721,24794173,44.9,1,112.537
37725,828702,24794096,35.5,1,116.721
37748,827439,49642424,5.5,1,121.025
37749,827419,24808133,19.2,1,175.305
37752,827196,24806565,33.0,1,99.0851
37753,827173,49643251,36.5,1,108.864
37758,826857,14718709,0.4,1,164.738
37761,826520,49645279,1.4,1,127.506
37769,825845,49644145,45.8,1,136.454
37772,825674,49641657,0.7,1,123.91
37777,825411,49725756,9.5,1,84.4982
37814,823118,47201370,25.0,1,133.965
37819,822765,49826818,44.7,1,174.681
37826,822280,47204318,1.2,1,123.879
37853,820816,47199249,4.7,1,136.284
37855,820504,49827156,44.3,1,156.016
37868,820006,24820888,18.9,1,122.526
37879,818969,24802796,17.1,1,123.68
37882,818637,24827382,7.2,1,128.913
37907,815206,26666747,30.6,1,137.764
37930,813098,24784815,7.8,1,128.481
37994,808331,49668842,0.2,1,120.292
38014,807474,47197507,7.1,1,160.158
38027,806545,47196878,1.8,1,190.504
38028,806288,49816493,2.7,1,101.353
38033,806165,49641832,2.0,1,120.87
38034,806045,47204623,1.3,1,136.426
38043,805519,14732615,46.5,1,157.883
38044,805484,49724783,0.3,1,198.156
38045,805432,49736995,39.5,1,125.354
38052,805196,24793720,47.2,1,126.915
38054,805146,47197054,16.2,1,108.218
38055,805136,24821263,20.1,1,117.765
38056,804960,47204943,28.1,1,122.288
38064,804511,47201059,36.6,1,137.314
38073,804077,22415218,2.8,1,93.7199
38082,803748,47197029,26.8,1,154.264
38089,803546,47196776,25.0,1,135.062
38096,803231,24820864,16.7,1,133.713
38102,802924,49678206,34.2,1,120.884
38105,802901,47202055,1.7,1,115.682
38109,802794,49668404,36.3,1,160.192
38115,802540,49642208,41.3,1,110.784
38118,802502,24802510,0.6,1,82.5217
38119,802474,47200582,2.8,1,128.869
38127,802126,24783144,23.1,1,123.141
38128,802125,49729535,8.1,1,125.828
38131,802066,49728194,1.5,1,136.511
38137,801818,49725263,42.5,1,185.764
38160,801047,49643134,47.8,1,111.965
38188,799944,24809761,19.7,1,132.829
38236,798024,24801276,36.8,1,119.717
38241,797744,24822405,13.4,1,85.1128
38249,797253,49677881,0.2,1,210.415
38251,797143,49677928,0.3,1,199.703
38252,797118,47198267,20.0,1,108.905
38263,796792,47201213,7.6,1,136.45
38264,796777,47198023,4.3,1,217.798
38318,794439,49645112,15.7,1,140.074
38325,794021,17416334,0.5,1,181.23
38326,794011,14735143,19.3,1,113.053
38332,793820,49643086,46.1,1,171.713
38334,793579,49826352,9.4,1,232.248
38341,792996,49645247,1.4,1,130.385
38353,792536,47198588,13.5,1,177.422
38355,792495,47198924,0.6,1,163.096
38359,792368,47198587,0.7,1,107.954
38361,792361,47199001,17.0,1,183.155
38366,792150,14719385,20.9,1,165.109
38369,791948,47198664,32.8,1,176.746
38370,791926,24809306,51.3,1,195.704
38377,791441,47202010,32.2,1,146.583
38378,791415,47198178,14.3,1,196.254
38379,791371,47198837,22.1,1,174.271
38381,791351,47199008,35.1,1,155.192
38382,791302,47198005,9.0,1,170.53
38387,791221,47201886,33.1,1,181.025
38388,791209,47198584,4.0,1,154.056
38389,791168,47198162,21.5,1,158.923
38390,791158,47198904,2.6,1,174.434
38395,790959,47202963,6.0,1,153.302
38412,790333,24783298,26.5,1,102.21
38414,790283,24788616,33.1,1,96.9642
38437,789538,26662635,31.5,1,104.775
38444,789064,47203518,20.3,1,138.733
38461,788481,24809837,15.9,1,147.918
38497,786693,49727182,27.4,1,141.199
38514,786238,26669372,45.4,1,97.2462
38515,786178,47198037,0.7,1,165.16
38529,785909,47202299,35.2,1,263.055
38531,785891,49728543,43.5,1,125.834
38535,785711,47201893,34.3,1,182.991
38557,784629,49643485,0.9,1,166.905
38560,784457,47198647,13.7,1,184.16
38565,784316,49644224,37.4,1,86.046
38569,784234,47198255,6.5,1,176.205
38572,784093,47198854,5.6,1,205.611
38576,783957,47198007,6.3,1,172.288
38577,783935,49644225,0.1,1,126.017
38579,783812,47198641,17.6,1,155.89
38581,783742,47197927,37.4,1,169.586
38584,783587,47197906,25.8,1,185.749
38588,783192,47198639,30.1,1,174.701
38596,782887,47198515,29.2,1,171.509
38598,782827,47198690,19.6,1,161.695
38599,782814,47198157,27.2,1,165.552
38602,782728,47198502,19.2,1,168.222
38622,781111,49646767,41.0,1,158.061
38655,779814,24839566,31.4,1,151.609
38675,779368,47204969,13.0,1,158.042
38676,779364,49644378,34.9,1,161.45
38683,778448,49644722,45.9,1,170.399
38707,777816,49641064,34.4,1,119.727
38708,777812,24805165,6.6,1,126.077
38714,777370,26666904,11.8,1,111.686
38729,776928,49644206,11.2,1,144.638
38732,776880,49643383,40.0,1,88.9178
38733,776866,49725689,3.1,1,87.2376
38787,775241,24805198,1.5,1,130.774
38794,774956,49726869,6.9,1,126.584
38843,773461,49641085,0.5,1,86.1168
38846,773405,49726083,7.4,1,193.94
38853,773311,47202842,28.1,1,156.597
38857,773184,49665353,46.4,1,123.062
38890,771515,7970869,31.8,1,135.404
38904,769937,47202938,13.3,1,196.616
38905,769933,24780395,19.5,1,123.005
38910,769669,49644451,26.5,1,133.581
38921,769155,49644745,25.7,1,121.57
38929,768738,24822923,32.2,1,115.931
38931,768666,24789439,36.3,1,133.662
38935,768390,24806183,41.4,1,103.773
38952,767653,24821376,48.7,1,131.652
38957,767487,24780500,23.2,1,129.966
38961,767399,49642764,10.5,1,249.29
38967,767260,24806851,21.3,1,123.705
38975,766779,24813834,9.0,1,134.177
38995,765855,47202234,38.3,1,216.912
39005,765577,47202361,23.4,1,156.006
39015,765284,24808040,2.0,1,91.8042
39017,765234,47198478,25.6,1,179.64
39020,765089,47202233,10.1,1,182.657
39022,765015,47198599,5.7,1,139.113
39026,764835,26671056,27.8,1,117.915
39027,764789,47202193,11.3,1,167.498
39028,764708,47198877,30.1,1,181.309
39030,764640,17504571,38.9,1,122.288
39031,764635,47199031,34.2,1,152.855
39032,764610,47198843,26.6,1,195.739
39033,764598,47198190,43.3,1,166.286
39034,764583,47198048,13.8,1,222.981
39042,764346,47202936,23.0,1,154.696
39043,764344,49643294,33.2,1,166.33
39044,764335,24789561,38.6,1,118.105
39045,764333,24809598,33.6,1,108.631
39046,764328,49645224,1.6,1,163.589
39047,764326,47202935,35.2,1,132.061
39048,764325,24810049,4.2,1,143.765
39049,764311,47198591,37.4,1,158.34
39050,764266,49665581,24.0,1,153.814
39056,764185,47198163,22.5,1,161.535
39068,763760,24817634,2.0,1,111.388
39069,763669,47203722,37.2,1,149.681
39079,763396,47202001,22.1,1,166.647
39080,763322,47198832,19.4,1,145.007
39086,763011,47198852,29.3,1,176.975
39093,762757,24781378,32.7,1,152.2
39099,762646,26662015,0.2,1,74.0919
39123,761632,49649474,4.4,1,236.174
39124,761589,49644536,0.7,1,215.602
39134,760948,24789068,43.2,1,114.84
39135,760825,24790721,38.1,1,88.9071
39137,760603,49645103,35.5,1,163.752
39139,760266,24783744,31.2,1,134.053
39150,759948,49647333,9.4,1,153.361
39183,757991,47202319,26.0,1,221.44
39237,756022,24808574,38.7,1,137.879
39244,755801,26665940,38.6,1,141.995
39251,755651,24788623,38.4,1,123.859
39259,755396,26665438,0.4,1,138.654
39270,755166,47203750,31.1,1,166.262
39292,754229,47198663,25.2,1,151.483
39293,754219,26666575,34.7,1,118.487
39298,754084,47202237,35.3,1,155.154
39299,754053,47199034,26.4,1,192.446
39312,753550,49646781,52.0,1,142.43
39334,753058,47202533,4.3,1,171.676
39343,752768,26659006,17.8,1,82.8941
39357,752424,24809810,0.6,1,197.257
39367,752131,49665183,7.9,1,143.052
39371,751911,49641849,4.7,1,119.21
39372,751906,49641131,4.4,1,164.509
39374,751866,49641079,8.7,1,180.951
39376,751859,47203216,4.5,1,152.117
39379,751820,49666903,3.4,1,97.6444
39399,751000,24796926,10.9,1,145.165
39400,750895,24810905,26.8,1,129.007
39405,750631,24801767,31.8,1,120.581
39430,749987,24790152,11.2,1,144.723
39431,749973,24780405,21.6,1,138.86
39435,749883,49667769,5.7,1,130.97
39462,748785,49665619,29.7,1,99.5693
39468,748665,47203445,0.2,1,160.211
39485,748205,24815007,40.2,1,79.9969
39489,748081,26664005,45.4,1,153.811
39490,748072,26665508,38.3,1,140.092
39513,747695,24810460,35.6,1,132.885
39516,747648,24807894,0.2,1,112.933
39546,746646,24806466,22.4,1,106.347
39547,746617,24816921,0.3,1,161.878
39551,746520,26663205,34.5,1,95.039
39552,746518,24792162,31.8,1,79.1487
39556,746040,24793864,9.0,1,115.313
39561,745860,49643673,40.8,1,126.518
39571,745324,26659255,51.4,1,112.479
39610,743909,47203779,1.8,1,164.839
39618,743663,47200756,47.1,1,99.9135
39633,743083,49668383,50.5,1,176.599
39642,742940,47198231,24.1,1,135.283
39652,742528,49644029,42.0,1,160.733
39654,742520,47202496,24.8,1,153.822
39660,742321,49641863,37.8,1,146.625
39664,742170,26671495,48.9,1,123.336
39672,741850,49645039,50.5,1,146.012
39673,741849,49665184,42.3,1,140.552
39680,741694,24826940,6.1,1,145.288
39684,741604,47204507,40.2,1,154.471
39685,741597,49644833,34.4,1,104.004
39730,739872,47202243,1.7,1,137.065
39755,739121,24796945,30.1,1,164.456
39758,738951,49642396,42.0,1,148.488
39779,738280,57256392,31.4,1,156.727
39791,738094,49725579,41.0,1,116.728
39793,738047,49642317,38.3,1,118.602
39796,737890,24827966,29.2,1,123.426
39797,737849,24780174,0.1,1,118.251
39815,737186,26660601,35.4,1,126.952
39822,736689,49672357,14.9,1,198.525
39823,736679,47200462,40.6,1,161.409
39842,736271,14725292,4.3,1,138.058
39877,734541,26666687,40.3,1,117.286
39892,734036,49640985,38.7,1,82.5115
39893,734035,49641824,50.5,1,103.622
39900,733834,49641677,18.7,1,137.266
39927,732314,49672189,4.1,1,143.278
39959,730524,49641178,2.6,1,157.017
39964,730430,24809955,9.0,1,158.611
39989,729609,24806020,6.1,1,86.3818
39990,729588,24817724,22.4,1,126.035
39998,729147,49676791,37.0,1,90.1721
40027,727699,24830827,0.3,1,108.832
40043,727056,49666680,47.5,1,147.512
40044,727034,47203549,4.7,1,162.544
40045,727019,49640794,3.0,1,170.874
40068,726364,24837822,44.0,1,99.6386
40070,726319,24785172,22.3,1,106.005
40074,726013,24807415,7.9,1,109.461
40078,725903,24802276,28.1,1,120.336
40133,723293,24830134,10.9,1,137.224
40142,723032,24808423,27.9,1,126.344
40146,722969,49732751,0.5,1,158.725
40149,722854,47201762,34.7,1,113.042
40163,722371,24805299,29.1,1,111.831
40175,721827,24828727,38.0,1,133.435
40178,721692,26657996,7.0,1,107.13
40181,721646,24794350,30.8,1,112.487
40191,721269,49667986,48.7,1,149.438
40192,721260,24826122,33.1,1,174.384
40240,719203,24811068,40.7,1,100.886
40243,719034,49717363,47.9,1,134.956
40251,718655,26665476,16.5,1,133.64
40264,718402,49643642,3.7,1,154.382
40267,718227,24803164,26.8,1,89.2487
40269,718205,49640800,4.0,1,90.538
40282,717962,49641093,42.6,1,97.5284
40287,717880,49641016,25.6,1,179.753
40299,717250,49672862,46.8,1,155.176
40310,716917,24804602,5.5,1,98.1304
40330,715703,24811339,1.4,1,179.949
40333,715691,24811340,36.6,1,157.894
40339,715443,4244494,6.0,1,136.564
40373,714479,24833086,22.4,1,148.75
40396,713572,49644106,30.1,1,171.073
40409,712926,24803320,46.0,1,143.086
40412,712888,24785193,48.2,1,116.839
40427,712471,49671602,10.3,1,148.98
40429,712467,49671220,40.8,1,121.409
40430,712465,49671727,3.1,1,137.425
40452,711768,26731505,44.6,1,88.2029
40496,710241,49679664,51.4,1,185.032
40528,709047,49679615,34.7,1,144.052
40548,708056,24784662,48.2,1,121.318
40549,708055,49649579,0.6,1,179.508
40550,708047,24820533,46.7,1,146.801
40559,707601,24821208,42.3,1,100.077
40563,707439,49669828,48.9,1,150.069
40572,707055,24821118,31.4,1,127.192
40573,707046,24828684,35.4,1,124.243
40574,707035,24816414,22.5,1,123.446
40587,706589,49647971,24.0,1,133.107
40590,706317,49679775,11.6,1,177.184
40594,706172,26665644,15.0,1,112.873
40616,704967,24806264,29.5,1,100.386
40620,704781,24804771,2.8,1,157.449
40626,704553,49645375,0.8,1,156.182
40631,704272,47201318,50.0,1,120.372
40644,703809,24792670,1.2,1,122.103
40646,703798,49671703,0.2,1,124.484
40648,703723,26665914,0.5,1,97.3219
40659,703140,47204227,37.1,1,178.919
40661,703114,26658372,1.6,1,130.038
40679,702265,24836595,30.2,1,87.452
40683,702158,49668398,27.2,1,115.643
40685,702132,47201755,45.2,1,179.866
40744,699724,26665957,38.0,1,143.261
40746,699688,24780930,1.7,1,125.425
40759,699493,24835017,0.1,1,138.002
40768,699117,49679472,1.1,1,165.377
40788,698255,24813563,4.5,1,154.918
40792,698101,24802051,43.1,1,154.239
40809,697391,49727560,24.9,1,175.457
40819,696705,47198258,39.5,1,161.058
40827,696247,24828326,36.6,1,114.09
40829,695916,24789651,1.7,1,89.8188
40833,695695,24805959,6.9,1,62.0004
40838,695551,49670110,25.7,1,141.32
40840,695358,24820951,37.4,1,101.887
40845,695255,49680004,3.1,1,124.594
40850,695123,24823301,39.5,1,89.9777
40852,695112,47200746,46.4,1,213.086
40865,694792,47203086,45.1,1,148.003
40886,694059,49723616,39.9,1,117.288
40891,693639,49648300,0.2,1,92.3402
40892,693636,49647061,0.9,1,125.256
40896,693281,49676479,27.8,1,104.34
40928,691683,14727531,2.7,1,167.48
40931,691572,49727352,37.0,1,208.607
40935,691373,24819463,10.1,1,163.761
40941,690984,47202708,24.6,1,120.934
40944,690946,24804866,43.3,1,133.147
40945,690884,49667735,6.1,1,135.589
40948,690639,49679313,22.7,1,195.452
40966,689386,49670359,6.1,1,165.898
40968,689218,49643285,38.3,1,161.523
40971,689099,26666303,16.0,1,129.381
40980,687980,24784014,22.2,1,106.235
40986,687498,26660920,40.9,1,90.3142
40997,687156,49679170,46.5,1,168.456
40998,687138,26666327,42.6,1,111.944
41005,686819,26670769,34.8,1,129.231
41013,686361,24812641,32.5,1,153.009
41014,686300,24830558,2.8,1,103.705
41026,686056,49642718,49.1,1,168.287
41028,685919,49645185,22.0,1,171.763
41048,685093,49645143,7.5,1,151.942
41054,684956,49669695,0.8,1,123.672
41056,684887,24819185,39.5,1,98.3314
41067,684712,49642634,47.8,1,137.228
41077,684335,24782619,27.2,1,134.972
41078,684250,26660368,47.6,1,151.118
41081,684231,24801460,35.6,1,105.454
41104,682848,24816396,29.9,1,174.561
41110,682361,49647214,5.1,1,140.173
41111,682329,49729214,36.1,1,160.209
41115,682221,24801655,22.5,1,131.804
41122,681239,47200524,16.7,1,122.022
41124,681195,47202516,30.3,1,88.0059
41127,680979,24806029,5.1,1,121.585
41146,679336,26667330,28.1,1,101.109
41148,679296,24809113,4.1,1,149.521
41149,679283,49648659,39.1,1,140.078
41167,678087,49645028,39.3,1,136.861
41174,677773,49645284,24.2,1,129.249
41175,677744,49678920,22.0,1,164.468
41180,677491,26731615,34.4,1,119.685
41191,677064,26727505,13.7,1,89.776
41248,674819,49670373,0.6,1,131.87
41253,674720,24796326,35.9,1,95.4349
41260,674159,49649425,32.7,1,125.784
41267,673702,24817707,11.8,1,102.993
41268,673682,24834131,36.0,1,94.9051
41269,673681,26671499,23.3,1,126.966
41293,672245,49641564,33.6,1,178.596
41378,669257,47201169,43.4,1,131.799
41396,668729,24807672,37.1,1,95.2363
41400,668465,24808635,3.5,1,168.346
41404,668161,24801407,24.9,1,154.358
41406,667889,26666060,33.0,1,111.499
41408,667838,24828185,28.5,1,159.793
41411,667735,47198505,26.8,1,173.142
41413,667675,49673219,48.4,1,95.6254
41415,667600,47201769,0.2,1,133.724
41421,667552,24788043,1.0,1,127.593
41425,663297,862072,42.1,1,131.622
41431,658107,856749,39.6,1,145.361
41432,657663,856288,7.7,1,125.048
41439,657262,855709,31.8,1,191.258
41442,652581,850072,1.6,1,132.469
41445,644901,842629,3.5,1,136.738
41456,628838,47199413,4.9,1,147.418
41459,628339,47204373,44.8,1,135.625
41461,628089,24801793,0.7,1,122.636
41479,625270,26661582,16.6,1,99.3395
41483,624993,24820739,1.2,1,167.189
41487,624157,47195778,0.3,1,157.586
41497,622907,49670973,40.5,1,126.843
41505,621645,47196092,0.3,1,182.86
41513,620237,49667244,8.3,1,159.683
41515,619653,24817399,5.2,1,132.22
41519,618885,26666522,10.2,1,152.322
41545,615977,49669968,1.3,1,155.897
41557,613526,24821164,33.2,1,159.957
41579,610479,855759,39.3,1,116.723
41597,607883,26671148,12.5,1,116.622
41602,606670,26729478,19.1,1,123.844
41627,602897,14738605,15.6,1,159.893
41652,598370,24787614,38.0,1,145.831
41658,597462,49647249,5.0,1,158.271
41661,597171,24822559,24.9,1,109.271
41687,591105,24820468,36.3,1,75.4202
41696,589746,49669288,1.2,1,188.019
41697,589636,49669849,25.4,1,129.755
41716,586695,26666890,47.3,1,142.328
41717,586440,49667511,5.1,1,154.748
41745,581679,47199274,0.4,1,84.2775
41754,579848,24821193,0.4,1,125.1
41772,577695,47198356,26.6,1,182.304
41775,576988,26662119,0.8,1,70.0759
41805,571692,24784900,1.1,1,101.624
41814,569534,49726229,2.5,1,164.302
41822,567642,26727966,51.5,1,86.032
41844,564878,24807476,11.4,1,164.711
41845,564741,26725907,39.3,1,139.64
41880,556931,24796203,13.2,1,108.259
41885,556017,49641844,5.5,1,167.488
41891,555075,49641629,0.2,1,164.96
41893,554213,24821344,12.5,1,111.594
41910,548045,49824283,13.5,1,157.187
41925,540985,47203632,2.3,1,161.668
41942,535910,49670577,19.1,1,125.893
41979,517348,57264559,16.6,1,99.4414
41980,511504,26664029,10.8,1,119.547
41982,507300,49671445,0.3,1,104.205
41988,488165,49642274,28.1,1,168.388
41992,483860,24811307,22.3,1,174.912
41994,480272,24785301,22.7,1,114.656
42001,468620,49734875,26.4,1,168.417
42012,439280,56463305,32.6,1,99.0219
42013,436659,49680894,31.7,1,184.514
42016,434633,49641337,11.3,1,146.07
42033,408365,49646751,42.3,1,163.769
42052,392799,47199333,39.5,1,147.703
42054,391442,24808158,36.9,1,125.037
42055,390754,26659848,3.0,1,105.936
42059,389254,49641907,3.1,1,122.558
42063,387800,26659193,34.5,1,130.978
42064,387753,26659388,34.0,1,91.3377
42072,382950,24789741,16.9,1,135.347
42076,379915,24806075,38.8,1,104.256
42080,376484,24807846,28.5,1,117.055
42083,373692,24784279,8.3,1,96.8573
42095,364166,24815824,8.9,1,115.751
42101,357770,49730052,38.1,1,135.462
42104,356301,49667385,38.4,1,164.013
42115,350015,24816155,0.5,1,100.597
42117,347805,26666290,37.7,1,143.423
42122,346838,26730146,4.2,1,151.971
42126,345425,26730206,5.6,1,112.235
42150,331252,49736890,25.7,1,102.958
42220,302041,49671136,49.4,1,159.3
42230,294660,49642152,3.2,1,114.725
42242,290787,26726838,0.7,1,108.86
42251,288875,47204197,4.1,1,152.394
42254,286497,49665820,20.8,1,160.863
42273,274249,24834077,2.1,1,141.726
42279,272832,22412650,45.2,1,130.584
42282,272429,26663137,1.1,1,143.026
42284,270995,49679708,1.2,1,122.937
42287,269969,26664593,0.5,1,130.004
42302,260958,24805268,1.5,1,126.921
42315,257810,47203246,0.3,1,171.206
42316,257563,49649492,0.2,1,134.493
42318,257496,47202552,0.2,1,135.025
42319,257482,49645261,46.1,1,146.258
42322,256661,49648059,37.1,1,157.767
42323,256660,49671459,6.1,1,173.757
42324,256659,49642212,39.3,1,205.734
42325,256656,24801091,11.5,1,151.174
42326,256212,49671465,9.5,1,232.164
42328,255085,49644281,7.7,1,196.65
42331,254758,26726015,20.3,1,82.2441
42334,254007,49673265,3.1,1,114.454
42337,252194,26669637,0.8,1,107.377
42346,248776,47204826,0.2,1,101.18
42349,248050,49670391,42.1,1,126.407
42363,242973,47203637,29.7,1,100.768
42369,240933,49664905,5.5,1,199.883
42371,239844,24838067,0.3,1,120.232
42377,236653,26659788,35.5,1,136.243
42386,235424,24805444,30.8,1,129.709
42402,230298,47199780,1.1,1,164.778
42406,229521,24810688,5.8,1,101.332
42412,228621,49670195,22.2,1,140.39
42425,225521,26660301,33.1,1,135.581
42429,224672,26731531,38.1,1,130.397
42431,224406,26731695,14.6,1,144.558
42440,223180,26670226,29.8,1,122.076
42443,222275,49732327,3.2,1,106.285
42447,220464,24811140,25.2,1,80.4014
42469,209253,49667197,24.6,1,148.065
42479,201327,49665901,20.9,1,160.154
42481,200481,26664227,43.9,1,148.737
42488,194653,24780875,32.0,1,132.753
42489,194595,49724779,45.9,1,170.855
42494,186762,47203841,24.8,1,157.378
42496,185484,49675673,40.8,1,122.232
42528,151245,49674621,14.8,1,137.891
42536,139941,26727486,21.4,1,115.581
42547,136624,24828670,36.7,1,110.029
42556,123054,24827347,6.0,1,89.9261
42557,123023,26666565,2.9,1,161.951
42562,120394,47198268,38.2,1,147.311
42566,119879,26729462,26.7,1,129.519
42569,117746,57264362,18.4,1,130.398
42570,117636,24831293,24.0,1,118.757
42574,116016,26730210,19.6,1,87.5515
42586,104871,855888,76.4,1,138.642
42602,98282,24805388,19.0,1,138.995
42626,94986,24837955,42.1,1,137.383
42630,94135,11532909,39.5,1,84.0185
42637,91499,56422461,73.3,1,143.183
42640,89576,26662963,7.8,1,83.456
42659,85511,49642176,0.3,1,160.63
42660,85485,49735865,42.2,1,229.746
42663,83823,11532864,69.2,1,159.77
42674,81133,26663120,27.6,1,94.6227
42714,74491,24827369,2.7,1,158.899
42715,74333,26659335,14.1,1,129.356
42733,71188,855596,53.9,1,202.704
42742,70048,49669667,25.0,1,111.748
42753,68304,855952,48.9,1,162.237
42757,67532,8139944,50.8,1,174.719
42762,67061,24801906,30.6,1,81.4396
42775,65790,26666291,44.6,1,122.706
42802,60063,26658614,54.9,1,117.337
42806,55245,11533034,7.0,1,197.256
42839,38853,8139902,31.7,1,135.587
42842,36605,855585,3.7,1,67.2482
42848,33839,24780448,36.5,1,101.139
42856,31280,56320885,34.5,1,80.1894
42858,30923,24809817,30.2,1,168.635
42879,23702,856022,50.3,1,151.428
42881,23540,26727763,4.2,1,78.3202
42882,22650,49679509,19.6,1,271.843
42895,20812,24836933,23.6,1,129.653
42904,19495,26725706,23.3,1,147.31
42909,17520,24830158,21.7,1,96.8571
42917,15529,49674231,4.7,1,87.628
42939,10935,57264359,9.0,1,124.977
42945,9516,49673160,0.2,1,165.928
42951,9082,11533072,17.0,1,116.792
42958,8407,24828360,1.1,1,176.313
42977,6088,855513,26.1,1,99.6097
42985,5934,49724795,0.4,1,164.45
42990,5887,855749,48.1,1,147.305
43001,5453,57260086,28.4,1,118.147
43004,5336,855656,33.1,1,183.726
43023,4757,17510352,12.3,1,145.75
43035,4100,855821,35.4,1,148.023
43041,3883,855954,55.4,1,132.169
43045,3712,57260065,7.0,1,112.276
43047,3698,11533005,28.1,1,177.123
43062,3194,856002,6.6,1,121.052
43067,3108,855977,10.7,1,134.364
43070,2788,855601,0.8,1,150.285
43081,2466,855633,33.5,1,215.227
43115,1018,57264398,18.5,1,125.53
