CID,MW,MF,TPSA,XL,HAC,HBDC,HBAC,RBC,SMILES,Charge,CBUC
3883,369.4,C16H14F3N3O2S,87.1,2.8,25,1,8,5,CC1=C(C=CN=C1CS(=O)C2=NC3=CC=CC=C3N2)OCC(F)(F)F,0,1
3108,504.6,C24H40N8O4,145,0.7,36,4,12,12,C1CCN(CC1)C2=NC(=NC3=C2N=C(N=C3N4CCCCC4)N(CCO)CCO)N(CCO)CCO,0,1
4100,236.3,C5H8N4O3S2,139,0.1,14,1,6,1,CC(=O)N=C1N(N=C(S1)S(=O)(=O)N)C,0,1
2466,223.27,C12H17NO3,58.6,1.9,16,2,3,6,CCCCOC1=CC=C(C=C1)CC(=O)NO,0,1
71188,359.4,C19H22FN3O3,64.099,-0.2,26,1,7,4,CCN1CCN(CC1)C2=C(C=C3C(=C2)N(C=C(C3=O)C(=O)O)C4CC4)F,0,1
55245,429.6,C29H35NO2,40.5,3.8,32,1,3,3,CC#CC1(CCC2C1(CC(C3=C4CCC(=O)C=C4CCC23)C5=CC=C(C=C5)N(C)C)C)O,0,1
5336,249.29,C11H11N3O2S,93.5,0,17,2,5,3,C1=CC=NC(=C1)NS(=O)(=O)C2=CC=C(C=C2)N,0,1
3194,274.19,C13H9NOSe,20.3,NULL,16,0,1,1,C1=CC=C(C=C1)N2C(=O)C3=CC=CC=C3[Se]2,0,1
4757,180.2,C12H8N2,25.8,2.8,14,0,2,0,C1=CC=C2C(=C1)N=C3C=CC=CC3=N2,0,1
10935,97.07,C4H3NO2,46.2,-0.3,7,1,2,0,C1=CC(=O)NC1=O,0,1
1018,123.11,C6H5NO2,50.2,0.8,9,1,3,1,C1=CC=NC(=C1)C(=O)O,0,1
610479,261.7,C14H12ClNO2,49.3,5.2,18,2,3,3,CC1=C(C=CC=C1Cl)NC2=CC=CC=C2C(=O)O,0,1
2788,305.5,C9H5ClINO,33.1,3.5,13,1,2,0,C1=CC2=C(C(=C(C=C2Cl)I)O)N=C1,0,1
3698,187.2,C10H9N3O,68,-0.2,14,2,3,1,C1=CN=CC=C1C2=CNC(=O)C(=C2)N,0,1
3712,147.17,C9H9NO,36,1.1,11,2,1,1,C1=CC=C2C(=C1)C(=CN2)CO,0,1
54675779,460.4,C22H24N2O9,202,-1.6,33,7,10,2,CC1(C2C(C3C(C(=O)C(=C(C3(C(=O)C2=C(C4=C1C=CC=C4O)O)O)O)C(=O)N)N(C)C)O)O,0,1
5453,189.22,C6H12N3PS,41.1,0.5,11,0,4,3,C1CN1P(=S)(N2CC2)N3CC3,0,1
38853,211.21,C10H13NO4,104,-1.9,15,4,5,3,CC(CC1=CC(=C(C=C1)O)O)(C(=O)O)N,0,1
673681,155.18,C6H5NO2S,81.4,0.5,10,2,3,1,C1=CNC(=S)C(=C1)C(=O)O,0,1
707035,150.2,C7H6N2S,56.2,1.7,10,2,1,0,C1=CC=C2C(=C1)NC(=S)N2,0,1
8407,214.22,C12H10N2O2,57.8,3.7,16,1,3,2,C1=CC=C(C=C1)NC2=CC=CC=C2[N+](=O)[O-],0,1
9082,113.61,C2H8ClNS,27,NULL,5,3,2,1,C(CS)N.Cl,0,2
60063,365.8,C17H17ClFN3O3,86.9,0.4,25,2,7,3,C1CC1N2C=C(C(=O)C3=CC(=C(C(=C32)Cl)N4CCC(C4)N)F)C(=O)O,0,1
70048,252.35,C17H20N2,15.3,2.8,19,1,2,3,C1CN(CCN1)C(C2=CC=CC=C2)C3=CC=CC=C3,0,1
439280,220.22,C11H12N2O3,99.3,-1.2,16,4,4,3,C1=CC2=C(C=C1O)C(=CN2)CC(C(=O)O)N,0,1
68304,325.9,C18H28ClNO2,29.5,NULL,22,1,3,8,CCCCOC1=CC=C(C=C1)C(=O)CCN2CCCCC2.Cl,0,2
20812,157.55,C6H4ClNO2,50.2,1.7,10,1,3,1,C1=CC(=NC(=C1)Cl)C(=O)O,0,1
83823,461.5,C24H31NO8,145,NULL,33,4,9,11,CC1=CC=CC=C1C(C2=CC=CC=C2)OCCN(C)C.C(C(=O)O)C(CC(=O)O)(C(=O)O)O,0,2
3870203,200.11,C6H4N2O6,132,0.7,14,2,6,0,C1=C(C=C(C(=C1[N+](=O)[O-])O)O)[N+](=O)[O-],0,1
67532,338.98,C9H9Br2NO3,83.6,-0.4,15,3,4,3,C1=C(C=C(C(=C1Br)O)Br)CC(C(=O)O)N,0,1
657262,256.329,C13H12N4S,80.9,4.2,18,2,3,3,C1=CC=C(C=C1)NNC(=S)N=NC2=CC=CC=C2,0,1
5464092,363.8,C19H22ClNO4,70,NULL,25,3,5,2,C=CCN1CCC23C4C(=O)CCC2(C1CC5=C3C(=C(C=C5)O)O4)O.Cl,0,2
5887,320.9,C17H21ClN2S,31.8,NULL,21,1,3,4,CN(C)CCCN1C2=CC=CC=C2SC3=CC=CC=C31.Cl,0,2
1800393,161.23,C9H7NS,44.1,1.9,11,1,1,0,C1=CC=C2C(=C1)C=CC(=S)N2,0,1
17520,151.19,C7H5NOS,54.4,1.3,10,1,2,0,C1=CC=C2C(=C1)C(=O)NS2,0,1
123054,193.19,C7H6F3NS,51.3,3,12,1,5,1,C1=CC(=CC=C1N)SC(F)(F)F,0,1
3106720,274.23,C12H10N4O4,144,3,20,2,6,1,C1=CC(=C(C=C1C2=CC(=C(C=C2)N)[N+](=O)[O-])[N+](=O)[O-])N,0,1
606670,194.23,C13H10N2,17.3,3.5,15,0,1,1,C1=CC=C(C=C1)C2=NC=C3N2C=CC=C3,0,1
12891828,212.6,C7H8ClF3N2,38,NULL,13,3,5,1,C1=CC=C(C(=C1)C(F)(F)F)NN.Cl,0,2
65790,297.37,C14H19NO4S,72.2,1.5,20,0,5,4,COC1=CC(=CC(=C1OC)OC)C(=S)N2CCOCC2,0,1
91499,564.1,C22H30ClN3O6S3,161,NULL,35,2,10,7,CN1CCN(CC1)CCCN2C3=CC=CC=C3SC4=C2C=C(C=C4)Cl.C(CS(=O)(=O)O)S(=O)(=O)O,0,2
98282,176.21,C10H12N2O,32.299,1.8,13,1,2,1,CC1CN(NC1=O)C2=CC=CC=C2,0,1
290787,217.3,C11H7NS2,69.4,3.8,14,0,3,1,C1=CC=C2C(=C1)N=C(S2)C3=CC=CS3,0,1
2053815,286.16,C12H16BrNO2,21.7,2.2,16,0,3,4,C1COCCN1CCOC2=CC=C(C=C2)Br,0,1
119879,178.19,C9H10N2O2,64.3,0.5,13,1,3,1,CCN1C(=O)C=C(C(=C1O)C#N)C,0,1
2723891,183.59,C5H10ClNO4,101,NULL,11,4,5,4,C(CC(=O)O)C(C(=O)O)N.Cl,0,2
31280,378.5,C20H44BrN,0,NULL,22,0,1,16,CCCCCCCCCCCCCCCC[N+](C)(C)CC.[Br-],0,2
667838,190.27,C10H10N2S,47.4,1.4,13,1,1,2,C1=CC=C(C=C1)CN2C=CNC2=S,0,1
2733208,171.65,C4H10ClNO2S,53.3,NULL,9,3,4,3,COC(=O)C(CS)N.Cl,0,2
5522952,319.3,C19H13NO4,72.5,2.5,24,1,4,3,CCOC(=O)C1=C2C3=CC=CC=C3C(=O)C4=C2C(=CC=C4)NC1=O,0,1
89576,266.34,C17H18N2O,51,2,20,2,2,5,C1=CC=C(C=C1)COC2=CC3=C(C=C2)NC=C3CCN,0,1
15529,198.22,C12H10N2O,45,3.7,15,1,3,2,C1=CC=C(C=C1)N=NC2=CC=C(C=C2)O,0,1
507300,246.29,C12H10N2O2S,84,3,17,0,4,3,C1=CC=C(C=C1)CSC2=C(C=CC=N2)[N+](=O)[O-],0,1
6088,174.24,C11H14N2,27.8,2.1,13,2,1,3,CNCCC1=CNC2=CC=CC=C21,0,1
722371,194.23,C9H7FN2S,67.2,2.7,13,1,4,1,C1=CC(=CC=C1C2=CSC(=N2)N)F,0,1
3486739,272.33,C13H12N4OS,93.1,1.5,19,2,3,3,C1=CC=C(C=C1)N2C(=O)C(NC2=S)CC3=CN=CN3,0,1
222275,227.69,C14H10ClN,12.9,3.9,16,0,1,1,C1=CC=C2C(=C1)C3=CC=CC=C3N=C2CCl,0,1
123023,162.15,C8H6N2O2,53,2.8,12,0,3,1,C1=CC=C(C=C1)[N+]2=NOC(=C2)[O-],0,1
136624,246.23,C11H13F3N2O,38.5,1.9,17,1,6,1,C1COCCN1C2=C(C=C(C=C2)C(F)(F)F)N,0,1
2776317,211.3,C8H5NO2S2,107,2.2,13,1,5,2,C1=CSC(=C1)C2=NC(=CS2)C(=O)O,0,1
350015,213.68,C9H8ClNOS,50.4,4.1,13,0,3,2,CCOC1=CC2=C(C=C1)N=C(S2)Cl,0,1
117746,151.62,C4H6ClNOS,45.6,NULL,8,1,2,0,CN1C(=O)C=CS1.Cl,0,2
673702,226.3,C13H10N2S,67.2,3.5,16,1,3,1,C1=CC=C2C=C(C=CC2=C1)C3=CSC(=N3)N,0,1
875880,284.15,C12H14BrNO2,29.5,1.6,16,0,2,2,C1COCCN1C(=O)CC2=CC=C(C=C2)Br,0,1
673682,239.68,C10H6ClNO2S,78.4,3.1,15,1,4,2,C1=CC(=CC=C1C2=NC(=CS2)C(=O)O)Cl,0,1
94135,263.12,C9H14IN,0,NULL,11,0,1,1,C[N+](C)(C)C1=CC=CC=C1.[I-],0,2
1088438,287.34,C14H13N3O2S,86.4,3.2,20,1,4,2,CC1=CC=C(C=C1)S(=O)(=O)N2C3=CC=CC=C3N=C2N,0,1
5934,239.32,C15H17N3,28,4.6,18,0,3,3,CC1=CC(=CC=C1)N=NC2=CC=C(C=C2)N(C)C,0,1
935415,241.31,C14H11NOS,45.6,3.4,17,0,2,1,CC1=CC=C(C=C1)N2C(=O)C3=CC=CC=C3S2,0,1
1988981,211.6,C9H6ClNO3,55.4,1.5,14,1,3,2,C1=CC2=C(C=C1C(=O)CCl)OC(=O)N2,0,1
480272,169.18,C7H4FNOS,54.4,1.4,11,1,3,0,C1=CC2=C(C=C1F)SNC2=O,0,1
194595,306.3,C13H10N2O5S,126,1.8,21,2,7,3,C1COC2=C(O1)C=CC(=C2)C3=CSC(=N3)NC(=O)C(=O)O,0,1
2743305,159.21,C5H9N3OS,76.5,0.5,10,2,2,1,CC(C)N1C(=O)NNC1=S,0,1
2794667,239.68,C10H6ClNO2S,78.4,3.1,15,1,4,2,C1=CC(=CC(=C1)Cl)C2=NC(=CS2)C(=O)O,0,1
2818457,200.67,C8H13ClN4,41,NULL,13,2,4,1,C1CN(CCN1)C2=NC=CC=N2.Cl,0,2
22650,269.3,C15H15N3O2,65.3,4.1,20,1,5,4,CN(C)C1=CC=C(C=C1)N=NC2=CC=C(C=C2)C(=O)O,0,1
737890,210.68,C9H7ClN2S,47.4,2.1,13,1,1,1,C1=CC(=CC=C1N2C=CNC2=S)Cl,0,1
4961771,190.27,C10H10N2S,47.4,1.8,13,1,1,1,CC1=CC=CC=C1N2C=CNC2=S,0,1
67061,204.18,C10H8N2O3,70,0.9,15,1,4,2,C1C(=NN(C1=O)C2=CC=CC=C2)C(=O)O,0,1
2531799,212.67,C10H13ClN2O,33.2,2,14,0,2,3,CCN(CC)C(=O)C1=NC=CC(=C1)Cl,0,1
2049789,223.25,C10H9NO3S,87.7,1.7,15,1,5,4,C1=CC=C2C(=C1)N=C(S2)COCC(=O)O,0,1
74333,188.18,C10H8N2O2,49.4,0.8,14,1,2,1,C1=CC=C(C=C1)N2C(=O)C=CC(=O)N2,0,1
81133,184.15,C6H8N4O3,96.1,0.1,13,1,5,0,CN1C(=C(C(=O)N(C1=O)C)N=O)N,0,1
702265,204.29,C11H12N2S,67.2,3,14,1,3,1,CC1=CC=C(C=C1)C2=C(SC(=N2)N)C,0,1
718227,253.3,C11H11NO2S2,109,3.4,16,1,5,4,CCOC(=O)C1=C(SC=C1C2=CC=CS2)N,0,1
1201366,178.3,C4H6N2S3,107,2.2,9,1,4,2,CCSC1=NNC(=S)S1,0,1
1478409,135.13,C5H5N5,87.6,-0.5,10,2,5,1,C1=C(C=NC(=N1)NN)C#N,0,1
201327,210.23,C13H10N2O,41.1,2.4,16,2,2,0,C1=CC=C2C(=C1)C(=O)NC3=CC=CC=C3N2,0,1
619653,251.62,C11H6ClNO4,76,2.9,17,0,4,2,C1=CC(=C(C=C1[N+](=O)[O-])Cl)C2=CC=C(O2)C=O,0,1
225521,226.4,C6H2Cl3NO2,50.2,2.6,12,1,3,1,C1=C(C(=C(C(=N1)C(=O)O)Cl)Cl)Cl,0,1
33839,243.3,C15H17NO2,32.7,2.3,18,1,3,2,C1COCCN1CC2=C(C=CC3=CC=CC=C32)O,0,1
944813,205.23,C10H7NO2S,78.4,2.5,14,1,4,2,C1=CC=C(C=C1)C2=C(N=CS2)C(=O)O,0,1
2773193,148.17,C7H8N4,80.7,0.1,11,3,3,0,C1=C(C(=CC2=C1NC=N2)N)N,0,1
74491,229.3,C13H11NOS,46.6,4.1,16,1,3,1,COC1=CC2=C(C=C1)NC3=CC=CC=C3S2,0,1
36605,510.31,C14H25N4NaO11P2,216,NULL,32,3,11,10,C[N+](C)(C)CCOP(=O)([O-])OP(=O)([O-])OCC1C(C(C(O1)N2C=CC(=NC2=O)N)O)O.[Na+],0,2
104871,509.3,C21H20INO6,63.2,NULL,29,0,7,1,C[N+]1(CCC2=CC3=C(C=C2C1C4C5=C(C6=C(C=C5)OCO6)C(=O)O4)OCO3)C.[I-],0,2
223180,201.26,C13H15NO,23.5,2.7,15,1,2,2,CN(C)CC1=C(C=CC2=CC=CC=C21)O,0,1
517348,164.3,C5H12N2S2,37.3,NULL,9,1,2,0,C1CCN(C1)C(=S)[S-].[NH4+],0,2
554213,246.12,C8H5Cl2N3S,80,2.9,14,1,4,1,C1=CC(=C(C=C1C2=NN=C(S2)N)Cl)Cl,0,1
85511,248.66,C12H9ClN2O2,57.8,4.3,17,1,3,2,C1=CC=C(C=C1)NC2=C(C=C(C=C2)Cl)[N+](=O)[O-],0,1
30923,201.22,C12H11NO2,42.2,1.8,15,1,2,3,C1=CN(C=C1)C2=CC=C(C=C2)CC(=O)O,0,1
689099,211.67,C8H6ClN3S,68.5,2.5,13,2,1,1,C1=CC(=CC=C1C2=NC(=S)NN2)Cl,0,1
827196,220.22,C11H12N2O3,89.3,0.4,16,2,3,4,CC(=O)CC(=O)NC1=CC=C(C=C1)C(=O)N,0,1
840025,258.3,C10H14N2O4S,133,2.4,17,2,7,6,CCOC(=O)C1=C(SC(=C1C(=O)OCC)N)N,0,1
23702,335.42,C14H25NO6S,136,NULL,22,5,7,5,CCC(C(C1=CC(=C(C=C1)O)O)O)NC(C)C.CS(=O)(=O)O,0,2
854786,218.32,C12H14N2S,67.2,3.5,15,1,3,2,CCC1=CC=C(C=C1)C2=C(SC(=N2)N)C,0,1
2909808,240.28,C10H12N2O3S,80.6,1.3,16,1,4,3,CCCN1C2=CC=CC=C2N=C1S(=O)(=O)O,0,1
1268248,202.64,C7H4ClFN2S,56.2,1.9,12,2,2,0,C1=C2C(=CC(=C1F)Cl)NC(=S)N2,0,1
3135848,219.31,C11H13N3S,80,2.6,15,1,4,3,CC(CC1=NN=C(S1)N)C2=CC=CC=C2,0,1
23540,178.26,C9H10N2S,52.3,2.6,12,0,3,2,CN(C)C1=CC=C(C=C1)SC#N,0,1
752131,230.29,C11H10N4S,72.1,1.6,16,1,2,1,CCN1C2=CC=CC=C2C3=NNC(=S)N=C31,0,1
2055738,181.26,C8H11N3S,59.7,1.1,12,1,2,3,C=CCN1C(=NNC1=S)C2CC2,0,1
1811587,147.2,C3H5N3S2,93.8,0.7,8,2,3,1,CNC1=NNC(=S)S1,0,1
2078831,179.28,C10H13NS,58.1,2.7,12,1,1,2,CC(C)C1=CC=C(C=C1)C(=S)N,0,1
3803233,184.26,C8H12N2OS,65.7,2.5,12,1,3,1,C1CCC(CC1)C2=NNC(=S)O2,0,1
804960,229.3,C12H11N3S,82.9,2.8,16,2,3,1,CC1=C(C2=CC=CC=C2N1)C3=CSC(=N3)N,0,1
2767304,215.2,C12H9NO3,66.4,2.1,16,2,3,2,C1=CC=C(C=C1)C2=CC=C(C(=O)N2)C(=O)O,0,1
242973,276.34,C17H16N4,57.4,3.5,21,2,2,4,C1=CC=C2C(=C1)NC(=N2)CCCC3=NC4=CC=CC=C4N3,0,1
769669,205.28,C11H11NOS,60.5,2.8,14,2,3,3,C1=CSC(=C1)CNC2=CC=C(C=C2)O,0,1
376484,190.2,C9H10N4O,70.7,0,14,2,3,1,CN1C(=O)C2=CC=CC=C2N=C1NN,0,1
2466747,193.2,C9H11N3O2,84.2,1,14,3,3,1,CC1=CC=C(C=C1)NC(=O)C(=O)NN,0,1
3404081,189.28,C11H11NS,44.1,2.2,13,1,1,0,CC1=CC2=C(C=C1)C(=CC(=S)N2)C,0,1
3863985,195.22,C8H6FN3S,59.7,1.6,13,1,3,1,C1=CC=C(C(=C1)N2C=NNC2=S)F,0,1
855142,185.29,C8H15N3S,59.7,1.9,12,1,2,3,CCCN1C(=NNC1=S)C(C)C,0,1
2084043,183.28,C8H13N3S,70.4,0.9,12,1,4,1,CCN1CCC2=C(C1)SC(=N2)N,0,1
4961781,218.32,C12H14N2S,47.4,2.6,15,1,1,2,CC(C)C1=CC=CC=C1N2C=CNC2=S,0,1
822280,242.25,C13H11FN4,56.7,3.1,18,1,4,1,CC1=CC2=NN(N=C2C=C1N)C3=CC=C(C=C3)F,0,1
940263,175.25,C10H9NS,44.1,2.5,12,1,2,0,CC1=CC(=S)C2=CC=CC=C2N1,0,1
1517328,190.28,C12H18N2,38,3,14,2,2,2,C1CCC(CC1)NC2=CC=CC=C2N,0,1
4202176,233.18,C10H7N3O4,112,1.2,17,2,5,2,C1=CC(=CC(=C1)[N+](=O)[O-])C2=C(C=NN2)C(=O)O,0,1
16196229,300.2,C14H15Cl2NO2,44.5,NULL,19,2,3,4,CCOC1=CC=C(C=C1)OC2=C(C=C(C=C2)Cl)N.Cl,0,2
2060442,223.34,C11H17N3S,59.7,2.7,15,1,2,3,C=CCN1C(=NNC1=S)C2CCCCC2,0,1
5015978,207.25,C9H9N3OS,69,1.5,14,1,3,2,COC1=CC=CC(=C1)N2C=NNC2=S,0,1
1987792,235.28,C11H10FN3S,59.7,2.4,16,1,3,3,C=CCN1C(=NNC1=S)C2=CC=C(C=C2)F,0,1
2382939,280.4,C17H16N2S,67.2,4.7,20,1,3,2,CC1=CC=C(C=C1)C2=C(SC(=N2)N)C3=CC=C(C=C3)C,0,1
3851039,186.59,C7H7ClN2O2,75.4,-0.8,12,3,4,2,C1=CC(=C(C=C1NN)C(=O)O)Cl,0,1
707055,209.3,C8H7N3S2,93.8,2.3,13,2,3,2,C1=CC=C(C=C1)NC2=NNC(=S)S2,0,1
846581,205.28,C10H11N3S,59.7,2,14,1,2,1,CC1=CC(=CC=C1)C2=NNC(=S)N2C,0,1
887709,271.22,C14H9NO5,87.8,1,20,1,5,3,C1=COC(=C1)CN2C(=O)C3=C(C2=O)C=C(C=C3)C(=O)O,0,1
2049882,229.68,C9H8ClNO2S,59.6,3.3,14,0,4,2,COC1=C2C(=C(C=C1)OC)SC(=N2)Cl,0,1
1512459,263.2,C12H9NO6,128,0.9,19,4,6,4,C1=CC2=C(C=C1C(=O)O)C(=C(N2)C(=O)O)CC(=O)O,0,1
2836058,248.39,C14H20N2S,67.2,3.9,17,1,3,1,CC1=C(N=C(S1)N)C23CC4CC(C2)CC(C4)C3,0,1
723293,205.28,C10H11N3S,59.7,1.5,14,1,2,2,CC1=NNC(=S)N1CC2=CC=CC=C2,0,1
818637,252.27,C15H12N2O2,48,2.5,19,0,3,3,CC1=CC=C(O1)C2=NN(C=C2C=O)C3=CC=CC=C3,0,1
911730,230.09,C6H4BrN3S,69,1.1,11,2,2,0,C1=C(C=NC2=C1NC(=S)N2)Br,0,1
2779081,195.24,C9H9NO2S,76.6,1.3,13,1,3,1,C1C(OC2=CC=CC=C2O1)C(=S)N,0,1
2795752,222.24,C10H14N4O2,74,0.8,16,1,5,1,C1CNCCN(C1)C2=C(C=CC=N2)[N+](=O)[O-],0,1
896933,321.19,C10H13BrN2O3S,67,1.4,17,1,5,3,C1COCCN1NS(=O)(=O)C2=CC=C(C=C2)Br,0,1
2757789,210.68,C9H7ClN2S,47.4,2.1,13,1,1,1,C1=CC=C(C(=C1)N2C=CNC2=S)Cl,0,1
4777842,216.28,C13H16N2O,37,1.8,16,2,2,2,CCOC1=CC2=C(C=C1)NC3=C2CNCC3,0,1
16187614,188.65,C8H13ClN2O,47.3,NULL,12,3,3,3,COC1=CC=CC=C1CNN.Cl,0,2
1112324,204.25,C10H8N2OS,76.4,1.8,14,1,4,0,C1C2=C(C3=CC=CC=C3O1)N=C(S2)N,0,1
2735277,268.34,C14H12N4S,72.6,2.5,19,1,3,3,C=CCN1C(=NNC1=S)C2=CC3=C(C=C2)N=CC=C3,0,1
2771069,179.28,C10H13NS,37.3,1.8,12,1,2,1,CC1=CC=C(C=C1)C2NCCS2,0,1
736689,252.3,C15H12N2S,47.4,3.1,18,1,1,2,C1=CC=C(C=C1)C2=CN(C(=S)N2)C3=CC=CC=C3,0,1
1377206,211.3,C11H14FNS,28.5,2.6,14,0,3,2,C1CSCCN1CC2=CC(=CC=C2)F,0,1
1475464,228.17,C9H7F3N4,63.8,2,16,2,7,1,C1=CC=C2C(=C1)C(=NC(=N2)C(F)(F)F)NN,0,1
2774370,266.7,C11H7ClN2O2S,84,3.7,17,0,4,2,C1=CC(=C(N=C1)SC2=CC=C(C=C2)Cl)[N+](=O)[O-],0,1
2802516,253.32,C14H11N3S,59.7,3.2,18,1,1,2,C1=CC=C(C=C1)C2=NC(=S)NN2C3=CC=CC=C3,0,1
2215170,292.36,C13H16N4O2S,90.2,1.8,20,2,5,7,COC1=CC=CC(=C1OCC=C)CNN2C=NNC2=S,0,1
209253,182.22,C12H10N2,15.6,2.3,14,0,1,0,CN1C=NC2=CC=CC3=C2C1=CC=C3,0,1
2779169,303.4,C15H17N3O2S,98.7,1.9,21,1,3,4,CC(C)N1C=C(C(=O)N(C1=O)CC2=CC=CC=C2)C(=S)N,0,1
873479,222.27,C10H10N2O2S,74.9,2.4,15,1,4,3,CCOC1=CC=C(C=C1)C2=NNC(=S)O2,0,1
224672,253.71,C11H8ClNO2S,75.5,3,16,1,4,3,C1=CC2=C(C=CN=C2C=C1Cl)SCC(=O)O,0,1
117636,181.19,C9H11NO3,69.6,1.4,13,3,4,4,C1=CC=C(C(=C1)C(=O)O)NCCO,0,1
773184,309.32,C17H15N3O3,82,2.3,23,2,5,4,C1CN(N=C1NC(=O)C2=CC=CC=C2C(=O)O)C3=CC=CC=C3,0,1
2318828,204.17,C7H3F3N2S,67.2,2.3,13,1,6,0,C1=C(C(=C(C2=C1SC(=N2)N)F)F)F,0,1
2772435,253.28,C9H11N5O2S,143,1.1,17,3,7,4,CCC(C(=O)O)SC1=NC2=NC=NC(=C2N1)N,0,1
3759638,236.12,C7H7Cl2N3S,82.2,2.9,13,3,2,2,C1=CC(=C(C=C1NNC(=S)N)Cl)Cl,0,1
3849761,227.3,C15H17NO,21.3,3.8,17,1,2,4,CC(C1=CC=CC=C1)NC2=CC=C(C=C2)OC,0,1
726013,297.4,C16H15N3OS,69,3.6,21,1,3,4,CC1=CC=CC=C1OCC2=NNC(=S)N2C3=CC=CC=C3,0,1
6485397,182.22,C9H14N2O2,55.1,0.7,13,1,3,4,CCN1C=C(C(=N1)C)CCC(=O)O,0,1
696247,243.7,C8H6ClN3S2,93.8,2.9,14,2,3,2,C1=CC=C(C(=C1)NC2=NNC(=S)S2)Cl,0,1
721260,222.27,C10H10N2O2S,94.2,1,15,1,4,3,CCOC(=O)C1=C(NC(=S)C(=C1)C#N)C,0,1
742321,322.2,C14H9Cl2N3S,59.7,4.4,20,1,2,2,C1=CC=C(C=C1)N2C(=NNC2=S)C3=C(C=C(C=C3)Cl)Cl,0,1
2363746,276.74,C13H9ClN2OS,58,2.2,18,0,3,2,C1=CC=C(C=C1)C2=CSC3=NC(=CC(=O)N23)CCl,0,1
2546244,256.709,C9H9ClN4OS,95,1.6,16,2,4,3,C1=CC(=CC=C1OCC2=NNC(=S)N2N)Cl,0,1
2565934,207.66,C10H10ClN3,50.9,2.8,14,2,3,1,CC1=CC(=NC2=C1C=C(C=C2)Cl)NN,0,1
3164943,267.28,C15H13N3O2,68,2.1,20,1,4,2,CC1=C(C=NN1C)C2=NC3=CC=CC=C3C(=C2)C(=O)O,0,1
2049835,209.27,C9H11N3OS,88.4,2.3,14,2,5,3,CCOC1=C2C(=CC=C1)SC(=N2)NN,0,1
867305,224.73,C12H17ClN2,15.3,3.1,15,1,2,2,CN1CCC(CC1)NC2=CC=C(C=C2)Cl,0,1
737186,236.27,C11H9FN2OS,84.2,1.6,16,1,4,3,C1=CC(=CC=C1C2=CSC(=N2)CC(=O)N)F,0,1
4962058,258.399,C10H14N2O2S2,89.9,0.5,16,1,4,2,C1CCN(CC1)S(=O)(=O)C2=CNC(=S)C=C2,0,1
16495727,259.26,C14H13NO4,68.6,2,19,1,5,5,COC1=C(C=CC(=C1)C(=O)O)OCC2=CC=NC=C2,0,1
2735746,226.73,C10H11ClN2S,47.4,2.8,14,1,1,1,CC(C)N1C2=C(C=C(C=C2)Cl)NC1=S,0,1
2228702,224.71,C10H9ClN2S,53.2,3.9,14,1,3,2,CC1=CSC(=N1)NC2=CC=C(C=C2)Cl,0,1
745860,271.74,C15H14ClN3,29.8,3.5,19,1,2,3,CN1C=NC2=C1C=CC(=C2)NCC3=CC=C(C=C3)Cl,0,1
1377274,268.19,C13H18BrN,3.2,4.2,15,0,1,2,C1CCCN(CC1)CC2=CC(=CC=C2)Br,0,1
3770655,255.29,C11H13NO4S,83.1,0.7,17,1,5,2,CS(=O)(=O)N1CC2=CC=CC=C2CC1C(=O)O,0,1
151245,237.25,C15H11NO2,38.3,3,18,1,2,2,C1=CC=C(C=C1)C2=C(OC(=O)N2)C3=CC=CC=C3,0,1
695551,283.4,C15H13N3OS,80,2.8,20,2,3,3,C1=CC=C(C=C1)CN2C(=NNC2=S)C3=CC=CC=C3O,0,1
2764198,318.5,C19H30N2O2,41.6,4.5,23,1,3,5,CC(C)C1=CC=C(C=C1)NC2CCN(CC2)C(=O)OC(C)(C)C,0,1
2775269,208.24,C9H8N2O2S,74.6,0.9,14,2,3,0,C1COC2=C(O1)C=C3C(=C2)NC(=S)N3,0,1
2986747,268.72,C11H9ClN2O2S,85.6,2.6,17,1,5,1,C1COC2=C(O1)C=C(C(=C2)Cl)C3=CSC(=N3)N,0,1
703809,270.4,C15H14N2OS,56.6,2.8,19,1,2,3,COC1=CC=C(C=C1)CN2C3=CC=CC=C3NC2=S,0,1
749987,211.67,C8H6ClN3S,68.5,2.5,13,2,1,1,C1=CC(=CC(=C1)Cl)C2=NC(=S)NN2,0,1
294660,268.22,C14H8N2O4,84.5,2.8,20,0,5,1,C1=CC=C2C(=C1)C(=O)OC(=N2)C3=CC(=CC=C3)[N+](=O)[O-],0,1
613526,221.3,C6H7NO2S3,129,2.2,12,1,6,3,CSC1=C(C(=NS1)SC)C(=O)O,0,1
2517678,263.34,C17H17N3,43.8,4,20,1,2,3,CCC1=CC=C(C=C1)C2=NN(C(=C2)N)C3=CC=CC=C3,0,1
6487614,239.23,C13H9N3O2,67.5,1.5,18,1,4,2,C1=CC=C(C=C1)C2=CC=NC3=C(C=NN23)C(=O)O,0,1
6919196,219.19,C11H9NO4,75.6,2.6,16,2,5,3,C1C(=O)C(=C(O1)NC2=CC=CC=C2)C(=O)O,0,1
135403208,228.2,C12H8N2O3,71.2,0.3,17,1,3,0,C1=CC=C2C(=C1)[N+](=C3C=CC(=CC3=[N+]2[O-])O)[O-],0,1
960733,258.7,C13H11ClN4,56.7,3.6,18,1,3,1,CC1=C(C=C(C=C1)N2N=C3C=CC(=CC3=N2)N)Cl,0,1
436659,211.22,C13H9NO2,49.3,2.6,16,2,3,0,C1=CC=C2C(=C1)C(=O)C3=C(N2)C=CC(=C3)O,0,1
749973,247.36,C13H17N3S,59.4,3,17,2,2,1,C1CCC2(CC1)NC(=S)N(N2)C3=CC=CC=C3,0,1
931776,220.23,C10H12N4O2,106,0.8,16,4,4,2,COC1=CC=CC2=C1C(=C(N2)C(=O)NN)N,0,1
4962514,239.7,C12H14ClNO2,29.5,1.7,16,0,2,2,C1COCCN1C(=O)C(C2=CC=CC=C2)Cl,0,1
858296,233.31,C13H19N3O,58.4,1.3,17,2,3,3,CC1=C(C=CC(=C1)N)NC(=O)CN2CCCC2,0,1
3092936,240.21,C13H8N2O3,71.8,3.3,18,0,4,1,C1=CC=C(C=C1)C2=NC3=C(O2)C=C(C=C3)[N+](=O)[O-],0,1
7131003,279.29,C17H13NO3,63.3,3.6,21,1,4,3,CC1=CC=C(C=C1)C2=CN=C(O2)C3=CC=CC=C3C(=O)O,0,1
707046,239.3,C9H9N3OS2,103,2.3,15,2,4,3,COC1=CC=CC=C1NC2=NNC(=S)S2,0,1
2396841,247.29,C16H13N3,43.3,3.4,19,1,2,0,CC1=NC2=CC=CC=C2C3=C(C4=CC=CC=C4N13)N,0,1
2796666,315.4,C16H14FN3OS,80,3.2,22,2,4,4,C1=CC(=CC=C1CCC2=NNC(=S)N2C3=CC=C(C=C3)F)O,0,1
3127917,188.23,C11H12N2O,32.299,1.5,14,1,2,0,C1CC2C(=O)NC3=CC=CC=C3N2C1,0,1
4962104,284.4,C16H13FN2S,47.4,3.2,20,1,2,3,C1=CC=C(C=C1)CN2C(=CNC2=S)C3=CC=C(C=C3)F,0,1
7064071,232.26,C10H8N4OS,80,1.1,16,1,3,0,CN1C(=O)C2=CC=CC=C2N3C1=NNC3=S,0,1
135444536,292.31,C13H12N2O4S,124,1.3,20,3,6,4,CC1=CC(=O)NC(=N1)SCC(=O)C2=CC(=C(C=C2)O)O,0,1
2306768,301.4,C15H15N3O2S,94.5,2.7,21,3,3,3,COC1=CC=C(C=C1)C(=O)NNC(=S)NC2=CC=CC=C2,0,1
3026856,213.27,C14H15NO,35.2,3.2,16,1,2,4,C1=CC=C(C=C1)CCOC2=CC=C(C=C2)N,0,1
2526775,224.26,C9H9FN4S,85.7,0.9,15,2,4,2,C1=CC(=CC=C1CC2=NNC(=S)N2N)F,0,1
254007,224.21,C13H8N2O2,58.7,3.2,17,0,3,0,C1=CC=C2C(=C1)C=CC3=C2C=C(C=N3)[N+](=O)[O-],0,1
763669,311.4,C18H21N3O2,48.3,3.3,23,1,4,5,CC1=NC2=C(N1C)C=CC(=C2)NCC3=CC(=C(C=C3)OC)OC,0,1
847810,250.32,C11H14N4OS,95,1.7,17,2,4,3,CC1=C(C(=CC=C1)C)OCC2=NNC(=S)N2N,0,1
978233,311.4,C17H17N3OS,69,4,22,1,3,4,CC1=C(C(=CC=C1)C)OCC2=NNC(=S)N2C3=CC=CC=C3,0,1
2064173,299.26,C10H9N3O6S,150,-1,20,4,7,4,C1=CC2=C(C=C1S(=O)(=O)NCC(=O)O)NC(=O)C(=O)N2,0,1
5303058,264.28,C16H12N2O2,62.2,3.5,20,2,3,2,C1=CC=C2C(=C1)C=CC(=C2O)C(=O)NC3=CC=CC=N3,0,1
2125324,219.33,C13H21N3,32.5,1.9,16,1,3,2,CCN1CCN(CC1)C2=CC(=C(C=C2)N)C,0,1
2447522,258.399,C15H18N2S,53.2,4.7,18,1,3,3,C1CCC(CC1)NC2=NC(=CS2)C3=CC=CC=C3,0,1
4962335,319.34,C14H13N3O4S,116,1.9,22,2,7,4,COC1=CC=CC=C1NS(=O)(=O)C2=CC3=C(C=C2)OC(=N3)N,0,1
16195991,320.2,C13H15Cl2NO2S,59.6,NULL,19,1,4,5,CCOC1=C(C=C(C=C1)C2=NC(=CS2)CCl)OC.Cl,0,2
899770,226.19,C9H10N2O5,107,-0.3,16,1,5,3,COC1=C(C(=C(C=C1)OC)[N+](=O)[O-])C(=O)N,0,1
4962103,266.4,C16H14N2S,47.4,3.5,19,1,1,2,CC1=CC=C(C=C1)C2=CNC(=S)N2C3=CC=CC=C3,0,1
686361,218.32,C12H14N2S,56.2,2.7,15,2,2,0,C1CCC2(C1)NC3=CC=CC=C3C(=S)N2,0,1
1477595,264.26,C11H8N2O4S,101,1.8,18,0,5,2,C1=CC=C(C=C1)S(=O)(=O)C2=NC=C(C=C2)[N+](=O)[O-],0,1
2529983,222.27,C10H10N2O2S,78.3,1.2,15,1,4,3,C1CC1NS(=O)(=O)C2=CC=C(C=C2)C#N,0,1
2729517,325.8,C19H20ClN3,22.3,4.1,23,1,2,3,C1CN(CCN1CC2=CC=CC=C2Cl)C3=CC=CC4=C3C=CN4,0,1
3761339,227.33,C11H17NO2S,80.6,3.6,15,1,4,5,CCOC(=O)C1=C(SC=C1CC(C)C)N,0,1
4962418,252.31,C15H16N4,56.7,3.1,19,1,3,1,CC1=CC(=CC=C1)N2C(=C(C3=C(N=CN=C32)N)C)C,0,1
6484630,261.339,C13H15N3OS,69,2.6,18,1,3,5,CCOC1=CC=CC=C1C2=NNC(=S)N2CC=C,0,1
286497,238.25,C12H10N6,74.6,1.2,18,2,4,2,C1=CC=NC(=C1)C2=NNC(=NN2)C3=CC=CC=N3,0,1
764328,301.8,C15H12ClN3S,59.7,4.2,20,1,2,2,CC1=CC=C(C=C1)N2C(=NNC2=S)C3=CC=C(C=C3)Cl,0,1
820816,341.4,C18H23N5O2,82.9,1.9,25,3,5,4,COC1=CC=C(C=C1)N2CCN(CC2)C3=CC=C(C=C3)NC(=O)NN,0,1
628089,309.4,C19H19NO3,51.5,3.9,23,1,3,5,CCOC(=O)C1=C(N(C2=C1C=C(C=C2)O)CC3=CC=CC=C3)C,0,1
2049905,248.23,C12H12N2O4,75.7,0.9,18,1,4,3,CCOC1=CC=CC=C1N2C(=O)CC(=O)NC2=O,0,1
2312594,255.35,C17H21NO,35.2,5,19,1,2,4,CCC(C)(C)C1=CC=C(C=C1)OC2=CC=C(C=C2)N,0,1
3641692,276.36,C14H16N2O2S,79.5,3.7,19,1,5,6,CCOC(=O)C1=C(SC(=N1)NCC2=CC=CC=C2)C,0,1
13413786,174.24,C11H14N2,15.3,2.4,13,1,2,0,C1CC2CNC3=CC=CC=C3N2C1,0,1
260958,289.24,C13H11N3O5,113,3.7,21,1,6,3,COC1=CC=C(C=C1)NC2=C(C=C(C=C2)[N+](=O)[O-])[N+](=O)[O-],0,1
703723,278.8,C12H7ClN2S2,84.7,3.6,17,1,3,1,C1=CC(=CC=C1C2=CSC3=C2C(=S)NC=N3)Cl,0,1
2378240,235.28,C11H10FN3S,59.7,2.3,16,1,3,2,C1CC1N2C(=NNC2=S)C3=CC=CC=C3F,0,1
2560609,246.4,C9H14N2O2S2,89.9,0.4,15,1,4,4,CCN(CC)S(=O)(=O)C1=CNC(=S)C=C1,0,1
2769371,206.4,C6H10N2S3,107,3.2,11,1,4,3,CC(C)CSC1=NNC(=S)S1,0,1
775241,241.33,C16H19NO,21.3,4.1,18,1,2,4,CC1=C(C=C(C=C1)NCC2=CC=C(C=C2)OC)C,0,1
2778109,277.11,C9H13BrN2O3,67.4,0.3,15,2,3,4,CCOC(=O)C1=C(NC(=O)NC1C)CBr,0,1
24761072,213.71,C10H16ClN3,28.2,NULL,14,2,3,2,C1CN(CCN1)CC2=CC=CC=N2.Cl,0,2
272429,186.25,C12H14N2,8.2,3.2,14,0,1,2,CN(C)C1=CC=C(C=C1)N2C=CC=C2,0,1
1103417,227.69,C14H10ClN,12.9,4.5,16,0,1,0,CC1=CC(=C2C=CC3=CC=CC=C3C2=N1)Cl,0,1
3852812,279.4,C18H21N3,45,2.9,21,2,2,4,CN(C)C1=CC=C(C=C1)C(CN)C2=CNC3=CC=CC=C32,0,1
950890,238.39,C13H22N2S,67.2,4.9,16,1,3,0,C1CCCCCC2=C(CCCC1)N=C(S2)N,0,1
2136107,354.4,C13H14N4O4S2,161,0,23,4,8,4,C1C2=C(C=CC(=C2)S(=O)(=O)NN)C3=C1C=C(C=C3)S(=O)(=O)NN,0,1
2804858,157.24,C6H11N3S,59.7,1,10,1,2,1,CC(C)(C)N1C=NNC1=S,0,1
783935,252.31,C15H16N4,56.7,3.8,19,1,3,2,CCC1=CC=C(C=C1)N2N=C3C=C(C(=CC3=N2)N)C,0,1
847884,296.4,C16H16N4S,63,3.3,21,1,3,3,CN(C)C1=CC=C(C=C1)C2=NNC(=S)N2C3=CC=CC=C3,0,1
5085610,308.2,C15H11Cl2NO2,46.2,4.5,20,1,2,4,C1=CC=C(C=C1)C(=O)C(C(=O)NC2=CC=C(C=C2)Cl)Cl,0,1
24746770,226.74,C12H19ClN2,29.3,NULL,15,2,2,3,C1CCN(C1)CCC2=CC=C(C=C2)N.Cl,0,2
685919,260.269,C11H8N4O2S,109,0.8,18,2,4,2,C1=CC=C2C(=C1)C3=NNC(=S)N=C3N2CC(=O)O,0,1
789064,322.2,C14H9Cl2N3S,59.7,4.4,20,1,2,2,C1=CC(=CC=C1C2=NNC(=S)N2C3=CC=C(C=C3)Cl)Cl,0,1
943408,281.32,C14H15N7,105,2.3,21,3,6,3,CC1=CC(=NC(=N1)NC2=NNC(=N2)C3=CC=CC=C3N)C,0,1
2816375,274.3,C12H10N4O2S,98.4,2.4,19,1,5,3,CCOC(=O)C1=NNN2C1=NC(=S)C3=CC=CC=C32,0,1
3864051,294.8,C14H15ClN2OS,61.4,3.4,19,0,3,4,CCC1=CC=C(C=C1)N(C2=NC(=CS2)CCl)C(=O)C,0,1
4961610,266.4,C16H14N2S,47.4,3.5,19,1,1,2,CC1=CC=C(C=C1)N2C(=CNC2=S)C3=CC=CC=C3,0,1
6485423,253.26,C14H11N3O2,68,1.7,19,1,4,2,CN1C=CC(=N1)C2=NC3=CC=CC=C3C(=C2)C(=O)O,0,1
1480920,307.4,C17H13N3OS,86.1,4,22,2,3,2,C1=CC=C(C=C1)C(=O)NC(=S)NC2=CC3=C(C=C2)N=CC=C3,0,1
2325048,277.7,C13H12ClN3O2,75.1,3,19,2,5,5,C1=CC=C(C=C1)CCNC2=NC=C(C(=N2)C(=O)O)Cl,0,1
2919324,275.4,C15H21N3S,59.7,3.2,19,1,2,3,C=CCN1C(=NNC1=S)C23CC4CC(C2)CC(C4)C3,0,1
2983863,263.2,C12H9NO6,106,2.3,19,1,6,3,COC1=CC(=C(C=C1)C2=CC=C(O2)C(=O)O)[N+](=O)[O-],0,1
3673394,339.19,C16H11BrN4,56.2,3.6,21,1,3,1,C1=CC=C2C(=C1)C(=NN3C2=NC(=C3)C4=CC=C(C=C4)Br)N,0,1
4962047,282.4,C16H14N2OS,56.6,3.1,20,1,2,3,COC1=CC=CC(=C1)N2C(=CNC2=S)C3=CC=CC=C3,0,1
672245,224.26,C13H12N4,66.7,2.7,17,3,3,2,C1=CC=C(C(=C1)N)NC2=NC3=CC=CC=C3N2,0,1
687980,217.22,C12H11NO3,76.5,-1.2,16,2,4,3,C1=CC=C(C=C1)C2=CC(=C(O2)CN)C(=O)O,0,1
667600,309.4,C18H19N3S,59.7,4.9,22,1,2,3,CC(C)(C)C1=CC=C(C=C1)C2=NNC(=S)N2C3=CC=CC=C3,0,1
2056018,285.3,C15H12FN3S,59.7,3.2,20,1,3,3,C1=CC=C(C=C1)CN2C(=NNC2=S)C3=CC=CC=C3F,0,1
24746775,228.72,C11H17ClN2O,34.2,NULL,15,2,3,3,C1CNCCC1COC2=CC=CC=N2.Cl,0,2
135510268,238.63,C10H7ClN2O3,78.8,0.8,16,2,4,2,C1=CC2=C(C=C1C(=O)O)N=C(NC2=O)CCl,0,1
3148504,219.3,C12H13NOS,49.5,3.1,15,1,3,4,COC1=CC=C(C=C1)NCC2=CSC=C2,0,1
4962085,243.7,C8H6ClN3S2,93.8,2.9,14,2,3,2,C1=CC(=CC(=C1)Cl)NC2=NNC(=S)S2,0,1
668161,212.27,C8H12N4OS,106,0.4,14,2,5,3,CC1=CC(=NC(=N1)SCC(=O)NN)C,0,1
685093,242.3,C12H10N4S,72.1,1.9,17,1,2,2,C=CCN1C2=CC=CC=C2C3=NNC(=S)N=C31,0,1
718655,196.21,C7H5FN4S,78.9,2.3,13,1,6,2,C1=CC(=CC=C1NC2=NN=NS2)F,0,1
722854,231.2,C12H9NO4,79.5,2.9,17,2,4,3,C1=CC=C(C(=C1)C(=O)O)NC(=O)C2=CC=CO2,0,1
739121,232.3,C12H12N2OS,76.4,2.6,16,1,4,1,COC1=CC2=C(CCC3=C2N=C(S3)N)C=C1,0,1
805146,270.24,C13H10N4O3,96.8,4.7,20,1,5,1,CC1=CC(=C(C(=C1)[N+](=O)[O-])O)N2N=C3C=CC=CC3=N2,0,1
2363662,336.4,C17H12N4O2S,98.4,2.9,24,1,5,3,C1=CC=C(C=C1)CN2C(=O)C3=CC=CC=C3C(=N2)C4=NNC(=S)O4,0,1
2767481,251.28,C15H13N3O,49.9,3.8,19,1,3,2,CN1C2=CC=CC=C2C(=C1O)N=NC3=CC=CC=C3,0,1
2771128,282.34,C17H18N2O2,53.4,-0.4,21,1,4,4,C1CN(C(C2=CC=CC=C21)C3=CC=NC=C3)CCC(=O)O,0,1
2947325,361.5,C18H23N3O3S,93,2.7,25,2,6,5,COC1=CC=CC=C1NS(=O)(=O)C2=C(C=CC(=C2)N)N3CCCCC3,0,1
3427544,213.23,C12H11N3O,56.1,1.3,16,1,3,0,C1CC2C(=O)NC3=C(N2C1)C=CC(=C3)C#N,0,1
4994562,308.8,C14H17ClN4S,63,3.1,20,1,3,3,C1CCN(CC1)CC2=NNC(=S)N2C3=CC=C(C=C3)Cl,0,1
16196882,306.2,C12H13Cl2NO2S,59.6,NULL,18,1,4,4,COC1=CC=CC(=C1OC)C2=NC(=CS2)CCl.Cl,0,2
257810,325.2,C17H13BrN2,24.1,5.2,20,2,2,1,C1=CC2=C3C(=C1)NC(NC3=CC=C2)C4=CC(=CC=C4)Br,0,1
736271,238.29,C14H14N4,56.7,3.4,18,1,3,1,CC1=CC=C(C=C1)N2N=C3C=C(C(=CC3=N2)N)C,0,1
771515,212.25,C13H12N2O,46.3,2,16,1,2,1,CCN1C2=C3C(=C(C=C2)N)C=CC=C3C1=O,0,1
1480919,307.4,C17H13N3OS,86.1,3.7,22,2,3,2,C1=CC=C(C=C1)C(=O)NC(=S)NC2=CC=CC3=C2C=CN=C3,0,1
6485369,229.19,C11H7N3O3,80.6,0.9,17,1,5,2,C1=COC(=C1)C2=CC=NC3=CC(=NN23)C(=O)O,0,1
1132009,247.67,C13H10ClNO2,50.2,3,17,1,3,1,C1CC2=C(C3=C(C=CC(=C3)Cl)N=C2C1)C(=O)O,0,1
3298745,277.39,C14H19N3OS,69,3.4,19,1,3,6,CC(C)CCN1C(=NNC1=S)COC2=CC=CC=C2,0,1
2055175,255.31,C16H17NO2,30.5,3.2,19,1,3,4,CC1=CC=C(C=C1)CNCC2=CC3=C(C=C2)OCO3,0,1
2400438,250.28,C11H10N2O3S,98.2,1.2,17,1,5,1,CC1=C(SC2=C1C(=O)N3CCCC3=N2)C(=O)O,0,1
3280818,278.65,C11H7ClN4O3,105,0.7,19,2,6,3,C1=CC(=NC=C1Cl)NC(=O)C2=NC=CN=C2C(=O)O,0,1
6858937,262.31,C16H14N4,56.2,3.1,20,1,3,3,C1=CC=C(C=C1)C=NN2C=C(N=C2N)C3=CC=CC=C3,0,1
7064036,322.4,C17H14N4OS,80,3.4,23,1,3,1,CC1=C(C(=CC=C1)N2C(=O)C3=CC=CC=C3N4C2=NNC4=S)C,0,1
21545164,248.66,C12H9ClN2O2,58.2,NULL,17,3,4,0,C1=CC2=C(C3=C1C(=O)C=CN3)NC=CC2=O.Cl,0,2
194653,227.3,C15H17NO,23.5,3.1,17,1,2,2,C1CCN(C1)CC2=C(C=CC3=CC=CC=C32)O,0,1
782728,205.3,C13H19NO,12.5,2.2,15,0,2,4,C1COCCN1CCCC2=CC=CC=C2,0,1
802901,312.4,C15H12N4S2,112,2.3,21,4,2,2,C1=CC2=C(C=C1CC3=CC4=C(C=C3)NC(=S)N4)NC(=S)N2,0,1
921808,258.7,C13H11ClN4,56.7,3.6,18,1,3,1,CC1=CC2=NN(N=C2C=C1N)C3=CC=C(C=C3)Cl,0,1
2818650,273.31,C14H11NO3S,88.2,3.5,19,0,4,3,CC(=O)C1=CC(=C(C=C1)SC2=CC=CC=C2)[N+](=O)[O-],0,1
935524,181.22,C6H7N5S,106,0.6,12,2,5,1,CSC1=NC2=NC=NC(=C2N1)N,0,1
842381,297.35,C17H19N3O2,48.3,2.9,22,1,4,5,CN1C=NC2=C1C=CC(=C2)NCC3=CC(=C(C=C3)OC)OC,0,1
2771030,223.25,C9H9N3O2S,97.6,1.7,15,2,6,1,C1COC2=C(O1)C=C3C(=C2)SC(=N3)NN,0,1
3772452,220.29,C11H12N2OS,65.7,2.6,15,1,3,3,CC(CC1=NNC(=S)O1)C2=CC=CC=C2,0,1
9516,243.28,C14H14FN3,28,4.7,18,0,4,3,CN(C)C1=CC=C(C=C1)N=NC2=CC(=CC=C2)F,0,1
185484,271.7,C15H10ClNO2,37.4,3,19,0,2,1,C1C2=CC=CC=C2C(=O)N(C1=O)C3=CC(=CC=C3)Cl,0,1
686300,259.329,C13H13N3OS,78.3,2.3,18,2,3,3,COC1=CC=C(C=C1)NC(=S)NC2=CC=CC=N2,0,1
1092430,271.31,C14H10FN3S,66,3.9,19,1,5,3,C1=CC=NC(=C1)NC2=NC(=CS2)C3=CC=C(C=C3)F,0,1
2376829,300.4,C11H12N2O4S2,108,0.5,19,1,6,2,C1COCCN1S(=O)(=O)C2=CC3=C(C=C2)OC(=S)N3,0,1
2801572,273.28,C15H15NO4,66.8,2.4,20,1,5,5,CCN1C2=C(C=C(C=C2)OCC=C)C(=O)C=C1C(=O)O,0,1
3809315,195.29,C9H13N3S,82.2,2.2,13,3,2,2,CC1=C(C(=CC=C1)NNC(=S)N)C,0,1
4329757,298.73,C15H11ClN4O,66.9,2.7,21,2,3,2,C1=CC(=CC(=C1)Cl)NC(=O)NC2=CC3=NC=CN=C3C=C2,0,1
4521024,302.3,C15H15FN4O2,65.2,2.8,22,0,6,2,C1CN(CCN1C2=CC=C(C=C2)F)C3=C(C=CC=N3)[N+](=O)[O-],0,1
5200023,250.28,C10H10N4O2S,104,0.7,17,2,5,1,C1C(OC2=CC=CC=C2O1)C3=NNC(=S)N3N,0,1
3801756,260.279,C11H11F3N2S,47.4,3.1,17,1,4,2,CCCN1C2=C(C=CC(=C2)C(F)(F)F)NC1=S,0,1
2434896,262.33,C13H14N2O2S,80.6,2.3,18,2,4,3,CC1=CC=C(C=C1)S(=O)(=O)C2=CC=C(C=C2)NN,0,1
3151041,265.35,C15H23NO3,66.4,1.9,19,2,3,3,CC1=CCC(C(C1)C(=O)NC2CCCCC2)C(=O)O,0,1
20848000,220.7,C12H13ClN2,38.9,NULL,15,2,2,2,C1=CC=C(C=C1)C(C2=CC=NC=C2)N.Cl,0,2
139941,165.26,C9H11NS,35.3,1.2,11,0,1,1,CN(C)C(=S)C1=CC=CC=C1,0,1
764325,297.4,C16H15N3OS,69,3.5,21,1,3,3,CC1=CC=C(C=C1)N2C(=NNC2=S)C3=CC=C(C=C3)OC,0,1
802540,275.3,C15H17NO4,86.6,2.7,20,3,5,3,CC1(CC(=CC(=O)C1)NC2=CC(=C(C=C2)O)C(=O)O)C,0,1
3749366,281.27,C15H11N3O3,91.6,2.6,21,1,4,3,C1=CC=C2C(=C1)NC(=N2)CC(=O)C3=CC=C(C=C3)[N+](=O)[O-],0,1
390754,245.34,C14H15NOS,54.4,3.3,17,1,3,0,CC1(CC2=C(C(=O)C1)SC3=CC=CC=C3N2)C,0,1
2360761,245.3,C12H11N3OS,69,1.7,17,1,3,1,CC1=CC2=NNC(=S)N2C3=C1C=CC(=C3)OC,0,1
2807230,308.4,C12H12N4O2S2,131,2.7,20,1,5,5,C=CCN1C(=NNC1=S)CSC2=CC=CC=C2[N+](=O)[O-],0,1
54677846,177.16,C9H7NO3,69.6,0.6,13,3,3,0,C1=CC=C2C(=C1)C(=C(C(=O)N2)O)O,0,1
764266,226.23,C13H10N2O2,57.8,2.7,17,2,3,1,C1=CC2=NC(=CN2C=C1)C3=CC(=C(C=C3)O)O,0,1
4994563,292.38,C14H17FN4S,63,2.5,20,1,4,3,C1CCN(CC1)CC2=NNC(=S)N2C3=CC=C(C=C3)F,0,1
274249,272.26,C14H12N2O4,84.2,2.7,20,1,4,3,COC1=CC(=C(C=C1)NC(=O)C2=CC=CC=C2)[N+](=O)[O-],0,1
3122942,325.2,C17H13BrN2,24.1,5.2,20,2,2,1,C1=CC=C(C(=C1)C2NC3=CC=CC4=C3C(=CC=C4)N2)Br,0,1
727019,315.2,C17H12Cl2N2,24.1,5.8,21,2,2,1,C1=CC2=C3C(=C1)NC(NC3=CC=C2)C4=C(C=CC=C4Cl)Cl,0,1
746040,282.32,C14H10N4OS,81.5,2.7,20,0,5,2,C1C(=NN2C(=NN=C2S1)C3=CC=CO3)C4=CC=CC=C4,0,1
820504,311.79,C13H14ClN3O2S,84.7,1.5,20,1,3,1,C1CN(CCN1C=O)C(=S)NC(=O)C2=CC=C(C=C2)Cl,0,1
935396,200.26,C11H8N2S,56.2,2.4,14,2,1,0,C1=CC=C2C=C3C(=CC2=C1)NC(=S)N3,0,1
1475942,314.4,C15H14N4S2,101,3.7,21,1,4,4,CC1=C(SC(=N1)C2=CC=CC=C2)C3=NNC(=S)N3CC=C,0,1
2363795,258.3,C12H10N4OS,80,1.7,18,1,3,2,C=CCN1C(=O)C2=CC=CC=C2N3C1=NNC3=S,0,1
2385952,342.8,C18H15ClN2O3,70,2.4,24,1,4,5,C1=CC=C(C=C1)CN2C3=C(C=C(C=C3)Cl)N=C(C2=O)CCC(=O)O,0,1
2440052,298.4,C12H14N2O3S2,99.1,1.7,19,1,5,2,C1CCN(CC1)S(=O)(=O)C2=CC3=C(C=C2)OC(=S)N3,0,1
2816609,251.31,C11H13N3O2S,108,1.7,17,1,5,2,CCOC(=O)N1CCC2=C(C1)SC(=C2C#N)N,0,1
2963517,363.4,C17H21N3O4S,102,1.5,25,2,7,5,COC1=CC=C(C=C1)NS(=O)(=O)C2=C(C=CC(=C2)N)N3CCOCC3,0,1
3759401,251.24,C13H9N5O,94.8,-0.1,19,0,5,1,C1CC2=C(C=NC3=C(C(=NN23)CC#N)C#N)C(=O)C1,0,1
16413771,316.34,C14H12N4O3S,112,2.2,22,3,4,3,C1=CC=C(C=C1)S(=O)(=O)NC(=O)NC2=CC=CC3=C2C=NN3,0,1
331252,299.37,C17H21N3O2,71.1,2.2,22,2,3,2,C1C2CC3CC1CC(C2)(C3)C(=O)NNC(=O)C4=CC=NC=C4,0,1
806545,253.29,C16H15NO2,29.5,2.5,19,0,3,3,COC1=C(C=CC(=C1)N2CC3=CC=CC=C3C2)C=O,0,1
934282,269.33,C13H11N5S,85.5,1.8,19,1,4,2,CC1=CC=C(C=C1)N2C(=NNC2=S)C3=NC=CN=C3,0,1
2374148,252.3,C10H12N4O2S,104,0.9,17,2,5,4,COC1=CC=C(C=C1)OCC2=NNC(=S)N2N,0,1
1490896,181.26,C8H11N3S,82.2,1.7,12,3,2,2,CC1=CC=CC=C1NNC(=S)N,0,1
3713419,208.28,C10H12N2OS,56.6,1.2,14,1,2,3,COCCN1C2=CC=CC=C2NC1=S,0,1
16196271,306.2,C12H13Cl2NO2S,59.6,NULL,18,1,4,4,COC1=C(C=C(C=C1)C2=NC(=CS2)CCl)OC.Cl,0,2
256661,247.29,C16H13N3,37,3.5,19,2,3,1,C1=CC2=C3C(=C1)NC(NC3=CC=C2)C4=CN=CC=C4,0,1
3780247,252.72,C10H9ClN4S,95.1,2.5,16,3,3,2,C1=CC2=C(C=CN=C2C=C1Cl)NNC(=S)N,0,1
2384727,336.4,C14H12N2O4S2,117,2.2,22,2,6,4,COC1=CC=C(C=C1)NS(=O)(=O)C2=CC3=C(C=C2)OC(=S)N3,0,1
2392375,315.16,C15H11BrN2O,45.8,3.5,19,1,2,3,C1=CC=C2C(=C1)NC(=N2)CC(=O)C3=CC=C(C=C3)Br,0,1
802502,244.29,C17H12N2,24.4,3.7,19,1,1,2,C1=CC=C(C=C1)NC2=NC3=CC=CC4=C3C2=CC=C4,0,1
2151521,277.36,C14H16FN3S,59.7,1.9,19,1,4,1,CN1CCC2(CC1)NC(=S)C(=N2)C3=CC=C(C=C3)F,0,1
272832,301.34,C17H19NO4,64.599,3.9,22,1,5,8,CCOC(=O)C(C(=O)OCC)NC1=CC2=CC=CC=C2C=C1,0,1
843258,340.13,C11H10BrN5O3,119,1.2,20,2,5,3,C1=CC(=CC(=C1)C(=O)NN)CN2C=C(C(=N2)[N+](=O)[O-])Br,0,1
902206,248.62,C10H5ClN4O2,80.8,1.4,17,1,5,1,C1=CC2=C(C=C1Cl)C(=O)C(=CO2)C3=NNN=N3,0,1
1473457,342.8,C16H11ClN4OS,85.8,3.6,23,1,4,3,C1=CC=C2C(=C1)C(=NO2)CC3=NNC(=S)N3C4=CC=C(C=C4)Cl,0,1
1475294,370.74,C11H10ClF3N4O3S,96.7,1.2,23,1,9,4,CN1C(=NN=C1C(F)(F)F)CN(O)S(=O)(=O)C2=CC=C(C=C2)Cl,0,1
2768421,242.24,C12H13F3N2,15.3,3.2,17,1,5,0,C1CC2CNC3=C(N2C1)C=CC(=C3)C(F)(F)F,0,1
2788163,289.8,C9H8ClN3O2S2,120,NULL,17,2,5,1,C1C(=O)N(C(=S)S1)NC(=O)C2=CN=CC=C2.Cl,0,2
3472985,275.73,C15H14ClNO2,38.3,3.1,19,1,2,3,C1C(OC2=C1C3=CC=CC=C3C=C2)C(=O)NCCCl,0,1
3642065,216.3,C12H12N2S,64.2,2.2,15,1,3,3,C1=CC(=CN=C1)CSC2=CC=C(C=C2)N,0,1
3754545,275.3,C14H17N3O3,66.9,1.9,20,1,4,5,CN(C)C=NC1=C(NC2=C1C=CC(=C2)OC)C(=O)OC,0,1
3818657,195.29,C9H13N3S,82.2,2.2,13,3,2,2,CC1=CC(=C(C=C1)C)NNC(=S)N,0,1
4961656,311.24,C13H15BrN2S,47.4,3.6,17,1,1,3,CC(C)CN1C(=CNC1=S)C2=CC=C(C=C2)Br,0,1
2063958,141.2,C5H7N3S,59.7,0.6,9,1,2,2,C=CCN1C=NNC1=S,0,1
248050,293.28,C16H11N3O3,87.3,2.8,22,1,4,2,C1=CC=C(C=C1)C2=C(N=C(C(=O)N2)[N+](=O)[O-])C3=CC=CC=C3,0,1
690639,204.29,C11H12N2S,47.4,1.9,14,1,1,3,C1=CC=C(C=C1)CCN2C=CNC2=S,0,1
802794,247.32,C12H13N3OS,69,2.5,17,1,3,5,C=CCN1C(=S)NN=C1OCC2=CC=CC=C2,0,1
2120114,274.34,C13H14N4OS,80,2.3,19,1,3,3,CCCCN1C(=O)C2=CC=CC=C2N3C1=NNC3=S,0,1
4961793,240.75,C11H13ClN2S,47.4,3.3,15,1,1,2,CC(C)CN1C2=C(C=C(C=C2)Cl)NC1=S,0,1
220464,175.25,C10H9NS,35.3,1,12,0,2,0,CN1C=CC(=S)C2=CC=CC=C21,0,1
727699,252.3,C15H12N2S,56.5,3.6,18,1,2,1,CC1=CC=C(C=C1)C2=NNC(=S)C3=CC=CC=C32,0,1
951867,282.4,C15H14N4S,72.6,2.9,20,1,3,2,CC1=C(C=C(C=C1)N2C(=NNC2=S)C3=CC=NC=C3)C,0,1
2767882,322.4,C16H14N6S,82.5,2.3,23,1,3,3,CN1C(=NNC1=S)C2=C(N(N=C2)C3=CC=CC=C3)N4C=CC=C4,0,1
382950,243.3,C15H17NO2,32.7,2.3,18,1,3,2,C1COCCN1CC2=C(C3=CC=CC=C3C=C2)O,0,1
727056,328.8,C19H21ClN2O,23.6,3.8,23,0,3,5,C1CN(CCN1CCC(=O)C2=CC=C(C=C2)Cl)C3=CC=CC=C3,0,1
1742045,304.4,C20H20N2O,33.3,5.4,23,2,3,4,CCCOC1=CC=C(C=C1)C2NC3=CC=CC4=C3C(=CC=C4)N2,0,1
2743162,246.12,C8H5Cl2N3S,68.5,3.1,14,2,1,1,C1=C(C=C(C=C1Cl)Cl)C2=NC(=S)NN2,0,1
3863654,271.3,C13H9N3O2S,93.2,2.7,19,1,3,1,C1=CC=C(C=C1)N2C3=C(C=C(C=C3)[N+](=O)[O-])NC2=S,0,1
721646,231.21,C10H9N5O2,106,0.5,17,1,6,3,CCOC(=O)C1=C2N=CC(=C(N2N=C1)N)C#N,0,1
934233,252.06,C10H6BrNO2,60.2,2.1,14,1,3,0,C1=CC=C2C(=C1)C(=O)C(=C(C2=O)Br)N,0,1
19495,215.17,C9H5N5O2,118,2.4,16,1,6,2,C1=CC(=CC=C1NN=C(C#N)C#N)[N+](=O)[O-],0,1
85485,333.32,C13H11N5O4S,166,0.5,23,3,8,3,CC1=C(C(=O)NC(=C1C#N)O)N=NC2=CC=C(C=C2)S(=O)(=O)N,0,1
186762,225.25,C13H11N3O,50.8,2.1,17,1,3,2,COC1=CC2=C(C=C1)N=C(N2)C3=CC=CC=N3,0,1
302041,329.4,C16H19N5OS,81.4,1.5,23,0,6,4,CN1C2=CC=CC=C2C3=C1N=C(N=N3)SCCN4CCOCC4,0,1
695255,302.4,C14H14N4S2,112,2.1,20,4,2,2,C1=CC=C(C=C1)NC(=S)NNC(=S)NC2=CC=CC=C2,0,1
826857,258.8,C9H7ClN2OS2,84.6,3.5,15,0,5,2,COC1=CC=C(C=C1)N=C2C(=NSS2)Cl,0,1
863811,310.4,C19H22N2O2,32.8,3.2,23,0,4,5,COC1=CC=C(C=C1)N2CCN(CC2)CC(=O)C3=CC=CC=C3,0,1
1472329,278.29,C12H10N2O4S,101,2.2,19,0,5,2,CC1=CC=C(C=C1)S(=O)(=O)C2=NC=C(C=C2)[N+](=O)[O-],0,1
1477078,314.8,C18H19ClN2O,23.6,3.9,22,0,3,4,C1CN(CCN1CC(=O)C2=CC=CC=C2)C3=CC=C(C=C3)Cl,0,1
1479852,297.76,C13H12ClNO3S,75.8,3.6,19,1,4,5,COC1=C(SC=C1)NC(=O)OCC2=CC=C(C=C2)Cl,0,1
1485426,299.3,C15H13N3O2S,80.3,1.8,21,1,5,3,CS(=O)(=O)NC1=CC=CC(=C1)C2=NC3=CC=CC=C3N=C2,0,1
2311322,229.19,C11H7N3O3,82,0.8,17,2,4,1,C1=CC=C2C(=C1)NC3=NC=C(C(=O)N23)C(=O)O,0,1
2363240,294.3,C15H10N4OS,80,2.6,21,1,3,1,C1=CC=C(C=C1)N2C(=O)C3=CC=CC=C3N4C2=NNC4=S,0,1
2393609,301.79,C12H16ClN3O2S,74.4,1.8,19,1,4,5,CCN(CC)S(=O)(=O)C1=CC2=C(C=C1)N=C(N2)CCl,0,1
2768203,204.25,C10H8N2OS,71.1,1.6,14,0,4,2,CC(=O)C1=CN=C(S1)C2=CC=CC=N2,0,1
2788330,273.26,C15H12FNO3,47.6,2.8,20,1,4,2,C1C(OC2=CC=CC=C2O1)C(=O)NC3=CC=C(C=C3)F,0,1
2812985,247.21,C10H9N5O3,110,-0.5,18,2,6,3,CN1C(=CC=N1)NC(=O)C2=NC=CN=C2C(=O)O,0,1
3538559,258.399,C13H10N2S2,75.6,2.8,17,1,2,2,C1=CC=C(C=C1)N2C=C(NC2=S)C3=CC=CS3,0,1
4363980,296.3,C15H12N4OS,102,3.1,21,3,3,2,C1=CC=C(C=C1)C(=O)NC(=S)NC2=CC3=C(C=C2)N=CN3,0,1
4962642,249.69,C13H12ClNO2,37.4,1.7,17,0,2,2,C1CC2=C3C(=CC(=C2)C(=O)CCl)CC(=O)N3C1,0,1
12644971,259.75,C13H19ClFNO,20.3,NULL,17,1,3,6,CCN(CC)CCC(=O)C1=CC=C(C=C1)F.Cl,0,2
14197121,280.79,C15H21ClN2O,48,NULL,19,4,2,3,CC1=CC2=C(C=C1)NC3=C2CCCC3NCCO.Cl,0,2
16298395,289.2,C12H14Cl2N2S,53.2,NULL,17,2,3,1,C1CNCCC1C2=NC3=C(S2)C=CC(=C3)Cl.Cl,0,2
23724372,223.7,C12H14ClNO,39.2,NULL,15,2,2,0,C1CCC2=C(C1)C3=C(O2)C(=CC=C3)N.Cl,0,2
803231,256.67,C8H5ClN4O2S,126,2.1,16,1,6,1,C1=CC(=C(C=C1C2=NN=C(S2)N)[N+](=O)[O-])Cl,0,1
2404851,327.4,C12H13N3O4S2,121,0.8,21,1,7,3,C1COCCN1S(=O)(=O)C2=CC=CC(=C2)C3=NNC(=S)O3,0,1
2478581,285.17,C9H9BrN4S,85.7,1.5,15,2,3,2,C1=CC(=CC=C1CC2=NNC(=S)N2N)Br,0,1
3853692,280.4,C17H16N2S,47.4,3.8,20,1,1,2,CC1=C(C=C(C=C1)C2=CN(C(=S)N2)C3=CC=CC=C3)C,0,1
6486680,235.31,C11H13N3OS,89.3,2.2,16,1,5,4,COC1=CC=CC(=C1)CCC2=NN=C(S2)N,0,1
16195896,203.66,C9H14ClNO2,44.5,NULL,13,2,3,3,CCOC1=C(C=C(C=C1)N)OC.Cl,0,2
1541587,325.4,C18H19N3OS,87.5,4.3,23,1,4,4,CCN(CC)C(=O)C1=C(C2=C(S1)N=C(C=C2)C3=CC=CC=C3)N,0,1
4404982,301.4,C15H15N3O2S,96.1,1.8,21,1,4,3,COC1=CC=C(C=C1)C2=NN(C(C2)C3=CC=CO3)C(=S)N,0,1
3772598,234.32,C11H14N4S,85.7,1.4,16,2,3,3,CC(CC1=NNC(=S)N1N)C2=CC=CC=C2,0,1
717880,228.31,C13H12N2S,54.6,3.5,16,1,3,0,CN1C2=C(C=C(C=C2)N)SC3=CC=CC=C31,0,1
2451331,243.26,C14H13NO3,59.4,2.8,18,1,4,4,CCOC1=NC2=CC=CC=C2C=C1C=CC(=O)O,0,1
738951,280.32,C16H16N4O,74.6,2.4,21,1,5,1,CC1(C=C2C(=NN(C(=C2C#N)N)C3=CC=CC=C3)CO1)C,0,1
4555938,312.37,C17H20N4O2,65.2,3.5,23,0,5,2,CC1=CC(=C(C=C1)N2CCN(CC2)C3=C(C=CC=N3)[N+](=O)[O-])C,0,1
6494193,248.3,C12H12N2O2S,85.6,2.4,17,1,5,1,CC1=C(N=C(S1)N)C2=CC3=C(C=C2)OCCO3,0,1
1509622,221.22,C9H11N5O2,95.4,0.9,16,1,6,3,CCOC(=O)C1=C(N2C(=NC(=N2)C)N=C1)N,0,1
16196692,261.19,C12H18Cl2N2,29.3,NULL,16,2,2,1,C1CCCN(CC1)C2=C(C=C(C=C2)Cl)N.Cl,0,2
255085,280.7,C17H13ClN2,24.1,5.2,20,2,2,1,C1=CC2=C3C(=C1)NC(NC3=CC=C2)C4=CC=C(C=C4)Cl,0,1
698255,290.7,C14H11ClN2O3,74.9,3.5,20,1,3,3,C1=CC(=CC=C1CC(=O)NC2=CC=C(C=C2)Cl)[N+](=O)[O-],0,1
6852374,333.29,C13H19NO9,188,NULL,23,8,10,6,CNCC(C1=CC(=C(C=C1)O)O)O.C(C(C(=O)O)O)(C(=O)O)O,0,2
269969,247.29,C17H13NO,32.6,4.1,19,1,2,2,C1=CC=C(C=C1)N=CC2=C(C=CC3=CC=CC=C32)O,0,1
540985,289.3,C19H15NO2,49.7,3.8,22,1,3,3,CC(=O)C1=CC(=CC=C1)N=CC2=C(C=CC3=CC=CC=C32)O,0,1
729147,254.28,C15H14N2O2,66,2.2,19,1,3,4,CC1=CC=C(O1)CCC(=O)NC2=CC=C(C=C2)C#N,0,1
1475493,242.25,C9H10N2O4S,84.1,0.8,16,1,5,3,C1COC(=O)N1S(=O)(=O)NC2=CC=CC=C2,0,1
1478191,284.27,C15H12N2O4,84.2,2.5,21,1,4,0,CC1=CC2=C(C=C1)OCC3=C(C=CC=C3[N+](=O)[O-])C(=O)N2,0,1
1490906,350.4,C21H19FN2O2,40.6,3.8,26,0,5,2,CC(=C1C(=O)C2=CC=CC=C2C1=O)N3CCN(CC3)C4=CC=C(C=C4)F,0,1
1818307,321.4,C13H11N3O3S2,151,2.8,21,4,5,2,C1=CSC(=C1)C(=O)NC(=S)NNC(=O)C2=CC=C(C=C2)O,0,1
2414358,294.3,C17H14N2O3,64.4,3.4,22,1,4,4,COC1=CC(=C(C=C1)O)C(=O)C2=CN(N=C2)C3=CC=CC=C3,0,1
2442215,266.32,C11H14N4O2S,104,0.8,18,2,5,4,COC1=C(C=C(C=C1)CC2=NNC(=S)N2N)OC,0,1
2748280,266.32,C12H14N2O3S,95.6,1.1,18,2,4,4,CCOC(=O)C1=C(NC(=S)NC1C2=CC=CO2)C,0,1
2763900,294.37,C14H18N2O3S,86,0.9,20,2,4,6,COC1=C(C=C(C=C1)CCN2C(=CNC2=S)CO)OC,0,1
2767579,222.17,C10H7FN2O3,66.5,0.9,16,1,4,2,C1=CC=C(C(=C1)CN2C(=O)C(=O)NC2=O)F,0,1
2801279,249.3,C14H19NO3,41.9,2.3,18,1,4,1,CC1(C(OC2=C1C=C(C=C2)O)N3CCOCC3)C,0,1
2968289,312.3,C16H12N2O3S,107,3.8,22,3,4,2,C1=CC2=C(C=CC(=C2)O)C(=C1)NC(=S)NC(=O)C3=CC=CO3,0,1
3512309,311.33,C17H17N3O3,78.2,3.7,23,1,4,3,C1CC2=CC=CC=C2N(C1)CC(=O)NC3=CC=CC=C3[N+](=O)[O-],0,1
16195169,256.73,C12H17ClN2O2,53.4,NULL,17,2,4,3,C1CN(CCC1C(=O)O)CC2=CC=CC=N2.Cl,0,2
16462824,288.4,C15H16N2O2S,104,3.1,20,2,5,3,C1CCC2=C(C1)C=CC(=C2)C3=C(SC(=N3)N)CC(=O)O,0,1
54682937,496.9,C22H25ClN2O9,202,NULL,34,8,10,2,CC1(C2C(C3C(C(=O)C(=C(C3(C(=O)C2=C(C4=C1C=CC=C4O)O)O)O)C(=O)N)N(C)C)O)O.Cl,0,2
256656,276.3,C18H16N2O,33.3,4.5,21,2,3,2,COC1=CC=CC(=C1)C2NC3=CC=CC4=C3C(=CC=C4)N2,0,1
2120341,288.37,C14H16N4OS,80,2.8,20,1,3,3,CC(C)CCN1C(=O)C2=CC=CC=C2N3C1=NNC3=S,0,1
2874547,257.329,C16H19NO2,49.3,3.8,19,2,3,2,CC(C)C1C2CC=CC2C3=C(N1)C=CC(=C3)C(=O)O,0,1
4994561,288.4,C15H20N4S,63,2.4,20,1,3,4,C1CCN(CC1)CC2=NNC(=S)N2CC3=CC=CC=C3,0,1
16413182,283.32,C17H17NO3,58.6,2.7,21,2,3,3,CC1=CC(=CC(=C1O)OC)CC2C3=CC=CC=C3NC2=O,0,1
849594,260.37,C16H24N2O,32.299,3.5,19,1,2,5,CCN(CC)C1=CC=C(C=C1)NC(=O)C2CCCC2,0,1
16227018,313.3,C18H19NO4,66.8,2.6,23,1,4,3,COC1=CC=C(C2=CC=CC=C21)C(=O)N3CCCC(C3)C(=O)O,0,1
1617920,308.5,C17H28N2OS,73.2,4.6,21,2,2,5,CCCCCC(=O)NC(=S)NC1C2CC3CC(C2)CC1C3,0,1
2397106,324.4,C16H12N4O2S,89.3,2.6,23,1,4,2,COC1=CC=CC(=C1)N2C(=O)C3=CC=CC=C3N4C2=NNC4=S,0,1
3716622,254.33,C15H18N4,32.299,2,19,0,4,3,C1CN(CCN1CC2=CC=CC=C2)C3=NC=CC=N3,0,1
5367144,204.25,C9H8N4S,106,2.5,14,2,4,3,C1=CC=C(C=C1)NN=C(C#N)C(=S)N,0,1
256660,289.4,C19H19N3,27.3,4.7,22,2,3,2,CN(C)C1=CC=C(C=C1)C2NC3=CC=CC4=C3C(=CC=C4)N2,0,1
727034,260.3,C18H16N2,24.1,4.9,20,2,2,1,CC1=CC=C(C=C1)C2NC3=CC=CC4=C3C(=CC=C4)N2,0,1
2410719,217.27,C12H15N3O,44.7,1.4,16,1,2,3,CCN(CC)C1=NC2=CC=CC=C2NC1=O,0,1
7084759,194.3,C10H14N2S,63.4,2.1,13,2,3,0,CC1(CNC2=C(S1)C=CC(=C2)N)C,0,1
135442099,262.3,C17H14N2O,45,5,20,1,3,2,CC1=C(C=CC(=C1)N=NC2=CC3=CC=CC=C3C=C2)O,0,1
963804,243.26,C14H13NO3,51.5,2.3,18,1,3,4,COC1=CC=CC(=C1)NC(=O)C=CC2=CC=CO2,0,1
3875844,367.9,C16H18ClN3O3S,93,2.1,24,2,6,4,C1COCCN1C2=C(C=C(C=C2)S(=O)(=O)NC3=CC=C(C=C3)Cl)N,0,1
16196166,233.13,C10H14Cl2N2,29.3,NULL,14,2,2,1,C1CCN(C1)C2=C(C=C(C=C2)Cl)N.Cl,0,2
256659,262.3,C17H14N2O,44.3,4.2,20,3,3,1,C1=CC2=C3C(=C1)NC(NC3=CC=C2)C4=CC=C(C=C4)O,0,1
829315,268.4,C12H16N2OS2,92.7,2.9,17,1,3,1,CC1CCN(CC1)C(=S)NC(=O)C2=CC=CS2,0,1
1206899,174.61,C4H3ClN4S,103,1.8,10,2,5,1,C(#N)C1=C(SN=C1Cl)NN,0,1
597171,166.18,C8H10N2O2,89.3,0.5,12,3,4,1,CC1=C(C=C(C=C1N)N)C(=O)O,0,1
2423905,260.32,C12H12N4OS,80,2,18,1,3,2,CCCN1C(=O)C2=CC=CC=C2N3C1=NNC3=S,0,1
4046915,195.29,C9H13N3S,82.2,1.5,13,3,2,1,CC1=CC(=CC(=C1)NC(=S)NN)C,0,1
6624109,192.24,C9H8N2OS,64.2,1.5,13,0,4,2,CSC1=NN=C(C=C1)C2=CC=CO2,0,1
345425,314.28,C13H9F3N2O2S,97.1,4,21,1,7,2,C1=CC=C(C(=C1)N)SC2=C(C=C(C=C2)C(F)(F)F)[N+](=O)[O-],0,1
682329,257.31,C13H11N3OS,86.1,2.4,18,2,3,2,C1=CC=C(C=C1)C(=O)NC(=S)NC2=CN=CC=C2,0,1
726364,298.4,C13H18N2O2S2,98.7,3.4,19,2,3,3,C1CCC(CC1)NC(=S)NS(=O)(=O)C2=CC=CC=C2,0,1
743663,313.74,C13H16ClN3O4,87.4,1.4,21,1,5,4,C1COCCN1CCNC(=O)C2=C(C=CC(=C2)[N+](=O)[O-])Cl,0,1
969955,281.37,C14H19NO3S,63,2.4,19,0,4,4,COC1=CC(=CC(=C1OC)OC)C(=S)N2CCCC2,0,1
1478046,322.4,C17H14N4OS,98.1,2.6,23,3,3,2,C1=CC=C(C=C1)NC(=S)NNC(=O)C2=CC3=C(C=C2)N=CC=C3,0,1
2492387,287.34,C14H13N3O2S,82.1,2.2,20,1,4,4,COC1=CC=CC(=C1)C2=NNC(=S)N2CC3=CC=CO3,0,1
2726555,217.25,C10H7N3OS,90.2,2.1,15,2,4,2,C1=CC=C(C=C1)NC2=C(C(=O)NS2)C#N,0,1
2740600,245.3,C13H11NO2S,67.5,1.9,17,1,3,1,C1C(SC2=CC=CC=C2NC1=O)C3=CC=CO3,0,1
2765774,257.19,C7H4F5N3S,82.2,1.9,16,3,7,2,C1(=C(C(=C(C(=C1F)F)F)F)F)NNC(=S)N,0,1
3136927,294.14,C13H12BrNO2,49.3,3.2,17,2,3,1,C1C=CC2C1C(NC3=C2C=C(C=C3)Br)C(=O)O,0,1
3771607,274.39,C14H18N4S,72.6,2.8,19,1,3,2,CC1CCCCC1N2C(=NNC2=S)C3=CN=CC=C3,0,1
4304234,309.76,C16H17ClFNO2,41.5,4.4,21,2,4,6,COC1=C(C=C(C=C1)Cl)NCCC(C2=CC=C(C=C2)F)O,0,1
4770316,263.27,C12H9NO4S,83.1,1.6,18,1,5,2,C1=CC2=C3C(=C1)N(S(=O)(=O)C3=CC=C2)CC(=O)O,0,1
4992862,274.39,C14H18N4S,63,2,19,1,3,4,C1CCN(C1)CC2=NNC(=S)N2CC3=CC=CC=C3,0,1
9560222,231.08,C8H8Cl2N4,76.8,1.7,14,2,2,2,C1=CC(=C(C(=C1)Cl)Cl)C=NN=C(N)N,0,1
16495307,316.8,C18H21ClN2O,51,NULL,22,3,2,5,CC1=C(C2=C(N1)C=CC(=C2)OCC3=CC=CC=C3)CCN.Cl,0,2
135403133,325.4,C18H15NO3S,75.1,4.1,23,1,4,3,CC1=CC=C(C=C1)S(=O)(=O)N=CC2=C(C=CC3=CC=CC=C32)O,0,1
257563,242.23,C12H10N4O2,82.6,3.8,18,1,5,3,C1=CC=C(C=C1)N=NNC2=CC(=CC=C2)[N+](=O)[O-],0,1
693281,240.33,C14H12N2S,67.1,3.1,17,2,2,2,C1=CC=C2C(=C1)C(=CN2)SC3=CC=CC=C3N,0,1
4962102,284.4,C16H13FN2S,47.4,3.6,20,1,2,2,CC1=CC=C(C=C1)C2=CNC(=S)N2C3=CC=CC=C3F,0,1
3774068,286.19,C11H12BrNOS,46.9,2.8,15,0,3,3,COC1=CC=C(C=C1)C2=NCC(S2)CBr,0,1
24746812,299.75,C14H18ClNO4,63.9,NULL,20,3,5,6,COC1=CC(=CC(=C1O)OC)CNCC2=CC=CO2.Cl,0,2
802924,242.34,C14H14N2S,57,2.6,17,1,2,2,CC1=CC(=C(C=C1)NC(=S)C2=CC=NC=C2)C,0,1
1900943,207.3,C10H13N3S,69,1.8,14,2,2,3,CC1=CC(=NC=C1)NC(=S)NCC=C,0,1
1257397,211.29,C8H13N5S,94,1.3,14,3,4,2,CC1=CC(=NC(=N1)NNC(=S)NC)C,0,1
2896685,287.31,C16H17NO4,79.5,2.7,21,2,4,5,CC1=CC(=C(O1)C)C(=O)NC(CC2=CC=CC=C2)C(=O)O,0,1
3849132,276.36,C14H16N2O2S,69.4,2.7,19,0,4,7,COC(=O)CCCSC1=NC=CN1C2=CC=CC=C2,0,1
607883,234.64,C11H7ClN2O2,55.1,1.7,16,1,3,1,C1=CC=C2C(=C1)C3=C(C(=O)N2)N=C(O3)CCl,0,1
755801,292.4,C14H16N2OS2,95.5,3.7,19,1,4,4,C1CCC(C1)NC(=O)CSC2=NC3=CC=CC=C3S2,0,1
871259,286.4,C15H14N2O2S,90.4,3.8,20,1,4,4,CC1=C(SC(=C1C#N)NC(=O)COC2=CC=CC=C2)C,0,1
1484838,311.4,C18H17NO2S,57.5,4.2,22,1,4,5,COC1=C(C2=CC=CC=C2C=C1)S(=O)NCC3=CC=CC=C3,0,1
3848953,253.68,C12H12ClNO3,57.6,1.5,17,1,3,2,C1C(N(CC2=CC=CC=C21)C(=O)CCl)C(=O)O,0,1
4961646,292.72,C14H13ClN2O3,59,2.2,20,0,4,3,CC1=CC=C(O1)C2=NN(C(C2)C3=CC=CO3)C(=O)CCl,0,1
644901,250.29,C16H14N2O,45.2,3.5,19,2,3,3,C1=CC=C(C=C1)NCC2=C3C=CC=NC3=C(C=C2)O,0,1
2725336,261.32,C13H12FN3S,68.2,3.5,18,3,3,3,C1=CC=C(C=C1)NNC(=S)NC2=CC(=CC=C2)F,0,1
229521,316.4,C20H16N2O2,49.4,4.1,24,1,2,3,C1=CC=C(C=C1)C(=O)NN(C2=CC=CC=C2)C(=O)C3=CC=CC=C3,0,1
934100,295.4,C13H17N3OS2,95.9,1.5,19,1,4,2,CN1CCN(CC1)C(=S)NC(=O)C=CC2=CC=CS2,0,1
936046,295.4,C16H13N3OS,96.2,4.7,21,2,5,4,C1=CC=C(C=C1)C(=O)C2=C(N=C(S2)NC3=CC=CC=C3)N,0,1
1471141,246.22,C12H10N2O4,86.7,0.4,18,2,4,3,C1=CC=C(C=C1)CN2C(=O)C=C(NC2=O)C(=O)O,0,1
1489253,280.34,C13H16N2O3S,74.9,0.8,19,1,3,4,CCN1C(=C(NC1=O)CS(=O)(=O)C2=CC=CC=C2)C,0,1
2060916,215.7,C8H10ClN3S,73.4,1.6,13,2,2,1,CN(C(=S)NC1=CC=C(C=C1)Cl)N,0,1
2145489,295.3,C18H17NO3,46.6,3.3,22,0,3,4,CC1=CC=C(C=C1)OCCN2C3=C(C=C(C=C3)C)C(=O)C2=O,0,1
2317506,264.21,C11H9FN4O3,97,1.4,19,2,6,4,COC(=O)C1=NC(=NN1)NC(=O)C2=CC=C(C=C2)F,0,1
2512392,298.4,C11H10N2O2S3,136,3.6,18,1,6,4,CC1=CC=CC=C1N2C(=S)SC(=N2)SCC(=O)O,0,1
2728458,331.5,C22H25N3,28.2,4.7,25,1,3,5,C1CCN(CC1)CCNC2=CC(=NC3=CC=CC=C32)C4=CC=CC=C4,0,1
2736441,186.23,C7H10N2O2S,73.7,0.4,12,1,3,3,CCOC(=O)C1=CNC(=S)N1C,0,1
2769040,300.8,C11H9ClN2O2S2,102,3.7,18,0,6,4,CCOC(=O)C1=CC=C(C=C1)N=C2C(=NSS2)Cl,0,1
2821359,230.29,C12H10N2OS,65.7,1.5,16,1,2,1,C1COC2=C1C=C(C=C2)C3=CC=NC(=S)N3,0,1
3112830,318.4,C16H18N2O3S,96.2,3.5,22,0,5,2,CC1(CC(CCO1)C2=NC(=CS2)C3=CC=C(C=C3)[N+](=O)[O-])C,0,1
3157305,309.4,C19H19NO3,46.6,3.7,23,0,3,5,CC1=CC(=CC=C1)OCCCN2C3=C(C=C(C=C3)C)C(=O)C2=O,0,1
3519928,302.32,C16H18N2O4,66.9,0.2,22,0,5,5,C1COCCN1CC(=O)CCN2C(=O)C3=CC=CC=C3C2=O,0,1
3811925,270.25,C13H13F3N2O,32.299,2.8,19,1,5,0,C1CCN2C(C1)C(=O)NC3=C2C=CC(=C3)C(F)(F)F,0,1
3851493,349.4,C17H23N3O3S,93,2.4,24,2,6,7,CCN(CC)C1=C(C=C(C=C1)N)S(=O)(=O)NC2=CC=CC=C2OC,0,1
5115810,335.4,C19H17N3O3,87,3.8,25,2,4,5,C1=CC=C2C(=C1)C=CC=C2CNCC(=O)NC3=CC=CC=C3[N+](=O)[O-],0,1
5149428,285.4,C18H23NO2,29.5,3.3,21,0,3,2,CC1CCCCN1CC2=CC(=O)OC3=C2C=C(C(=C3)C)C,0,1
5939824,204.25,C10H8N2OS,65.7,2.5,14,1,3,2,C1=CC=C(C=C1)C=CC2=NNC(=S)O2,0,1
6292584,338.4,C18H18N4OS,77.9,3.4,24,1,4,5,CN(C)C1=CC=C(C=C1)C=NNC(=O)C2=C(C=CS2)N3C=CC=C3,0,1
16192668,319.4,C17H21NO5,95.9,NULL,23,3,6,6,CC(COC)NCC1=CC=CC2=CC=CC=C21.C(=O)(C(=O)O)O,0,2
16413476,316.4,C18H16N6,100,2.8,24,2,5,5,C1=CC=C(C=C1)CC2=NC3=CC=CC=C3N=C2NN=C(CC#N)N,0,1
23724366,257.75,C13H20ClNO2,30.5,NULL,17,2,3,4,COC1=CC=C(C=C1)OCC2CCNCC2.Cl,0,2
135422474,216.2,C9H8N6O,109,0,16,2,5,1,CC1=CC(=O)NC(=N1)N2C(=C(C=N2)C#N)N,0,1
135445597,249.3,C10H7N3OS2,119,1.5,16,1,5,2,CSC1=NC(=C(C(=O)N1)C#N)C2=CC=CS2,0,1
712471,272.3,C14H9FN2OS,70.2,3.3,19,1,4,2,C1=CC(=CC=C1NC(=O)C2=CC3=C(C=C2)N=CS3)F,0,1
697391,305.4,C14H11NO3S2,103,3.4,20,2,5,3,C1=CC=C2C(=C1)C(=CC=C2O)NS(=O)(=O)C3=CC=CS3,0,1
721827,289.31,C13H11N3O3S,113,2.4,20,1,5,4,C1=CC=NC(=C1)SCC(=O)NC2=CC(=CC=C2)[N+](=O)[O-],0,1
2453571,252.3,C10H12N4O2S,125,0.2,17,3,5,2,CC1=C(SC2=C1C(=O)NC(=N2)CC(=O)NN)C,0,1
2560387,218.3,C7H10N2O2S2,89.9,-0.3,13,1,4,2,CN(C)S(=O)(=O)C1=CNC(=S)C=C1,0,1
2726102,225.67,C10H12ClN3O,37.2,2.8,15,0,4,2,C1COCCN1N=NC2=CC=C(C=C2)Cl,0,1
2731237,277.27,C17H11NO3,54.4,2.4,21,0,3,3,C1=CC=C(C=C1)C(=O)C2=CC=CC=C2N3C(=O)C=CC3=O,0,1
2937007,258.32,C15H18N2O2,45.3,2.5,19,1,2,2,CCOC(=O)N1CCC2=C(C1)C3=C(N2)C=CC(=C3)C,0,1
2366366,225.31,C10H15N3OS,93.6,0.6,15,3,3,3,CC1=CC=C(C=C1)NC(=S)N(CCO)N,0,1
930898,275.37,C14H17N3OS,110,3.6,19,2,4,1,C1CCCC2=NC3=C(C=C2CC1)C(=C(S3)C(=O)N)N,0,1
1144752,253.32,C12H15NO3S,55,1.1,17,0,4,3,C1COCCN1S(=O)(=O)C=CC2=CC=CC=C2,0,1
2849387,299.79,C15H22ClNO3,38.8,NULL,20,1,4,6,CCOC1=CC=C(C=C1)C(=O)CCN2CCOCC2.Cl,0,2
2999043,321.4,C19H19N3O2,58.5,2,24,1,5,3,C1COCCN1C(C2=C(C3=C(C=CC=N3)C=C2)O)C4=CC=CC=N4,0,1
4995910,306.4,C15H19FN4S,63,3,21,1,4,3,CC(C1=NNC(=S)N1C2=CC=C(C=C2)F)N3CCCCC3,0,1
667552,243.4,C13H9NS2,69.4,3.5,16,1,2,0,C1=CC=C2C(=C1)C(=S)NC3=CC=CC=C3S2,0,1
1210970,254.31,C14H10N2OS,91.2,2.9,18,2,3,1,C1=CC=C2C(=C1)C=CC3=C2C=C(C(=N)O3)C(=S)N,0,1
3833140,262.38,C13H18N4S,63,1.9,18,1,3,4,CC(C1=NNC(=S)N1CC2=CC=CC=C2)N(C)C,0,1
120394,265.35,C15H23NO3,30.9,2.2,19,0,4,8,COC1=CC=CC=C1OCCOCCN2CCCC2,0,1
3137533,270.28,C15H14N2O3,74.8,3.1,20,1,3,3,CC1=C(C2=CC=CC=C2N1)C(C[N+](=O)[O-])C3=CC=CO3,0,1
5346493,271.24,C15H10FNO3,62.9,3.4,20,0,4,3,C1=CC=C(C(=C1)C=CC(=O)C2=CC=C(C=C2)F)[N+](=O)[O-],0,1
2081016,288.37,C14H16N4OS,80,2.9,20,1,3,4,CCCCCN1C(=O)C2=CC=CC=C2N3C1=NNC3=S,0,1
2237947,269.4,C18H23NO,12.5,4.4,20,0,2,6,C1CCN(C1)CCCCOC2=CC=CC3=CC=CC=C32,0,1
19807233,243.13,C11H12Cl2N2,27.8,NULL,15,3,1,0,C1CNCC2=C1C3=C(N2)C=CC(=C3)Cl.Cl,0,2
556017,313.4,C16H15N3O2S,84.5,3.7,22,1,6,5,COC1=C(C=C(C=C1)C2=CSC(=N2)NC3=CC=CC=N3)OC,0,1
715703,307.6,C8H4BrClN2S2,75.3,4.2,14,0,4,1,C1=CC(=CC=C1N=C2C(=NSS2)Cl)Br,0,1
768738,281.72,C11H8ClN3O2S,99.2,2.8,18,2,4,2,C1=CC(=C(N=C1)Cl)NC(=S)NC(=O)C2=CC=CO2,0,1
877450,270.28,C15H14N2O3,74.9,3.6,20,1,4,5,C1=CC=C(C=C1)NCCC(=O)C2=CC(=CC=C2)[N+](=O)[O-],0,1
886408,292.4,C18H16N2S,57,4.7,21,1,2,2,CC1=CC(=C(C=C1)NC(=S)C2=NC3=CC=CC=C3C=C2)C,0,1
900724,248.31,C11H12N4OS,86.4,1.7,17,1,5,3,CN(C)C1=CC=C(C=C1)NC(=O)C2=NSN=C2,0,1
972844,317.4,C14H11N3O2S2,128,2.7,21,2,5,3,CC(=O)NC1=CC2=C(C=C1)N=C(S2)NC(=O)C3=CC=CS3,0,1
1226902,318.4,C15H14N2O2S2,111,3.6,21,2,4,4,COC1=CC=CC=C1NC(=S)NC(=O)C=CC2=CC=CS2,0,1
1477620,221.28,C9H11N5S,112,1.1,15,3,3,1,CC1=CC(=NC2=C1C(=NN2)NC(=S)N)C,0,1
1550242,177.16,C9H7NO3,51.8,1,13,0,4,1,CC1=NC(=CC2=CC=CO2)C(=O)O1,0,1
2745800,244.31,C13H12N2OS,73.6,1.8,17,1,2,2,CC1=C(C(=S)N=C(N1)C2=CC=CC=C2)C(=O)C,0,1
2817722,288.3,C5H12N4O6S2,195,-3.7,17,4,8,6,C(C(=O)NN)S(=O)(=O)CS(=O)(=O)CC(=O)NN,0,1
2890514,325.4,C18H19N3O3,69.4,3.1,24,0,5,4,C1CN(CCN1CC(=O)C2=CC=CC=C2)C3=CC=C(C=C3)[N+](=O)[O-],0,1
3113408,302.3,C10H10N2O5S2,143,1.3,19,1,7,3,C1CSC(=O)C1NS(=O)(=O)C2=CC=C(C=C2)[N+](=O)[O-],0,1
3324499,305.5,C15H19N3S2,88,4.3,20,1,3,4,CCC1CCC2=C(C1)C=C(S2)C3=NNC(=S)N3CC=C,0,1
3681998,281.3,C13H12FNO3S,82.9,1.4,19,1,5,2,C1CC2(N(C1=O)C(CS2)C(=O)O)C3=CC=C(C=C3)F,0,1
3746307,280.4,C11H8N2OS3,121,2.6,17,1,4,1,CN1C(=O)C2=C(NC1=S)SC=C2C3=CC=CS3,0,1
3756227,304.4,C14H12N2O2S2,117,3.3,20,0,6,5,CC1=C(C(=NS1)SCC2=CC=CC=C2C(=O)OC)C#N,0,1
3831781,282.34,C17H18N2O2,45.8,2.6,21,0,3,3,CCC(=O)N1C(CC(=N1)C2=CC=C(C=C2)C)C3=CC=CO3,0,1
3833874,253.32,C14H11N3S,71.2,2.2,18,1,3,1,CCC1=CC(=S)N2C3=CC=CC=C3NC2=C1C#N,0,1
5042649,262.33,C13H14N2O2S,69.4,2.2,18,0,4,5,CN1C=CN=C1SCC(=O)C2=CC=C(C=C2)OC,0,1
6506779,406.9,C20H23ClN2O5,100,NULL,28,2,7,8,CN(C)CCOC(C1=CC=C(C=C1)Cl)C2=CC=CC=N2.C(=CC(=O)O)C(=O)O,0,2
6870698,298.29,C16H14N2O4,69.2,2.6,22,1,5,4,COC1=CC=C(C=C1)C=NNC(=O)C2=CC3=C(C=C2)OCO3,0,1
24762091,311.24,C16H9NO6,109,2.9,23,1,6,2,C1=CC(=CC=C1C(=O)C2=CC3=C(C=C(C=C3)O)OC2=O)[N+](=O)[O-],0,1
248776,343.4,C21H17N3O2,61.4,4.9,26,0,4,3,C1C(N(N=C1C2=CC=CC=C2)C3=CC=CC=C3)C4=CC(=CC=C4)[N+](=O)[O-],0,1
762757,218.28,C10H10N4S,95.1,1.7,15,3,3,2,C1=CC2=C(C(=C1)NNC(=S)N)N=CC=C2,0,1
953455,262.29,C10H10N6OS,117,2,18,2,5,2,CN1N=C(N=N1)NC(=S)NC(=O)C2=CC=CC=C2,0,1
1970388,279.32,C14H9N5S,85,1.4,20,1,3,1,C1=CC2=C3N=C(NN3C(=S)N=C2C=C1)C4=CN=CC=C4,0,1
2104074,222.27,C10H10N2O2S,84.7,1.2,15,2,3,2,CCN1C2=C(C=C(C=C2)C(=O)O)NC1=S,0,1
3976167,297.4,C17H15NO2S,62.7,4.2,21,0,3,3,CC1=CC=C(C=C1)N2C(=O)C(SC2=O)CC3=CC=CC=C3,0,1
347805,251.3,C12H13NO3S,63,1.4,17,0,4,1,C1COCCN1C(=S)C2=CC3=C(C=C2)OCO3,0,1
387753,228.25,C12H12N4O,104,0.8,17,1,5,0,CC1(CC2(C(C1(C(=N)O2)C#N)(C#N)C#N)C)C,0,1
1825305,277.4,C17H27NO2,21.7,3.9,20,0,3,7,CC1CCN(CC1)CCCCOC2=CC=CC=C2OC,0,1
2743628,245.23,C9H6F3N3S,59.7,2.4,16,1,5,1,C1=CC(=CC=C1C(F)(F)F)N2C=NNC2=S,0,1
2904045,342.17,C11H8BrN3O3S,116,3.6,19,1,5,3,C1=CC(=CC=C1CC(=O)NC2=NC=C(S2)[N+](=O)[O-])Br,0,1
2957676,211.24,C8H9N3O2S,102,1.4,14,2,3,1,CNC(=S)NC1=CC=C(C=C1)[N+](=O)[O-],0,1
6463560,289.4,C17H23NOS,48.3,4.3,20,1,3,3,CC1=CC(=CC=C1)NS(=O)C23CC4CC(C2)CC(C4)C3,0,1
668465,304.3,C19H16N2O2,50.4,4.4,23,2,4,3,COC(=O)C1=CC=C(C=C1)C2NC3=CC=CC4=C3C(=CC=C4)N2,0,1
1481190,325.4,C18H19N3O3,65.5,3.3,24,1,6,6,COC1=CC=CC=C1CNC2=NC=NC3=CC(=C(C=C32)OC)OC,0,1
2081017,290.34,C13H14N4O2S,89.3,1.3,20,1,4,4,COCCCN1C(=O)C2=CC=CC=C2N3C1=NNC3=S,0,1
2110924,304.37,C14H16N4O2S,89.3,1.6,21,1,4,5,CCOCCCN1C(=O)C2=CC=CC=C2N3C1=NNC3=S,0,1
2766567,313.13,C13H10Cl2N2O3,71.2,3.2,20,2,3,4,COC(=O)NC1=CC(=CN1)C(=O)C2=C(C=C(C=C2)Cl)Cl,0,1
2842434,245.23,C12H11N3O3,80,3.1,18,1,5,3,COC1=CC=CC=C1NC2=C(C=CC=N2)[N+](=O)[O-],0,1
797143,308.4,C18H16N2OS,66.2,4.3,22,1,3,4,CCOC1=CC=C(C=C1)NC(=S)C2=NC3=CC=CC=C3C=C2,0,1
886509,221.64,C11H8ClNO2,41.9,2.7,15,0,2,2,C1=COC(=C1)C=[N+](C2=CC=C(C=C2)Cl)[O-],0,1
1962620,291.6,C11H9Cl3N2O,27,4.2,17,0,2,4,C1=CC(=CC=C1OCCN2C=NC(=C2Cl)Cl)Cl,0,1
2843633,298.4,C18H22N2O2,45.5,-0.1,22,1,3,3,CC1=CC2=C(C=C1)N3CCN(C4C3=C2CCC4)CCC(=O)O,0,1
3124417,252.35,C17H20N2,6.5,4.1,19,0,2,2,CCN1C2=CC=CC=C2N(C1(C)C3=CC=CC=C3)C,0,1
3660272,269.37,C10H19N7S,124,1.4,18,3,6,6,CCNC1=NC(=NC(=N1)N(CC)C(=S)N)NCC,0,1
5915551,199.2,C12H9NO2,43.1,1.7,15,0,3,3,C1=CC(=CN=C1)C(=O)C=CC2=CC=CO2,0,1
235424,249.31,C13H19N3O2,44.8,0.9,18,1,3,2,CN1CCN(CC1)C(=O)NC2=CC=CC=C2OC,0,1
581679,293.28,C16H11N3O3,90.8,5,22,1,5,2,C1=CC=C2C=C(C=CC2=C1)N=NC3=CC(=C(C=C3)O)[N+](=O)[O-],0,1
938783,289.26,C13H7NO5S,118,3.4,20,1,6,1,C1=CC(=CC=C1C2=C3C(=CC(=C2)O)SC(=O)O3)[N+](=O)[O-],0,1
749883,241.31,C13H11N3S,60.2,1.8,17,1,2,2,C1=CC=C(C=C1)CN2C3=C(C=NC=C3)NC2=S,0,1
691683,263.2,C8H4Cl2N2S2,75.3,4.1,14,0,4,1,C1=CC(=CC=C1N=C2C(=NSS2)Cl)Cl,0,1
759948,250.29,C16H14N2O,45.2,3.6,19,2,3,3,C1=CC=C2C(=C1)C=CC(=C2CNC3=CC=CC=N3)O,0,1
94986,280.41,C16H28N2O2,46.9,2.3,20,2,4,8,CCN(CC)CC1=CC(=C(C=C1O)CN(CC)CC)O,0,1
116016,288.32,C14H12N2O3S,114,2.8,20,1,5,3,CC(=O)C1=CC(=C(C=C1)SC2=CC=CC=C2N)[N+](=O)[O-],0,1
586440,358.5,C18H18N2O2S2,111,2.8,24,2,4,2,C1CN(CCN1C(=S)C2=CC=CC=C2O)C(=S)C3=CC=CC=C3O,0,1
736679,278.4,C12H14N4S2,102,2.9,18,0,6,3,CC1=CC(=NC(=N1)SSC2=NC(=CC(=N2)C)C)C,0,1
761632,336.4,C20H20N2O3,51.8,4.5,25,2,5,4,COC1=CC(=C(C(=C1)OC)C2NC3=CC=CC4=C3C(=CC=C4)N2)OC,0,1
764326,327.4,C17H17N3O2S,78.2,3.5,23,1,4,4,CC1=CC=C(C=C1)N2C(=NNC2=S)C3=CC(=C(C=C3)OC)OC,0,1
855037,259.399,C15H17NOS,57.3,4.5,18,1,3,5,CC1=C(C=C(C=C1)NCCC(=O)C2=CC=CS2)C,0,1
856234,345.8,C15H12ClN5OS,109,3,23,2,5,5,C1=CC(=CC(=C1)Cl)NC(=O)CSC2=NNC(=N2)C3=CN=CC=C3,0,1
1265289,327.4,C13H17N3O3S2,142,2,21,3,5,3,C1CCC(C1)C(=O)NC(=S)NC2=CC=C(C=C2)S(=O)(=O)N,0,1
1480718,316.31,C16H16N2O5,100,1.7,23,2,7,3,CC1=C2C=C(C=CC2=NC(=C1C(=O)O)C(=O)O)N3CCOCC3,0,1
1527243,316.4,C16H16N2O3S,94.3,3.7,22,0,4,2,C1CCN(CC1)C(=S)C2=CC=C(O2)C3=CC=CC=C3[N+](=O)[O-],0,1
1901112,195.18,C8H9N3O3,104,0.3,14,4,4,1,C1=CC(=CC=C1NC(=O)C(=O)NN)O,0,1
1950327,348.4,C22H24N2O2,32.8,3,26,0,4,4,CC1=CC2=C(C=C1)OC(=O)C=C2CN3CCN(CC3)CC4=CC=CC=C4,0,1
2081076,304.4,C14H12N2O2S2,106,2.5,20,1,4,2,C1CC2=C(C1)SC3=C2C(=O)N(C(=S)N3)CC4=CC=CO4,0,1
2398093,287.34,C14H13N3O2S,82.1,2.2,20,1,4,4,COC1=CC=CC=C1C2=NNC(=S)N2CC3=CC=CO3,0,1
2951934,280.3,C12H12N2O4S,84.4,1,19,0,6,3,CS(=O)(=O)N1C(CC(=N1)C2=CC=CO2)C3=CC=CO3,0,1
3565925,310.4,C14H18N2O2S2,102,2.8,20,1,4,3,CC1CCC2=C(C1)SC3=C2C(=O)N(C(=S)N3)CCOC,0,1
3695977,342.9,C20H23ClN2O,23.6,3.9,24,0,3,4,CN1CC(C(C1)C(=O)C2=CC=C(C=C2)Cl)C3=CC=C(C=C3)N(C)C,0,1
4439635,294.4,C13H14N2O2S2,113,3.5,19,1,5,4,CCOC(=O)C1=C(N(C(=S)S1)C2=CC=C(C=C2)C)N,0,1
4663058,301.4,C18H23NO3,49.8,2.2,22,1,4,4,CC1=CC2=C(C=C1)C(=CC(=O)O2)CN3CCCCC3CCO,0,1
4829949,310.37,C14H18N2O4S,103,1.4,21,2,5,5,CCC(CO)N1C(=O)C2=CC(=C(C=C2NC1=S)OC)OC,0,1
5165902,313.71,C11H6ClF2N5S,81.3,2.6,20,0,7,3,C1=CC=NC(=C1)SC2=NN3C(=NN=C3C(F)(F)Cl)C=C2,0,1
5337698,245.3,C12H11N3OS,95.6,2.3,17,2,3,3,C1=CC=C(C=C1)C2=CC=C(O2)C=NNC(=S)N,0,1
12905786,308.2,C15H11Cl2NO2,41.8,3.8,20,1,3,2,C1=CC=C(C=C1)C2=NOC(C2(Cl)Cl)(C3=CC=CC=C3)O,0,1
18204049,328.77,C13H13ClN2O4S,107,NULL,21,2,6,3,C1OC2=C(O1)C=C(C=C2)C=C3C(=O)N(C(=O)S3)CCN.Cl,0,2
135444387,267.28,C15H13N3O2,62.7,2,20,2,3,3,COC1=CC=C(C=C1)NC2=NC3=CC=CC=C3C(=O)N2,0,1
135455198,330.4,C17H15FN2O2S,76,4,23,1,5,4,COC1=CC=C(C=C1)CC2C(=O)NC(=NC3=CC=C(C=C3)F)S2,0,1
239844,266.27,C16H11FN2O,45,4.2,20,1,4,2,C1=CC=C2C(=C1)C=CC(=C2N=NC3=CC=C(C=C3)F)O,0,1
11957524,374.3,C19H20BrNO2,43.7,NULL,23,3,3,2,C=CCN1CCC2=C3C1CC4=C(C3=CC=C2)C(=C(C=C4)O)O.Br,0,2
356301,256.22,C12H8N4O3,96.8,2.5,19,1,6,2,C1=CC=C(C=C1)NC2=CC=C(C3=NON=C23)[N+](=O)[O-],0,1
733834,260.36,C14H16N2OS,70.2,3.2,18,1,3,4,CC1=C(SC(=N1)NC(=O)CCC2=CC=CC=C2)C,0,1
2028070,218.21,C10H10N4O2,75.2,0.8,16,1,5,2,CC1=CC(=NC(=N1)NN2C(=O)C=CC2=O)C,0,1
2300919,255.7,C12H14ClNO3,66.4,3.6,17,2,3,5,CCCCC(=O)NC1=C(C=CC(=C1)Cl)C(=O)O,0,1
2920461,266.4,C12H14N2OS2,92.7,2.9,17,1,3,0,CC1CCC2=C(C1)SC3=C2C(=O)N(C(=S)N3)C,0,1
4572530,327.3,C20H13N3O2,71.6,4.4,25,0,4,2,C1=CC=C(C=C1)C2=NC3=C(C(=CC=C3)[N+](=O)[O-])N=C2C4=CC=CC=C4,0,1
911287,334.2,C15H9Cl2N3O2,71.6,3.7,22,0,4,2,C1=CC=C2C(=C1)C(=NC(=N2)C3=CC=C(C=C3)[N+](=O)[O-])C(Cl)Cl,0,1
24847757,337.28,C12H19NO10,203,NULL,23,9,11,5,C1=CC(=C(C=C1C(CN)O)O)O.C(C(C(=O)O)O)(C(=O)O)O.O,0,3
135417169,306.8,C14H11ClN2O2S,78.9,3,20,1,4,3,COC1=CC=C(C=C1)C2=CC3=C(S2)C(=O)NC(=N3)CCl,0,1
3761651,322.4,C16H19FN2O2S,57.8,4,22,1,5,5,CC(C)(C)N(C1=CC=CC=C1)NS(=O)(=O)C2=CC=C(C=C2)F,0,1
1369444,237.29,C13H19NO3,30.9,1.5,17,0,4,5,COC1=CC=C(C=C1)OCCN2CCOCC2,0,1
1974506,289.35,C14H15N3O2S,87.5,2.3,20,2,4,4,COC1=CC(=CC(=C1)NC(=S)NC2=CN=CC=C2)OC,0,1
11961672,218.55,C4H10ClNO2Se,63.3,NULL,9,3,3,3,C[Se]CC(C(=O)O)N.Cl,0,2
224406,249.22,C12H11NO5,84.9,1.2,18,2,6,3,COC1=C2C(=O)C=C(NC2=C(C=C1)OC)C(=O)O,0,1
784457,248.3,C12H12N2O2S,86.1,3.6,17,1,4,3,CC1=CC=C(C=C1)NCC2=CC=C(S2)[N+](=O)[O-],0,1
1481180,296.3,C15H12N4OS,102,3.1,21,3,3,2,C1=CC=C(C=C1)C(=O)NC(=S)NC2=CC3=C(C=C2)C=NN3,0,1
2526776,243.3,C15H17NO2,42.1,3.3,18,1,2,5,CCOC(=O)C1=C(NC=C1CC2=CC=CC=C2)C,0,1
2783525,300.23,C13H8N4O5,124,2.5,22,1,6,1,C1=CC=C(C=C1)N2C(=O)C3=C(N2)C(=CC(=C3)[N+](=O)[O-])[N+](=O)[O-],0,1
3763920,354.27,C16H10N4O6,154,3.5,26,2,8,3,C1=CC=C(C(=C1)C(=O)O)NC2=C(C=C(C3=C2N=CC=C3)[N+](=O)[O-])[N+](=O)[O-],0,1
887096,329.7,C17H12ClNO4,64.599,3.2,23,1,4,3,COC1=C(C=C(C=C1)NC(=O)C2=CC(=O)C3=CC=CC=C3O2)Cl,0,1
925012,303.3,C19H13NO3,54.4,2.1,23,0,3,1,CC(=O)C1=C2C3=CC=CC=C3C(=O)C4=C2C(=CC=C4)N(C1=O)C,0,1
1503195,335.4,C19H17N3O3,87.8,3.6,25,1,4,3,CC1=C(C=C(C=C1)C(=O)NCC2=CC(=NC3=CC=CC=C32)C)[N+](=O)[O-],0,1
2414076,332.4,C15H12N2O3S2,132,2.6,22,2,6,5,C1=CC=C(C=C1)C2=CSC3=C2C(=O)NC(=N3)CSCC(=O)O,0,1
1487337,252.27,C15H12N2O2,52.9,2.4,19,1,3,1,CC1=CC=C(C=C1)C2=NC3=CC=CC=C3C(=O)N2O,0,1
2728466,375.5,C23H25N3O2,45.7,3.9,28,0,5,5,CC1=NC2=CC=CC=C2C(=C1)N3CCN(CC3)CC(=O)C4=CC=C(C=C4)OC,0,1
1490249,331.32,C17H15F2N3O2,56.3,3.5,24,1,7,5,COC1=C(C=C2C(=C1)C(=NC=N2)NCC3=C(C(=CC=C3)F)F)OC,0,1
5346752,237.71,C10H8ClN3S,80,3,15,1,4,2,C1=CC=C(C(=C1)C=CC2=NN=C(S2)N)Cl,0,1
877269,288.32,C14H12N2O3S,100,3,20,1,4,3,CSC1=CC=CC=C1NC(=O)C2=CC=C(C=C2)[N+](=O)[O-],0,1
2324360,257.36,C14H15N3S,68.2,3.3,18,3,2,4,C1=CC=C(C=C1)CNC(=S)NNC2=CC=CC=C2,0,1
2826085,215.7,C8H10ClN3S,82.2,2.4,13,3,2,2,CC1=C(C=CC(=C1)Cl)NNC(=S)N,0,1
695358,249.29,C11H11N3O2S,93.3,1.8,17,1,5,4,CC1=CC(=NO1)NC(=O)CSC2=CC=CC=N2,0,1
712926,306.34,C14H14N2O4S,111,1.2,21,2,5,4,CC1=CC=C(O1)C=CC(=O)NC2=CC=C(C=C2)S(=O)(=O)N,0,1
829764,232.28,C13H16N2O2,41.9,2.1,17,0,4,3,CCN(CC)C1=CC2=C(C=C1)OC(=O)C(=N2)C,0,1
915709,325.32,C17H15N3O4,87.4,2.5,24,1,4,3,COC1=CC=CC=C1N2CC=C(NC2=O)C3=CC(=CC=C3)[N+](=O)[O-],0,1
2812381,204.27,C12H16N2O,41.1,2.8,15,2,2,3,CC1=CC(=CC=C1)NNC(=O)C2CCC2,0,1
2927275,344.8,C19H21ClN2O2,32.8,3.9,24,0,4,5,COC1=CC=C(C=C1)N2CCN(CC2)CC(=O)C3=CC=C(C=C3)Cl,0,1
2931685,338.2,C16H13Cl2NO3,66.4,4.7,22,2,4,6,C1=CC=C(C=C1)C(=O)CC(C(=O)O)NC2=C(C(=CC=C2)Cl)Cl,0,1
3824948,322.4,C19H22N4O,44.4,3.1,24,1,4,3,CN1CCN(CC1)C2=CC3=C(C=C2)N=C(N3)C4=CC(=CC=C4)OC,0,1
6852399,321.8,C17H20ClNO3,44.7,NULL,22,4,4,0,CN1CCC2=C3C1CC4=C(C3=CC=C2)C(=C(C=C4)O)O.O.Cl,0,3
556931,320.4,C15H16N2O4S,96.7,2.6,22,0,6,4,C1COCCN1C2=C(C=CC(=C2)SCC3=CC=CO3)[N+](=O)[O-],0,1
564878,259.26,C13H13N3O3,84.1,1.8,19,2,4,5,CCOC(=O)C1=C(N=CN1)C(=O)NC2=CC=CC=C2,0,1
624993,284.23,C13H8N4O4,120,3.3,21,1,5,1,C1=CC(=CC(=C1)[N+](=O)[O-])C2=NC3=C(N2)C=C(C=C3)[N+](=O)[O-],0,1
680979,289.35,C14H15N3O2S,113,2.7,20,3,3,3,CC1=C(SC(=C1C(=O)N)NC(=O)NC2=CC=CC=C2)C,0,1
682848,261.32,C14H19N3O2,62.7,1.4,19,2,3,4,COC1=CC=C(C=C1)C(=O)NNC2=NCCCCC2,0,1
704967,201.23,C10H11N5,76.7,1.9,15,2,5,2,CC1=CC=C(C=C1)NC2=NC=NC(=N2)N,0,1
725903,187.19,C11H9NO2,46.2,0.7,14,1,2,1,CC(=O)C=C1C2=CC=CC=C2NC1=O,0,1
741849,322.77,C13H11ClN4O2S,96.8,1.4,21,2,3,2,CN1C2=C(C(=O)NC1=O)N(C(=S)N2)CC3=CC=C(C=C3)Cl,0,1
764333,297.4,C16H15N3OS,69,3.6,21,1,3,4,CC1=CC=C(C=C1)N2C(=NNC2=S)COC3=CC=CC=C3,0,1
781111,273.28,C15H15NO4,55.8,1.7,20,0,5,2,COC1=C(C(=O)C2=CC=CC=C2C1=O)N3CCOCC3,0,1
823118,328.4,C16H16N4O2S,92.5,2.5,23,1,4,5,CN1C2=C(C(=O)NC1=O)N(C(=N2)SCC3=CC=CC=C3)CC=C,0,1
853463,279.29,C17H13NO3,63.2,2.1,21,1,3,2,CC(=O)NC1=CC=C(C=C1)C2C(=O)C3=CC=CC=C3C2=O,0,1
1227689,352.2,C15H14BrNO2S,57.7,3.4,20,0,3,2,C1COCCN1C(=S)C2=CC=C(O2)C3=CC=C(C=C3)Br,0,1
1490139,335.8,C19H14ClN3O,46.9,3.6,24,1,2,3,C1=CC=C(C=C1)CN2C3=C(C=C(C=C3)Cl)N=C2C4=CC=CNC4=O,0,1
1490247,355.4,C19H21N3O4,74.7,3.2,26,1,7,7,COC1=C(C=C(C=C1)CNC2=NC=NC3=CC(=C(C=C32)OC)OC)OC,0,1
2134297,312.4,C17H16N2O2S,65.8,3.1,22,1,3,4,COC1=C(C=C(C=C1)C2=CN(C(=S)N2)C3=CC=CC=C3)OC,0,1
2226166,321.25,C15H10F3N3O2,67,3.8,23,2,6,3,C1=CC(=CC=C1NC(=O)C2=CC3=C(C=C2)N=CN3)OC(F)(F)F,0,1
2376086,296.4,C13H16N2O2S2,102,2.3,19,1,4,3,COCCN1C(=O)C2=C(NC1=S)SC3=C2CCCC3,0,1
2425592,321.31,C13H11N3O5S,118,0.7,22,1,6,3,CC1=CC(=NO1)NC(=O)CN2C(=O)C3=CC=CC=C3S2(=O)=O,0,1
2535004,315.4,C16H17N3O2S,101,1.3,22,1,4,4,CCN(CC)C(=O)C1=C(NC(=S)C(=C1C2=CC=CO2)C#N)C,0,1
2577565,287.34,C14H13N3O2S,101,0.6,20,1,4,2,CC1=C(C(=C(C(=S)N1)C#N)C2=CC=CO2)C(=O)N(C)C,0,1
2729520,336.4,C19H20N4O2,68.1,3.3,25,1,4,3,C1CN(CCN1CC2=CC(=CC=C2)[N+](=O)[O-])C3=CC=CC4=C3C=CN4,0,1
2730997,259.399,C12H9N3S2,93.8,3.5,17,2,3,2,C1=CC=C2C(=C1)C=CC=C2NC3=NNC(=S)S3,0,1
3127088,475.6,C22H21NO5S3,156,3.9,31,0,8,5,CC1(C(=S)C(=C2SC(=C(S2)C(=O)OC)C(=O)OC)C3=CC=CC=C3N1C(=O)C4CC4)C,0,1
3443305,301.34,C17H19NO4,57.5,3.1,22,0,4,6,CC1=CC=C(C=C1)CN2C(=C(C=C2C(=O)OC)C(=O)OC)C,0,1
3758954,323.5,C15H21N3OS2,95.9,2.9,21,1,4,4,CN(C)CCCN1C(=O)C2=C(NC1=S)SC3=C2CCCC3,0,1
4363012,295.7,C11H6ClN3O3S,109,2.7,19,1,6,3,C1=COC(=C1)C2=NN=C(O2)NC(=O)C3=CC=C(S3)Cl,0,1
4441413,299.8,C18H18ClNO,20.3,3.8,21,0,2,3,CN1CC(C(C1)C(=O)C2=CC=C(C=C2)Cl)C3=CC=CC=C3,0,1
4613858,271.3,C9H9N3O3S2,145,1,17,2,6,2,CC1=C(SC2=C1C(=O)N(C(=S)N2)N)C(=O)OC,0,1
5525382,324.4,C16H12N4O2S,105,3.2,23,1,6,5,C1=CC=C(C=C1)OC2=CC=C(C=C2)C=NNC(=O)C3=CSN=N3,0,1
7162002,326.4,C19H22N2O3,64,3.5,24,2,5,4,CC1=C(C=CC(=C1O)C(=O)CN2CCN(CC2)C3=CC=CC=C3)O,0,1
7162004,330.4,C18H19FN2O3,64,3.2,24,2,6,4,C1CN(CCN1CC(=O)C2=C(C=C(C=C2)O)O)C3=CC=C(C=C3)F,0,1
7207099,317.4,C16H19N3O2S,93.3,2.6,22,1,5,5,C1CCC(CC1)NC(=O)CSC2=NN=C(C=C2)C3=CC=CO3,0,1
135650114,432.5,C19H20N4O4S2,141,3.3,29,2,9,7,CN(C)S(=O)(=O)C1=CC=C(C=C1)C2=CSC(=N2)NN=CC3=CC(=C(C=C3)O)OC,0,1
135684904,242.27,C14H14N2O2,53.8,3.4,18,2,4,4,COC1=C(C=CC(=C1)C=NNC2=CC=CC=C2)O,0,1
748072,282.4,C15H14N4S,72.6,2.9,20,1,3,2,CC1=CC(=C(C=C1)C)N2C(=NNC2=S)C3=CC=NC=C3,0,1
841318,276.25,C12H12N4O4,113,1.5,20,2,5,4,COC1=NNC(=C1[N+](=O)[O-])C(=O)NCC2=CC=CC=C2,0,1
936709,317.2,C12H10Cl2N2O2S,67.4,2.6,19,1,4,4,C1=CC=NC(=C1)CNS(=O)(=O)C2=C(C=CC(=C2)Cl)Cl,0,1
939883,255.43,C13H25N3S,59.4,3.4,17,2,2,3,CC1CCC2(CC1)NC(=S)N(N2)CCC(C)C,0,1
2532639,310.8,C12H7ClN2O2S2,112,3.9,19,1,5,3,C1=COC(=C1)C(=O)NC2=NC(=CS2)C3=CC=C(S3)Cl,0,1
5338228,276.29,C14H16N2O4,95.5,1,20,3,4,5,CC(C(=O)O)NC(=O)C(=CC1=CC=CC=C1)NC(=O)C,0,1
5338880,206.24,C11H14N2O2,61.3,0.8,15,1,3,3,CC(C)(C=NO)[N+](=CC1=CC=CC=C1)[O-],0,1
754053,267.39,C14H21NO2S,47,2.5,18,0,4,4,CC1=C(C=CC(=C1OC)CN2CCSCC2)OC,0,1
807474,237.3,C16H15NO,20.3,2.9,18,0,2,2,CC1=C(C=CC(=C1)N2CC3=CC=CC=C3C2)C=O,0,1
2183053,241.33,C16H19NO,21.3,3.4,18,1,2,7,C1=CC=C(C=C1)CCNCCOC2=CC=CC=C2,0,1
2366372,267.4,C12H17N3S2,88,4,17,1,3,6,CCCCCCN1C(=NNC1=S)C2=CC=CS2,0,1
2770839,222.27,C10H10N2O2S,83.5,2.2,15,2,4,2,CC1=CC(=CC=C1)NC2C(=O)NC(=O)S2,0,1
2904911,299.24,C13H9N5O4,140,2,22,2,7,3,C1=CC(=CC=C1C(=O)N)NC2=C(C3=NON=C3C=C2)[N+](=O)[O-],0,1
4549486,294.3,C18H18N2O2,54.1,3.2,22,2,2,4,CC1=CC2=C(N1)C=CC(=C2)CNC(=O)C3=CC(=CC=C3)OC,0,1
16187271,238.11,C8H13Cl2N3O,46.9,NULL,14,2,2,2,CC1=C(C(=NN1C)C)NC(=O)CCl.Cl,0,2
135400682,260.24,C13H12N2O4,99.3,1.8,19,2,6,3,C1CC(=C(C(=O)C1)N=NC2=CC=C(C=C2)C(=O)O)O,0,1
257496,232.66,C12H9ClN2O,45,4,16,1,3,2,C1=CC=C(C=C1)N=NC2=C(C=CC(=C2)Cl)O,0,1
681239,296.4,C17H13FN2S,56.2,3.7,21,2,2,2,C1=CC=C2C(=C1)C=CC=C2NC(=S)NC3=CC=C(C=C3)F,0,1
687138,326.23,C14H20BrN3O,35.6,1.6,19,1,3,4,CN1CCN(CC1)CCC(=O)NC2=CC(=CC=C2)Br,0,1
689218,255.27,C14H13N3O2,72.8,2.7,19,2,4,2,COC1=C(C=CC(=C1)C2=C(N3C=CC=CC3=N2)N)O,0,1
799944,248.28,C12H16N4O2,66.3,1.4,18,1,5,3,CC(=O)NC1=CC=C(C=C1)N=NN2CCOCC2,0,1
805196,314.4,C12H18N4O2S2,119,0.1,20,2,5,2,CN1CCN(CC1)C(=S)NC2=CC=C(C=C2)S(=O)(=O)N,0,1
805484,278.4,C17H14N2S,57,4.3,20,1,2,2,CC1=CC=CC=C1NC(=S)C2=NC3=CC=CC=C3C=C2,0,1
2865083,289.29,C16H11N5O,86.5,3.3,22,2,5,2,C1=CC=C2C(=C1)C=NN=C2N=NC3=C(NC4=CC=CC=C43)O,0,1
6458800,252.27,C15H12N2O2,55.1,2.8,19,1,3,2,CC1=NC2=C(C=C1)C(=CC=C2)NC(=O)C3=CC=CO3,0,1
7189763,320.4,C14H12N2O3S2,124,2.2,21,1,5,5,C1=CC=C(C=C1)S(=O)(=O)CCC(=O)NC2=C(C=CS2)C#N,0,1
3747856,328.3,C16H13FN4O3,91.4,1.2,24,2,6,4,C1C(C(=O)N(C1=O)C2=CC=C(C=C2)F)NNC(=O)C3=CN=CC=C3,0,1
10140115,471,C23H26ClF3N2OS,52,NULL,31,2,7,5,C1CN(CCN1CCC=C2C3=CC=CC=C3SC4=C2C=C(C=C4)C(F)(F)F)CCO.Cl,0,2
971434,271.4,C15H17N3S,69,3.1,19,2,2,4,CC1=CN=C(C=C1)NC(=S)NCCC2=CC=CC=C2,0,1
2772440,338.4,C19H18N2O2S,91.3,4.8,24,2,4,6,CCC(C(=O)O)SC1=NC(=C(N1)C2=CC=CC=C2)C3=CC=CC=C3,0,1
741604,268.32,C14H16N6,58.4,2.5,20,1,5,3,CC1=NC2=NC=NN2C(=C1)NC3=CC=C(C=C3)N(C)C,0,1
1488016,261.339,C14H15NO2S,57.5,3.2,18,1,4,4,COC1=C(C2=CC=CC=C2C=C1)S(=O)NC3CC3,0,1
624157,278.3,C17H14N2O2,54.2,4.6,21,1,4,3,COC1=CC(=C(C=C1)N=NC2=CC3=CC=CC=C3C=C2)O,0,1
847129,249.25,C10H7N3O3S,102,1.3,17,1,6,2,C1OC2=C(O1)C=C(C=C2)C(=O)NC3=NN=CS3,0,1
1090312,264.32,C17H16N2O,45.2,3.8,20,2,3,3,CC1=CC=CC=C1NCC2=C3C=CC=NC3=C(C=C2)O,0,1
1394397,285.41,C13H23N3O2S,85.7,2.8,19,2,4,4,CCOC(=O)CN1C(=S)NC2(N1)CCCCCCC2,0,1
1991174,345.4,C15H12FN5O2S,128,1.8,24,3,6,3,C1=CC(=CC=C1C=CC(=O)NC(=S)NNC(=O)C2=NC=CN=C2)F,0,1
2787144,288.23,C14H7F3N4,49.1,2.4,21,1,6,0,C1=CC=C2C(=C1)NC3=CC4=NC(=NC4=CC3=N2)C(F)(F)F,0,1
2788822,327.4,C21H17N3O,54,5,25,2,3,3,CC1=CC=C(C=C1)C(=O)NNC2=C3C=CC=CC3=NC4=CC=CC=C42,0,1
2914631,303.4,C16H21N3OS,83.1,3.8,21,1,4,5,CC(CC(=O)NC1=NN=C(S1)C(C)(C)C)C2=CC=CC=C2,0,1
4524982,291.4,C19H21N3,31.9,3.4,22,1,2,3,CC1=C(C2=CC=CC=C2N1)C(C3=CC=CC=N3)N4CCCC4,0,1
7119313,280.4,C12H12N2O2S2,106,3.5,18,0,6,6,CCOC(=O)CSC1=NC(=NS1)C2=CC=CC=C2,0,1
16188811,286.4,C14H10N2OS2,92.7,3.1,19,1,3,2,C1=CC=C(C=C1)N2C(=O)C(=CC3=CSC=C3)NC2=S,0,1
230298,236.22,C14H8N2O2,41.9,2.5,18,0,3,0,C1=CC=C2C(=C1)C(=O)N3C4=CC=CC=C4OC3=N2,0,1
621645,262.3,C17H14N2O,45,4.7,20,1,3,2,CC1=CC=C(C=C1)N=NC2=C(C3=CC=CC=C3C=C2)O,0,1
712888,321.3,C19H15NO4,87.5,3.2,24,2,5,4,CC1=CC2=C(C=C1)N=C(C(=C2C(=O)O)CC(=O)O)C3=CC=CC=C3,0,1
718205,244.32,C12H12N4S,72.1,2,17,1,2,1,CCN1C2=C(C=C(C=C2)C)C3=NNC(=S)N=C31,0,1
782827,298.4,C19H23FN2,6.5,4.3,22,0,3,5,C1CN(CCN1CCCC2=CC=CC=C2)C3=CC=CC=C3F,0,1
792150,227.26,C14H13NO2,52.8,2.9,17,2,3,2,CC1=CC=CC=C1N=CC2=C(C(=CC=C2)O)O,0,1
827439,243.3,C15H17NO2,42.1,3.5,18,1,2,3,CCOC(=O)C1=CC2=C(C=C1)NC3=C2CCCC3,0,1
940003,307.34,C16H21NO5,66,0.7,22,1,5,2,CC(=C)C(=O)NC1=CC2=C(C=C1)OCCOCCOCCO2,0,1
1017333,412.5,C22H28N4O4,101,2.7,30,4,5,9,CCOC1=C(C=CC(=C1)CNC2=CC3=C(C=C2)NC(=O)N3)OCC(=O)NC(C)(C)C,0,1
1017369,368.4,C20H24N4O3,91.5,2.3,27,4,4,7,CC(C)(C)NC(=O)COC1=CC=C(C=C1)CNC2=CC3=C(C=C2)NC(=O)N3,0,1
1113009,382.2,C18H12BrN3O2,73.7,3.4,24,3,3,2,C1=CC2=C(C=C1N=CC3=C(C=CC4=C3C=CC(=C4)Br)O)NC(=O)N2,0,1
1807333,383.9,C22H22ClNO3,50.7,5.5,27,2,4,8,CCOC1=CC=CC(=C1OCC2=CC=C(C=C2)Cl)CNC3=CC=C(C=C3)O,0,1
1816829,285.34,C17H19NO3,42.7,2.8,21,0,4,8,CN(CCOC(=O)C=CC1=CC=CO1)CC2=CC=CC=C2,0,1
1933112,316.34,C14H12N4O3S,135,2.3,22,4,5,2,C1=CC=C(C(=C1)C(=O)NNC(=S)NC(=O)C2=CN=CC=C2)O,0,1
2311082,357.4,C16H12N3OPS2,111,4.5,23,1,6,4,C1=CC=C(C=C1)P(=O)(C2=NC3=CC=CC=C3S2)NC4=NC=CS4,0,1
2328662,320.4,C14H12N2O3S2,113,2.6,21,0,6,5,CCOC(=O)CC1=CSC(=N1)N2C(=O)C3=CC=CC=C3S2,0,1
2337850,263.31,C13H13NO3S,66,2.1,18,1,4,4,C1=CC=C(C=C1)CS(=O)(=O)N(C2=CC=CC=C2)O,0,1
2408437,243.29,C12H9N3OS,71.4,2,17,0,4,1,CC1=NC(=NC=C1)N2C(=O)C3=CC=CC=C3S2,0,1
2860033,426.5,C26H22N2O4,75.7,4.5,32,1,5,4,CC1=CC(NC2=C1C=C(C=C2)OC(=O)CN3C(=O)C4=CC=CC5=C4C(=CC=C5)C3=O)(C)C,0,1
2917512,301.3,C15H15N3O4,95.2,0.9,22,1,4,1,CN1C2=C(C(NC1=O)C3=CC=CC=C3[N+](=O)[O-])C(=O)CCC2,0,1
3091015,293.32,C17H15N3O2,53,0.8,22,0,4,2,CC1=C(C(=O)N(N1C)C2=CC=CC=C2)N=C3C=CC(=O)C=C3,0,1
3125474,477.6,C22H23NO5S3,156,4.4,31,0,8,5,CC(C)C(=O)N1C2=CC=CC=C2C(=C3SC(=C(S3)C(=O)OC)C(=O)OC)C(=S)C1(C)C,0,1
3154106,329.35,C17H19N3O4,86,-1,24,1,7,4,COC1=C(C=C2C(=C1)CCN3C2=C(CN(C3)CC(=O)O)C#N)OC,0,1
3272650,321.4,C19H19N3O2,53,1.5,24,0,4,2,CC1=CC(=NC2=C(N(N(C2=O)C3=CC=CC=C3)C)C)C=C(C1=O)C,0,1
3341651,466.5,C25H30N4O5,104,3.3,34,2,7,10,CCN(CC)C1=CC=C(C=C1)N=CC2=C(N(C(=O)NC2=O)CCC3=CC(=C(C=C3)OC)OC)O,0,1
3345212,278.4,C12H10N2O2S2,107,3.1,18,1,5,3,CC1=CC=C(C=C1)S(=O)(=O)NC2=C(SC=C2)C#N,0,1
3403438,309.4,C17H15N3OS,78.3,3.2,22,2,3,3,COC1=CC=CC=C1NC(=S)NC2=CC=CC3=C2C=CN=C3,0,1
3440092,284.31,C16H16N2O3,82.2,4,21,2,5,3,CC1=CC(=C(C(=C1O)C)C)N=NC2=CC=CC=C2C(=O)O,0,1
3743865,318.37,C16H22N4O3,94,2.7,23,1,6,1,CC(C)(C)N=C1C(=CC=C2C1=NC3(N2O)CCCCC3)[N+](=O)[O-],0,1
4113163,406.5,C22H22N4O2S,91.1,4.3,29,1,6,4,CC1=NN2C(=C(SC2=N1)C(C3=CC=C(C=C3)OC)N4CCC5=CC=CC=C5C4)O,0,1
4322160,282.26,C13H10N6O2,120,2.2,21,3,7,3,C1=CC=C(C(=C1)C2=NNN=N2)N=NC3=C(C=C(C=C3)O)O,0,1
4403355,392.5,C22H24N4O3,78.8,2.3,29,1,6,5,CCOC(=O)N1CCN(CC1)C(C2=CN=CC=C2)C3=C(C4=C(C=CC=N4)C=C3)O,0,1
5300057,234.3,C9H6N4S2,104,1.5,15,2,3,0,C1=CC=C2C(=C1)NC(=S)C3=NNC(=S)N23,0,1
5389291,202.21,C11H10N2O2,52.9,0.7,15,1,4,1,CN(C=C1C=CC2=CC=CC(=O)C2=N1)O,0,1
6852403,575.7,C32H41N5O5,118,2.7,42,3,6,5,CC(C)CC1C(=O)N2CCCC2C3(N1C(=O)C(O3)(C(C)C)NC(=O)C4CN(C5CC6=CNC7=CC=CC(=C67)C5=C4)C)O,0,1
9568781,257.8,C9H8ClN3S2,88.2,3.5,15,0,5,1,CC1=CC(=NC(=C1)N=C2C(=NSS2)Cl)C,0,1
12005251,398.4,C15H18N4O7S,175,2.2,27,1,11,11,CCC(=O)OCCNC1=C(C2=NON=C2C(=C1)SCCC(=O)OC)[N+](=O)[O-],0,1
16196016,300.74,C16H13ClN2O2,49.7,NULL,21,0,3,2,C1=CC=C2C(=C1)C=CC=[N+]2CC3=CC=C(C=C3)[N+](=O)[O-].[Cl-],0,2
24747131,291.3,C15H17NO5,99.8,NULL,21,3,6,5,CC1=CC=C(C=C1)CNCC2=CC=CO2.C(=O)(C(=O)O)O,0,2
135408458,304.32,C14H12N2O4S,110,2.3,21,1,5,3,CC1=CC=C(C=C1)C(=O)N=C2NC(=O)C(=CC(=O)OC)S2,0,1
135433180,340.4,C18H16N2O3S,111,4.4,24,2,6,6,C1=CC=C2C(=C1)C=CC(=C2N=NC3=C(SC=C3)CCCC(=O)O)O,0,1
135485470,327.3,C11H13F4N3O2S,95.9,3.2,21,2,7,1,C1CCC(CC1)NC(=O)N=C2NC(=O)C(S2)(C(F)(F)F)F,0,1
1376821,316.4,C22H24N2,6.5,4.2,24,0,2,4,C1CN(CCN1CC2=CC=CC=C2)CC3=CC4=CC=CC=C4C=C3,0,1
3319616,252.21,C8H4N4O4S,146,1.9,17,0,7,1,C1=CN=C(N=C1)C2=C(SC(=C2)[N+](=O)[O-])[N+](=O)[O-],0,1
346838,252.27,C15H12N2O2,65.6,2.4,19,1,4,2,COC1=CC=C(C=C1)C(=C2C=CC(=NO)C=C2)C#N,0,1
392799,263.31,C13H13NO3S,78.7,1.8,18,0,4,3,COC(=O)C1CCC(=S)N1C(=O)C2=CC=CC=C2,0,1
408365,295.4,C19H21NO2,37.4,2.9,22,0,3,8,CN(CCC(=O)C1=CC=CC=C1)CCC(=O)C2=CC=CC=C2,0,1
511504,261.3,C18H15NO,32.6,4.1,20,1,2,3,C1=CC=C(C=C1)CN=CC2=C(C=CC3=CC=CC=C32)O,0,1
569534,308.29,C17H12N2O4,84.5,3.1,23,2,4,2,C1=CC=C(C=C1)C(=O)NNC(=O)C2=CC3=CC=CC=C3OC2=O,0,1
741850,336.8,C14H13ClN4O2S,88,2.4,22,1,3,2,CN1C2=C(C(=O)N(C1=O)C)N(C(=S)N2)CC3=CC=C(C=C3)Cl,0,1
773461,284.4,C16H16N2OS,56.6,3.4,20,1,2,4,CC1=CC=CC=C1OCCN2C3=CC=CC=C3NC2=S,0,1
790283,241.28,C15H15NO2,42.2,2.7,18,1,2,5,C1=CC=C(C=C1)CCNC(=O)C=CC2=CC=CO2,0,1
846580,330.8,C16H15ClN4S,71.8,4.2,22,2,3,4,CC1=C(C=C(C=C1)NCC2=NNC(=S)N2C3=CC=CC=C3)Cl,0,1
900897,249.26,C16H11NO2,38.7,3.9,19,0,3,2,C1=CC=C(C=C1)C=C2C(=NOC2=O)C3=CC=CC=C3,0,1
1471311,273.28,C15H15NO4,60.7,2.5,20,1,4,6,COC1=CC=CC=C1COC(=O)NC=CC2=CC=CO2,0,1
1471633,264.7,C8H3ClF2N2S2,75.3,3.7,15,0,6,1,C1=CC(=C(C=C1F)F)N=C2C(=NSS2)Cl,0,1
1480557,224.21,C7H7F3N2OS,64.4,1.1,14,1,5,1,CCN1C(=O)C=C(NC1=S)C(F)(F)F,0,1
1481305,313.4,C15H15N5OS,88.7,2.2,22,0,6,4,CCN1C(=NN=C1SC)C2=NN(C=CC2=O)C3=CC=CC=C3,0,1
1486116,297.35,C17H19N3O2,52.6,2.2,22,1,3,5,CN(C)C1=CC=C(C=C1)NC(=O)C2=CC=CN(C2=O)CC=C,0,1
1842043,307.4,C13H13N3O2S2,103,1.8,20,0,6,2,C1COCCN1N2C(=O)C(=CC3=CC=CC=N3)SC2=S,0,1
2202870,235.32,C14H21NO2,21.7,2.3,17,0,3,5,CC1=CC=C(C=C1)OCCCN2CCOCC2,0,1
2427285,317.4,C15H15N3O3S,91.3,2.2,22,1,5,6,COC1=CC=C(C=C1)OCC2=NNC(=S)N2CC3=CC=CO3,0,1
2431987,310.4,C14H18N2O2S2,102,2.7,20,1,4,4,COCCCN1C(=O)C2=C(NC1=S)SC3=C2CCCC3,0,1
2565899,195.18,C10H5N5,66.9,1.4,15,0,4,0,C1=CC=C2C(=C1)C=C(C3=NN=NN23)C#N,0,1
2802638,350.4,C19H18N4O3,85.2,2.9,26,1,4,2,C1CN(CCN1C2=CC=CC3=C2C=CN3)C(=O)C4=CC=C(C=C4)[N+](=O)[O-],0,1
2969306,294.31,C16H14N4O2,66.9,2.6,22,0,4,1,C1CN2C(=NC3=C2C=CC(=C3)[N+](=O)[O-])CN1C4=CC=CC=C4,0,1
2984048,208.33,C11H16N2S,38.6,2.1,14,0,2,2,CN(C)C1=CC=C(C=C1)C(=S)N(C)C,0,1
3377905,313.5,C18H23N3S,52.3,3.1,22,1,1,4,CCCCNC(=S)N1CCN2C=CC=C2C1C3=CC=CC=C3,0,1
3548073,330.4,C15H14N4O3S,111,1.9,23,2,5,5,COC1=CC=CC=C1N2C(=NNC2=S)CNC(=O)C3=CC=CO3,0,1
3561769,273.4,C15H19N3S,59.7,3.5,19,1,3,5,CCCCN=CC1=C(NN(C1=S)C2=CC=CC=C2)C,0,1
3566166,350.4,C19H14N2O3S,105,2.8,25,1,5,5,C1=CC=C2C(=C1)C(=O)C=C(O2)C(=O)NC3=CC=CC=C3SCCC#N,0,1
3793733,312.28,C16H12N2O5,84,1,23,0,5,1,CN1C(=O)C(=CC2=COC3=CC=CC=C3C2=O)C(=O)N(C1=O)C,0,1
4080547,293.39,C14H19N3O2S,95.3,3,20,2,4,4,COC(=O)C1=C(N=CC=C1)NC(=S)NC2CCCCC2,0,1
4114328,355.4,C18H17N3O3S,104,3.5,25,0,5,4,CC1=CC=C(C=C1)CSC2=NCCN2C(=O)C3=CC=C(C=C3)[N+](=O)[O-],0,1
4162844,338.22,C13H12BrN3OS,72.2,2.2,19,1,3,3,C1C2=C(N(N=C2CS1)C3=CC=CC=C3)NC(=O)CBr,0,1
4304882,340.75,C11H9ClN6O3S,161,3.1,22,2,7,2,CC1=C(C(=O)N(N1)C(=S)N)N=NC2=C(C=C(C=C2)[N+](=O)[O-])Cl,0,1
4524859,307.33,C13H13N3O4S,110,2.3,21,2,7,4,COC1=C2C(=CC=C1)SC(=N2)NNC(=O)C3=COCCO3,0,1
4593836,299.37,C16H21N5O,54.3,2,22,0,4,3,CC1=C(C(=CC=C1)C)N2CCN(CC2)C(=O)CN3C=NC=N3,0,1
4916632,317.4,C18H27N3O2,70.2,2.9,23,3,2,8,CCC1=CC(=CC=C1)NC(=O)CCCCCC2C(NC(=O)N2)C,0,1
5087076,352.5,C20H24N4S,63,3.6,25,1,3,3,CC1=CC=C(C=C1)C2=NN(C(C2)C3=CC=C(C=C3)N(C)C)C(=S)NC,0,1
5343613,321.3,C18H11NO5,101,1.8,24,2,5,3,C1=CC=C2C(=C1)C(=O)C3=C(C2=O)C=C(C=C3)NC(=O)C=CC(=O)O,0,1
5396293,323.7,C18H10ClNO3,57.6,4,23,1,3,1,C1=CC2=C(C=CC3=C2C(=C1)C(=O)N(C3=O)C4=CC=C(C=C4)Cl)O,0,1
6500437,288.71,C9H9ClN4O3S,105,1.4,18,2,6,4,COC1=C(C=C(C=C1)Cl)S(=O)(=O)NC2=NC=NN2,0,1
7119438,367.4,C15H17N3O4S2,144,2.9,24,1,8,9,CCOC(=O)CNC(=O)CSC1=NC(=NS1)C2=CC=C(C=C2)OC,0,1
7197580,304.4,C15H16N2OS2,83.3,3,20,0,4,3,CC1=CC(=CC=C1)CSC2=NC3=C(C(=O)N2C)SCC3,0,1
7205820,366.4,C20H18N2O3S,86.6,3.7,26,0,6,7,COC1=C(C=C(C=C1)C2=NN=C(C=C2)SCC(=O)C3=CC=CC=C3)OC,0,1
7207095,286.3,C15H11FN2OS,64.2,3,20,0,5,4,C1=CC=C(C(=C1)CSC2=NN=C(C=C2)C3=CC=CO3)F,0,1
7384469,282.29,C16H14N2O3,62.6,1.6,21,1,3,2,C1CC2=C3C(=CC(=C2)NC(=O)C4=CC=CO4)CC(=O)N3C1,0,1
9562807,306.4,C18H18N4O,42.1,3.7,23,0,4,3,C1COCCN1N=CC2=C3C=CC=CN3C(=N2)C4=CC=CC=C4,0,1
16193038,319.4,C20H21N3O,60.2,4.3,24,2,4,3,COC1=CC=CC=C1NC2=C3CCCCC3=NC4=C2C=C(C=C4)N,0,1
16823242,287.31,C15H17N3O3,78.5,0.8,21,2,3,1,CC1C2=CC(=CC3=C2N(C1=O)CCC3)NC(=O)C(=O)NC,0,1
468620,322.3,C12H10N4O5S,142,0.8,22,2,7,4,C1=CC(=CC=C1[N+](=O)[O-])S(=O)(=O)NNC(=O)C2=CC=NC=C2,0,1
2301863,307.4,C15H21N3O2S,102,3.1,21,3,3,6,CCCCC(=O)NC(=S)NNC(=O)CCC1=CC=CC=C1,0,1
732314,283.37,C17H21N3O,44.4,3.9,21,2,2,5,CCN(CC)C1=CC=C(C=C1)NC(=O)NC2=CC=CC=C2,0,1
689386,290.4,C19H18N2O,32.299,4.1,22,1,2,3,CN(C)C1=CC=CC(=C1)NC(=O)C2=CC=CC3=CC=CC=C32,0,1
750895,265.4,C9H15NO2S3,103,1.2,15,0,4,4,CCN(CC)C(=S)SC1=CCS(=O)(=O)C1,0,1
1787636,381.8,C16H16ClN3O4S,113,1.8,25,3,5,7,C1=CC=C(C=C1)NC(=O)CCC(=O)NNS(=O)(=O)C2=CC=C(C=C2)Cl,0,1
3143281,258.32,C15H18N2O2,57.8,3.5,19,1,3,4,C=CCC1CC2=C(C=CC=C2[N+](=O)[O-])C(N1)CC=C,0,1
3562617,275.23,C13H10FN3O3,87,3,20,2,5,3,C1=CC=C(C(=C1)C(=O)NNC2=CC=C(C=C2)[N+](=O)[O-])F,0,1
4727256,261.32,C13H19N5O,64.9,2.5,19,1,5,7,CCCN1C(=NN=N1)NCC2=CC=CC=C2OCC,0,1
4799115,332.3,C15H10F2N4OS,95.2,2.7,23,2,6,3,C1=CC=NC(=C1)C2=CSC(=N2)NC(=O)NC3=C(C=C(C=C3)F)F,0,1
135442098,254.33,C16H18N2O,45,4.8,19,1,3,2,CC1=C(C(=CC=C1)C)N=NC2=C(C=C(C=C2C)O)C,0,1
678087,316.4,C15H16N4O2S,92.5,2,22,1,4,4,CCN1C2=C(N=C1SCC3=CC=CC=C3)N(C(=O)NC2=O)C,0,1
734541,304.32,C14H12N2O4S,105,2.6,21,2,5,2,C1COC2=C(O1)C=CC(=C2)NC(=S)NC(=O)C3=CC=CO3,0,1
851542,346.8,C19H23ClN2O2,33.7,4.6,24,1,4,6,COC1=C(C(=CC(=C1)CNC2=CC=C(C=C2)N3CCCC3)Cl)OC,0,1
869435,274.18,C13H17Cl2NO,12.5,4,17,0,2,4,CC1=CC(=CC(=C1OCCN2CCCC2)Cl)Cl,0,1
1070294,362.5,C22H26N4O,40.6,4,27,1,5,4,CC1=CC(=C2C=C(C=CC2=N1)OC)NC3=CC=C(C=C3)N4CCN(CC4)C,0,1
1480541,272.25,C11H7F3N2OS,64.4,2.3,18,1,5,1,C1=CC=C(C=C1)N2C(=O)C=C(NC2=S)C(F)(F)F,0,1
1830754,328.66,C13H11BrClNS,44.1,4.6,17,1,2,2,CC1=C(C(=S)C2=C(N1)C=CC(=C2)Br)CC=CCl,0,1
4677543,233.27,C12H15N3O2,75.1,3.1,17,1,4,0,CC1(C(=C)N(C2=CC(=C(C=C21)N)[N+](=O)[O-])C)C,0,1
5346517,300.27,C14H12N4O4,123,2.3,22,1,6,4,CC1=C(C=CC=C1[N+](=O)[O-])C(=O)ON=C(C2=CC=CC=N2)N,0,1
6461092,348.5,C17H24N4O2S,85.9,2.5,24,1,6,6,CCN1CCN(CC1)CC(=O)NC2=NC3=C(S2)C=C(C=C3)OCC,0,1
9115581,228.31,C13H12N2S,56.9,3.6,16,1,2,1,CC1=CC(=C(N1)C2=NC3=CC=CC=C3S2)C,0,1
16027762,253.26,C14H11N3O2,68,1.8,19,1,4,3,C1=CC2=C(N=C1)N(C=N2)CC3=CC=C(C=C3)C(=O)O,0,1
16303960,343.8,C17H17ClF3NO,23.5,5.1,23,1,5,2,C1CC(CN(C1)CC2=C(C3=CC=CC=C3C(=C2)Cl)O)C(F)(F)F,0,1
17583883,325.3,C18H15NO5,65.099,2.3,24,0,5,3,COC1=CC2=C(C=C1)N(C(=O)C2=O)CC3COC4=CC=CC=C4O3,0,1
24792909,302.8,C10H7ClN2O3S2,116,1.3,18,2,4,2,C1=CC(=CC(=C1)Cl)S(=O)(=O)C2=CNC(=S)NC2=O,0,1
760266,208.28,C10H12N2OS,56.6,1.7,14,1,2,2,CCOC1=CC2=C(C=C1)N(C(=S)N2)C,0,1
802126,264.35,C13H16N2O2S,76,2.4,18,1,4,4,CC(C)OC1=CC=C(C=C1)C(=O)NC2=NCCS2,0,1
835193,238.29,C14H14N4,56.7,3.4,18,1,3,1,CC1=C(C=C(C=C1)N2N=C3C=CC(=CC3=N2)N)C,0,1
4039996,221.29,C13H19NO2,43.7,0.8,16,2,3,3,C1CC(CN(C1)CC(C2=CC=CC=C2)O)O,0,1
9589800,225.29,C14H15N3,50.4,3.1,17,2,3,3,CC(=NNC1=CC=CC=C1)C2=CC(=CC=C2)N,0,1
228621,216.24,C10H12N6,105,1.7,16,3,5,2,CC1=CC=C(C=C1)N=NC2=C(NN=C2N)N,0,1
679296,253.3,C15H15N3O,75.8,3.1,19,1,4,1,CC1=CC=C(O1)C2=C(C(=NC3=C2CCCC3)N)C#N,0,1
748081,302.8,C14H11ClN4S,72.6,3.1,20,1,3,2,CC1=C(C=CC(=C1)Cl)N2C(=NNC2=S)C3=CN=CC=C3,0,1
754229,333.23,C15H17BrN4,32.299,2.7,20,0,4,3,C1CN(CCN1CC2=CC(=CC=C2)Br)C3=NC=CC=N3,0,1
756022,275.37,C14H17N3OS,83.1,2.9,19,2,3,4,C1CCC(C1)NC(=O)CSC2=NC3=CC=CC=C3N2,0,1
764708,272.32,C15H17FN4,32.299,2.1,20,0,5,3,C1CN(CCN1CC2=CC=CC=C2F)C3=NC=CC=N3,0,1
946916,292.31,C13H12N2O4S,126,2.9,20,1,6,4,CCOC(=O)C1=CSC(=C1C2=CC=C(C=C2)[N+](=O)[O-])N,0,1
1825639,272.4,C8H8N4OS3,153,0.8,16,2,6,3,CC1=NN=C(S1)SCC2=CC(=O)NC(=S)N2,0,1
1867183,341.4,C17H15N3O3S,97.7,2.7,24,0,6,4,CC1=CC(=NC(=N1)SC2=CC(=O)N(C2=O)C3=CC=CC=C3OC)C,0,1
2544792,255.3,C13H9N3OS,94,2.6,18,1,4,3,C1=CC=NC(=C1)NC(=O)C(=CC2=CC=CS2)C#N,0,1
3127094,324.4,C20H24N2O2,41.6,4,24,1,2,2,CC1CC(N(C2=C1C=C(C=C2)OC)C(=O)NC3=CC=CC=C3)(C)C,0,1
4616056,245.73,C9H12ClN3OS,91.4,1.7,15,3,3,2,CC1=CC(=C(C=C1Cl)OC)NC(=S)NN,0,1
4918562,321.4,C17H24FN3O2,70.2,2.5,23,3,3,7,CC1C(NC(=O)N1)CCCCCC(=O)NC2=C(C(=CC=C2)F)C,0,1
4976766,341.81,C16H21ClFN3O2,70.2,2.8,23,3,3,7,CC1C(NC(=O)N1)CCCCCC(=O)NC2=CC(=C(C=C2)F)Cl,0,1
5386459,322.4,C19H18N2O3,51.1,3.3,24,0,4,4,CC1=NN(C(=O)C1=CC2=CC(=C(C=C2)OC)OC)C3=CC=CC=C3,0,1
2554659,214.18,C10H6N4O2,77.8,0.1,16,0,6,2,C1=COC(=C1)C2=NN=C(N=N2)C3=CC=CO3,0,1
742170,339.4,C18H13NO4S,108,4,24,2,5,5,C1=CC=C(C=C1)C2=CSC(=C2C(=O)O)NC(=O)C=CC3=CC=CO3,0,1
1983669,374.4,C22H22N4O2,69,3.9,28,1,4,5,CCN1C2=C(C=C3C=C(C=CC3=N2)C)C(=N1)NC(=O)CC4=CC=C(C=C4)OC,0,1
2978697,288.34,C16H20N2O3,67.4,3,21,2,4,3,CC1(C2(CCC1(OC2=O)C(=O)NNC3=CC=CC=C3)C)C,0,1
3430275,341.5,C17H15N3OS2,116,3.8,23,2,4,3,CN1C(=C(SC1=S)C(=O)NC2=CC=C(C=C2)C3=CC=CC=C3)N,0,1
3769533,283.3,C11H10FN3OS2,116,2.3,18,2,5,2,CN1C(=C(SC1=S)C(=O)NC2=CC=CC=C2F)N,0,1
6366746,269.29,C16H15NO3,48.4,2.6,20,0,4,5,COC1=CC(=C(C=C1)OC)C(=O)C=CC2=CN=CC=C2,0,1
6870860,311.4,C18H21N3O2,53.9,3.4,23,1,4,6,CC1=CC(=CC=C1)OCC(=O)NN=CC2=CC=C(C=C2)N(C)C,0,1
270995,328.3,C15H12N4O3S,126,2.6,23,2,7,3,C1=CC2=C(C=CC(=C2N=C1)O)N=NC3=CC=C(C=C3)S(=O)(=O)N,0,1
822765,297.8,C13H16ClN3OS,67.7,2,19,1,3,1,CN1CCN(CC1)C(=S)NC(=O)C2=CC=CC=C2Cl,0,1
1090315,278.3,C18H18N2O,45.2,4,21,2,3,3,CC1=C(C(=CC=C1)NCC2=C3C=CC=NC3=C(C=C2)O)C,0,1
2371600,307.4,C18H17N3S,69,4.1,22,2,2,3,CCC1=CC=C(C=C1)NC(=S)NC2=CC=CC3=C2C=CN=C3,0,1
2801236,294.29,C12H10N2O5S,111,2.1,20,0,6,3,COC1=NC(=C(C=C1)[N+](=O)[O-])S(=O)(=O)C2=CC=CC=C2,0,1
2929394,324.4,C16H24N2O3S,74.9,2.7,22,1,4,6,CCCC(C)C(=O)NC1=CC=C(C=C1)S(=O)(=O)N2CCCC2,0,1
6871660,226.23,C12H10N4O,67.2,1,17,1,4,3,C1=CC=NC(=C1)C(=O)NN=CC2=CC=NC=C2,0,1
135521778,279.29,C16H13N3O2,77.5,3.4,21,3,3,3,C1=CC=C2C=C(C(=CC2=C1)C(=O)NN=CC3=CC=CN3)O,0,1
950682,339.4,C16H13N5O2S,111,2.6,24,2,5,4,COC1=CC=CC=C1N2C(=NNC2=S)C3=NNC(=C3)C4=CC=CO4,0,1
952436,282.72,C16H11ClN2O,42,3.7,20,1,2,2,C1=CC=C(C(=C1)C(=O)NC2=CC=CC3=C2C=CC=N3)Cl,0,1
1541788,304.28,C13H8N2O5S,133,0.5,21,2,6,3,C1=CC2=C(C(=O)N=C2C=C1)C3=C(N(C(=O)S3)CC(=O)O)O,0,1
3156654,342.4,C18H26N6O,89.2,3.1,25,2,7,5,CC1CC(CN(C1)CC2=NC(=NC(=N2)NC3=CC=CC=C3OC)N)C,0,1
364166,322.4,C17H14N4OS,77.6,3.4,23,0,5,4,C1C(=NN2C(=NN=C2S1)COC3=CC=CC=C3)C4=CC=CC=C4,0,1
373692,279.8,C11H6ClN3S2,86.4,3.6,17,0,4,1,C1=CC=C(C=C1)N2C3=C(C(=NC=N3)Cl)SC2=S,0,1
379915,258.5,C6H6Cl3N3O2,69.9,2.6,14,2,4,1,C1CNC(=C(C(=C(Cl)Cl)Cl)[N+](=O)[O-])N1,0,1
387800,230.22,C11H10N4O2,114,0,17,1,6,0,CC1C2(OCC(C1(C#N)C#N)(C(=N)O2)C#N)C,0,1
389254,308.3,C18H16N2O3,71.4,3,23,2,4,4,COC1=CC2=C(C=C1)OC(=N)C(=C2)C(=O)NCC3=CC=CC=C3,0,1
391442,246.33,C13H14N2OS,60.4,2.1,17,1,2,1,C1COCCN1C(=S)C2=CNC3=CC=CC=C32,0,1
602897,323.2,C10H8Cl2N2O2S2,93.8,4.1,18,0,6,3,COC1=CC(=C(C=C1N=C2C(=NSS2)Cl)OC)Cl,0,1
746646,267.4,C15H13N3S,66,3.4,19,1,4,4,C1=CC=C(C=C1)CNC2=NC(=CS2)C3=CN=CC=C3,0,1
767399,227.3,C15H17NO,32.299,4.2,17,2,2,2,CC1=CC=C(C=C1)NC2=CC(=C(C(=C2)C)O)C,0,1
834001,264.28,C16H12N2O2,49.4,2.8,20,1,2,2,C1=CC=C(C=C1)C=C2C(=O)NN(C2=O)C3=CC=CC=C3,0,1
2371971,293.4,C17H15N3S,69,3.6,21,2,2,2,CC1=CC=CC=C1NC(=S)NC2=CC=CC3=C2C=CN=C3,0,1
2903122,378.4,C22H22N2O4,68.8,4.2,28,2,5,7,COC1=CC(=CC(=C1OC)OC)C(=O)NC2=CC=C(C=C2)NC3=CC=CC=C3,0,1
2971387,322.2,C15H16BrNO2,42.2,4.2,19,1,2,3,CC1=CC(=C(C=C1)C)C(C)NC(=O)C2=CC=C(O2)Br,0,1
3160709,222.31,C11H14N2OS,81.1,3,15,1,3,3,CCCC(=O)NC1=C(C(=C(S1)C)C)C#N,0,1
4611525,293.4,C17H15N3S,69,3.6,21,2,2,2,CC1=CC=C(C=C1)NC(=S)NC2=CC=CC3=C2C=CN=C3,0,1
5405138,307.5,C10H5Cl3N2O3,67.1,4,18,1,4,1,C1=CC=C2C(=C1)NC(=C(C(=C(Cl)Cl)Cl)[N+](=O)[O-])O2,0,1
135420902,279.29,C17H13NO3,58.9,3.2,21,1,4,2,CC1=CC=C(C=C1)C(=CC2=NC3=CC=CC=C3OC2=O)O,0,1
135421639,272.26,C14H12N2O4,106,1.9,20,4,6,3,C1=CC(=C(C=C1C=NN=CC2=CC(=C(C=C2)O)O)O)O,0,1
135452530,272.26,C14H12N2O4,106,1.9,20,4,6,3,C1=CC(=C(C(=C1)O)O)C=NN=CC2=C(C(=CC=C2)O)O,0,1
236653,279.72,C14H14ClNO3,55.4,3,19,1,4,5,COCCCNC1=C(C(=O)C2=CC=CC=C2C1=O)Cl,0,1
240933,328.2,C17H14BrNO,32.299,5,20,2,2,3,C1=CC=C2C(=C1)C=CC(=C2CNC3=CC=C(C=C3)Br)O,0,1
706589,330.4,C16H18N4O2S,92.5,2.5,23,1,4,5,CN1C2=C(C(=O)NC1=O)N(C(=N2)SC)CCCC3=CC=CC=C3,0,1
778448,330.3,C16H11FN2O3S,94.6,2.9,23,1,5,2,CC1=CC=C(O1)C=C2C(=O)NC(=S)N(C2=O)C3=CC=C(C=C3)F,0,1
791926,342.27,C16H24BrNO2,30.5,4.3,20,1,3,5,COC1=CC(=C(C=C1CNC2CCCCCC2)Br)OC,0,1
856145,346.8,C15H11ClN4O2S,106,2.7,23,1,6,5,C1=CC(=CC(=C1)Cl)NC(=O)CSC2=NN=C(O2)C3=CN=CC=C3,0,1
899976,282.29,C16H14N2O3,71,3.9,21,1,3,1,CC1=CC=C(C=C1)N2C(=C(C3=C2C=C(C=C3)O)[N+](=O)[O-])C,0,1
1240272,381.4,C18H11N3O3S2,139,2.7,26,2,5,2,C1=CC=C(C=C1)C(=O)NN2C(=C(SC2=S)C3=C4C=CC=CC4=NC3=O)O,0,1
1554319,297.3,C11H7NO5S2,152,1.5,19,2,7,3,C1C(=O)N(C(=S)S1)C2=CC(=CC(=C2)C(=O)O)C(=O)O,0,1
2045288,300.31,C15H16N4O3,90,2.4,22,1,6,6,CCCCC1=CC(=O)OC2=C1C=CC(=C2)OCC3=NNN=N3,0,1
2134298,360.9,C18H17ClN2O2S,65.8,4.1,24,1,3,4,CC1=C(C=C(C=C1)N2C=C(NC2=S)C3=CC(=C(C=C3)OC)OC)Cl,0,1
2177195,297.26,C15H11N3O4,97.3,0.9,22,2,4,1,CC(=O)N1C=C(C2=CC=CC=C21)C=C3C(=O)NC(=O)NC3=O,0,1
2423957,250.3,C15H14N4,66.7,3.1,19,3,3,3,C1=CC=C(C=C1)C2=CC(=NN2)NC3=CC=CC=C3N,0,1
2731964,220.3,C10H12N4S,72.1,3.9,15,1,3,1,CC1=CC(=C(C(=C1)C)N2C(=S)N=NN2)C,0,1
2731984,237.37,C12H19N3S,68.2,2.6,16,3,2,3,CC1=CC=C(C=C1)NC(=S)NNC(C)(C)C,0,1
2743615,224.71,C10H9ClN2S,54,3.2,14,1,2,2,CSC1=NC=C(N1)C2=CC=C(C=C2)Cl,0,1
2745456,242.3,C12H10N4S,73.8,1.8,17,1,2,1,CC1=C(N2C=CC=CC2=N1)C3=CC=NC(=S)N3,0,1
2829688,490.6,C24H18N4O4S2,139,3.5,34,0,7,2,CC1=C(C(=O)N(N1C)C2=CC=CC=C2)N3C(=O)C(=C4C5=CC=CC=C5N(C4=O)C(=O)C)SC3=S,0,1
2930961,272.34,C16H20N2O2,54.1,2.8,20,2,3,3,CC(C)C1C2=C(CC(N1)C(=O)OC)C3=CC=CC=C3N2,0,1
3157040,367.4,C19H17N3O3S,75.6,3.1,26,2,6,4,COC1=C(C=C(C=C1)C2NC(=O)C(=C(N2C3=CC=CC=C3)S)C#N)OC,0,1
3625260,309.4,C17H15N3OS,78.3,3.2,22,2,3,3,COC1=CC=C(C=C1)NC(=S)NC2=CC=CC3=C2C=CN=C3,0,1
3650338,282.29,C16H14N2O3,67.4,3.7,21,0,4,2,CCC1C2=CC=CC=C2N=C(O1)C3=CC=C(C=C3)[N+](=O)[O-],0,1
4324586,250.32,C11H14N4OS,80.6,0.5,17,1,4,3,CN(C)CCN1C(=O)C2=C(NC1=S)N=CC=C2,0,1
4879707,283.4,C15H13N3OS,83.1,2.4,20,1,4,4,C1=CC=C2C(=C1)N=C(S2)CCC(=O)NC3=CN=CC=C3,0,1
5183345,351.4,C15H17N3O3S2,135,3.3,23,1,7,8,CCOC(=O)CNC(=O)CSC1=NC(=NS1)C2=CC=CC(=C2)C,0,1
5804056,294.1,C14H9Cl2NO2,50.2,4.1,19,1,3,3,C1=CC=NC(=C1)C=CC(=O)C2=C(C(=CC(=C2)Cl)Cl)O,0,1
6472686,304.34,C16H20N2O4,63.9,1.6,22,1,5,5,COC1=CC=CC2=C1OC(=C2)C(=O)NCCN3CCOCC3,0,1
6859066,318.8,C14H11ClN4OS,85.2,3.7,21,1,4,3,CC1=CC=C(O1)C=NN2C(=NNC2=S)C3=CC(=CC=C3)Cl,0,1
6860289,366.5,C17H14N6S2,129,3.9,25,2,5,4,CC1=C(SC=C1)C=NN2C(=NNC2=S)C3=CC(=NN3)C4=CC=CC=C4,0,1
6861880,337.5,C20H27N5,35,3.8,25,0,5,6,CCN(CC)C1=CC=C(C=C1)C=NN2CCN(CC2)C3=CC=CC=N3,0,1
7151261,365.4,C19H15N3O3S,90.7,2.9,26,1,5,3,C1CSC2=NC(=CN21)C3=CC(=CC=C3)NC(=O)C4=CC5=C(C=C4)OCO5,0,1
7161333,358.4,C18H18N2O4S,84.1,1.8,25,1,5,4,COC1=CC=C(C=C1)S(=O)(=O)NC2=CC3=C4C(=C2)CC(=O)N4CCC3,0,1
7205828,384.4,C20H17FN2O3S,86.6,3.8,27,0,7,7,COC1=C(C=C(C=C1)C2=NN=C(C=C2)SCC(=O)C3=CC=C(C=C3)F)OC,0,1
7207184,339.4,C18H17N3O2S,93.3,2.8,24,1,5,7,C1=CC=C(C=C1)CCNC(=O)CSC2=NN=C(C=C2)C3=CC=CO3,0,1
7217464,299.35,C14H13N5OS,112,1.6,21,1,5,4,CC1=CC=C(C=C1)C2=NN3C(=NN=C3SCC(=O)N)C=C2,0,1
9664067,307.8,C14H14ClN3OS,73.8,3.1,20,0,4,4,CC1=CC=C(C=C1)C=NN(C2=NC(=CS2)CCl)C(=O)C,0,1
16194637,407.5,C23H25N3O4,84.6,2.6,30,1,4,6,C1CCCN(CC1)C(=O)CN2C=C(C3=CC=CC=C32)C(=O)C(=O)NCC4=CC=CO4,0,1
16442194,356.4,C19H20N2O3S,91.8,3.2,25,1,4,1,CCC1=CC2=C3C(=C1)C(=C4C(=O)NC(=O)S4)C(=O)N3C(CC2C)(C)C,0,1
18577474,350.4,C21H19FN2O2,45.5,3.8,26,1,4,5,C1CN(C2=CC=CC=C21)C(CNC(=O)C3=CC(=CC=C3)F)C4=CC=CO4,0,1
24761516,297.82,C16H24ClNO2,29.5,NULL,20,1,3,5,CC1CCN(CC1)CCC(=O)C2=CC=C(C=C2)OC.Cl,0,2
135519959,265.33,C12H15N3O2S,89.2,1.1,18,2,4,2,C1COCCN1C(=S)NN=CC2=CC=C(C=C2)O,0,1
764344,297.4,C16H15N3OS,69,3.5,21,1,3,3,CC1=CC=CC=C1N2C(=NNC2=S)C3=CC=C(C=C3)OC,0,1
894140,333.4,C21H19NO3,59.3,3.5,25,1,3,6,CC(=O)C1=CC(=CC=C1)N2C(=CC=C2C3=CC=CC=C3)CCC(=O)O,0,1
972546,310.4,C13H11FN2O2S2,98.7,3.7,20,2,4,3,C1=CC=C(C=C1)NC(=S)NS(=O)(=O)C2=CC=C(C=C2)F,0,1
1377160,310.4,C19H22N2O2,49.1,4.3,23,0,3,4,C1CN(CCC1CC2=CC=CC=C2)CC3=CC(=CC=C3)[N+](=O)[O-],0,1
2133777,398.5,C18H14N4O3S2,142,3.8,27,3,7,5,C1=CC=C(C=C1)S(=O)(=O)NC2=CC(=C(C3=CC=CC=C32)O)SC4=NC=NN4,0,1
2327942,234.3,C10H6N2OS2,86.7,2.4,15,0,4,1,C1=CC=C2C(=C1)C(=O)N(S2)C3=NC=CS3,0,1
2360979,275.73,C15H14ClNO2,38.3,3.8,19,1,3,5,COC1=CC=CC=C1NCC(=O)C2=CC=C(C=C2)Cl,0,1
3050824,318.2,C13H13Cl2NO2S,55.4,NULL,19,1,3,4,C1=CC(=CC=C1S(=O)(=O)CCC2=CC=NC=C2)Cl.Cl,0,2
4153146,304.18,C14H14BrN3,28,4.5,18,0,3,3,CN(C)C1=CC=C(C=C1)N=NC2=CC=CC=C2Br,0,1
4345662,319.4,C16H21N3O2S,76.9,2.2,22,1,4,4,CCCCN1C(=O)C2=C(C=CC(=C2)N3CCOCC3)NC1=S,0,1
674159,264.19,C10H8N4O5,134,1,19,2,7,3,C1=CC(=C(C=C1C(=O)CN2C=NC(=N2)[N+](=O)[O-])O)O,0,1
706172,318.4,C18H14N4S,72.6,4.2,23,1,3,2,CC1=CC=CC=C1N2C(=NNC2=S)C3=NC4=CC=CC=C4C=C3,0,1
708055,299.7,C17H14ClNO2,42.2,4,21,1,2,2,CC1=C(C2=C(N1C3=CC(=CC=C3)Cl)C=CC(=C2)O)C(=O)C,0,1
748205,285.4,C15H15N3OS,73.5,3.7,20,1,4,3,CCC1=C(NN(C1=O)C2=NC(=CS2)C3=CC=CC=C3)C,0,1
769933,297.4,C16H15N3OS,69,3.6,21,1,3,4,CC1=CC=C(C=C1)OCC2=NNC(=S)N2C3=CC=CC=C3,0,1
789538,210.23,C12H10N4,83.4,0.7,16,1,4,0,CC1=C(NC(=C(C#N)C#N)C(=C1C)C#N)C,0,1
833143,317.4,C17H23N3O3,87.3,2.4,23,3,3,4,CCC(=O)NC1=CC=C(C=C1)C(=O)NNC(=O)C2CCCCC2,0,1
938551,312.35,C14H12N6OS,117,3.3,22,2,5,2,CN1N=C(N=N1)NC(=S)NC(=O)C2=CC=CC3=CC=CC=C32,0,1
973894,273.31,C13H11N3O2S,82.1,2.6,19,1,4,3,COC1=CC=CC=C1N2C(=NNC2=S)C3=CC=CO3,0,1
975411,251.35,C13H17NO2S,53.8,2.4,17,0,3,3,COC1=CC=CC(=C1OC)C(=S)N2CCCC2,0,1
1090543,277.31,C15H19NO4,52.9,1.8,20,1,5,7,COC1=CC(=C(C=C1CNCC2=CC=CO2)OC)OC,0,1
1226717,259.329,C13H13N3OS,97,2.6,18,2,3,2,C1CC(C1)C(=O)NC(=S)NC2=CC=CC=C2C#N,0,1
1385360,378.4,C21H18N2O5,95.9,2.7,28,2,7,4,C1COCCN1C2=C(C(=O)C3=CC=CC=C3C2=O)NC4=CC=CC(=C4)C(=O)O,0,1
2817019,345.4,C17H19N3O3S,101,1.9,24,2,5,4,C1CC2=CC=CC=C2N(C1)CC(=O)NC3=CC=C(C=C3)S(=O)(=O)N,0,1
2969896,359.2,C17H15BrN2O2,49.4,2.6,22,1,2,3,CC(=O)NC1C2=C(C=CC(=C2)Br)N(C1=O)CC3=CC=CC=C3,0,1
3132897,329.4,C16H15N3O3S,112,3.2,23,3,4,4,C1=CC=C(C=C1)C(=O)NC(=S)NNC(=O)COC2=CC=CC=C2,0,1
4746758,332.8,C16H13ClN2O2S,91.3,4.5,22,2,4,5,C1=CC=C2C(=C1)NC(=N2)SC(CC3=CC=C(C=C3)Cl)C(=O)O,0,1
4794706,319.4,C15H17N3O3S,95.7,2.3,22,3,5,5,CC1=CC(=CC=C1)NNS(=O)(=O)C2=CC=C(C=C2)NC(=O)C,0,1
8285101,303.31,C15H17N3O4,108,2.1,22,1,5,4,C1CCC(CC1)(C#N)NC(=O)COC2=CC=CC=C2[N+](=O)[O-],0,1
598370,253.34,C17H19NO,32.6,4.2,19,1,2,2,C1CCC(CC1)N=CC2=C(C=CC3=CC=CC=C32)O,0,1
704781,313.3,C17H15NO5,89.2,3.2,23,0,5,4,CC1=CC=C(O1)C2=C(OC3=C2C=CC=C3[N+](=O)[O-])CCC(=O)C,0,1
754219,304.4,C18H25FN2O,23.6,3.4,22,0,3,2,CC1CCN(CC1)C2CCN(CC2)C(=O)C3=CC=CC=C3F,0,1
877371,349.18,C15H13BrN2O3,74.9,4.3,21,1,4,5,C1=CC(=CC(=C1)[N+](=O)[O-])C(=O)CCNC2=CC=C(C=C2)Br,0,1
1092811,261.3,C12H11N3O2S,82.1,2.3,18,1,4,2,CN1C(=NNC1=S)C2=CC3=C(O2)C(=CC=C3)OC,0,1
1226749,310.8,C15H19ClN2OS,64.4,4,20,1,2,2,CN(C1CCCCC1)C(=S)NC(=O)C2=CC=C(C=C2)Cl,0,1
1317476,379.5,C23H29N3O2,36,3.5,28,0,4,4,COC1=CC=CC=C1C(=O)N2CCC(CC2)N3CCN(CC3)C4=CC=CC=C4,0,1
1471142,268.27,C15H12N2O3,62.1,2,20,1,4,2,COC1=CC=CC=C1C2=NC3=CC=CC=C3C(=O)N2O,0,1
1817559,354.32,C17H14N4O5,137,3.1,26,2,5,4,C1=CC=C2C(=C1)C(=CN2)CCNC(=O)C3=CC(=CC(=C3)[N+](=O)[O-])[N+](=O)[O-],0,1
1932508,332.4,C20H16N2O3,60.3,3.1,25,1,3,3,CCN1C2=C(C=C(C=C2)NC(=O)C3=COC(=O)C=C3)C4=CC=CC=C41,0,1
2207993,273.4,C12H23N3O2S,94.5,2.7,18,3,3,3,CC(C)(C)OC(=O)NNC(=S)NC1CCCCC1,0,1
3532905,338.29,C13H10N2O7S,158,1.4,23,3,8,4,C1=CC(=CC(=C1)S(=O)(=O)NC2=C(C=C(C=C2)[N+](=O)[O-])O)C(=O)O,0,1
4918593,317.4,C18H27N3O2,70.2,2.8,23,3,2,7,CC1C(NC(=O)N1)CCCCCC(=O)NC2=C(C=CC=C2C)C,0,1
5727520,329.8,C18H20ClN3O,28.1,4.3,23,0,4,4,COC1=CC=CC=C1N2CCN(CC2)N=CC3=CC(=CC=C3)Cl,0,1
6852042,254.23,C8H6N4O4S,142,1.4,17,1,7,2,CC1=C(OC=N1)C(=O)NC2=NC=C(S2)[N+](=O)[O-],0,1
9116001,297.3,C18H19NO3,47.6,3.2,22,1,3,4,C1COC2=C(C=C(C=C2)C(=O)NCCC3=CC=CC=C3)OC1,0,1
677744,300.32,C14H16N6O2,96.5,0.6,22,2,5,3,CN1C2=C(N=C1NN)N(C(=O)N(C2=O)CC3=CC=CC=C3)C,0,1
684712,318.3,C15H14N2O4S,78.8,2.6,22,0,5,4,COC1=C(C=C(C=C1)S(=O)(=O)N2C=NC3=CC=CC=C32)OC,0,1
723032,249.29,C11H11N3O2S,99.8,2.9,17,1,4,2,CC1=C(C(=NN1)C)SC2=CC=C(C=C2)[N+](=O)[O-],0,1
806045,326.4,C19H22N2O3,50.8,3.3,24,1,4,5,COC1=C(C=C(C=C1)C(=O)NC2=CC=C(C=C2)N3CCCC3)OC,0,1
833658,306.4,C16H22N2O2S,73.7,3.4,21,1,3,3,CN(C1CCCCC1)C(=S)NC(=O)C2=CC=C(C=C2)OC,0,1
2141381,305.4,C13H11N3O2S2,131,3.1,20,3,4,2,C1=CC=C(C=C1)C(=O)NC(=S)NNC(=O)C2=CC=CS2,0,1
2303617,295.29,C16H13N3O3,92.2,2.1,22,1,4,1,CN1C(=C(C2=C(C1=O)C=C(C=C2)[N+](=O)[O-])C3=CC=CC=C3)N,0,1
2953743,312.1,C14H11Cl2NO3,58.6,3.6,20,2,3,3,COC1=CC=CC(=C1)C(=O)NC2=CC(=C(C(=C2)Cl)O)Cl,0,1
3907064,345.4,C17H19N3O3S,83.8,3.5,24,1,6,6,CCN(CC)S(=O)(=O)C1=CC2=C(C=C1)OC(=N2)NC3=CC=CC=C3,0,1
652581,314.4,C18H22N2O3,62.7,2.6,23,1,5,5,CCOC(=O)C1CCN(CC1)CC2=C3C=CC=NC3=C(C=C2)O,0,1
657663,427.5,C26H29N5O,84.2,4.3,32,3,6,9,C1CN(CC2=C1C(=C(N=C2NCC3=CC=CC=C3)NCCCO)C#N)CC4=CC=CC=C4,0,1
658107,332.4,C14H12N4O2S2,122,2.7,22,0,5,3,CN=C(C1=CC=CO1)N2C(=S)N=C(N(C2=S)C)C3=CC=CO3,0,1
695123,293.2,C13H6F3N3O2,63.2,1.9,21,0,7,1,C1=CC(=CC=C1C(F)(F)F)N2C(=O)C3=NC=CN=C3C2=O,0,1
751000,283.32,C16H17N3O2,62.3,3.2,21,0,5,4,CC1=CC=CC=C1OCC2=NC(=C(O2)N3CCCC3)C#N,0,1
794011,305.4,C17H11N3OS,86.6,4,22,1,5,2,C1=CC=C2C(=C1)C=CC(=C2O)C=NC3=CC=CC4=NSN=C43,0,1
805519,310.3,C17H14N2O4,95.6,2.7,23,3,5,4,C1=CC=C(C=C1)N2C=C(C=N2)CC(=O)C3=C(C(=C(C=C3)O)O)O,0,1
916370,289.32,C12H11N5O2S,114,2.6,20,0,6,2,CCC1=NN=C2N1N=C(CS2)C3=CC=C(C=C3)[N+](=O)[O-],0,1
946221,297.35,C17H19N3O2,62.3,3.8,22,0,5,3,CC1CCN(CC1)C2=C(N=C(O2)C3=CC=C(C=C3)OC)C#N,0,1
954343,349.4,C21H19NO4,79.5,3.7,26,2,4,6,CC1=CC=C(C=C1)C2=CC=C(N2C3=CC=CC(=C3)C(=O)O)CCC(=O)O,0,1
1627636,267.3,C9H9N5OS2,148,0.9,17,4,5,2,C1=CC(=CC(=C1)NC(=S)NN)C2=NNC(=S)O2,0,1
1718048,308.29,C17H12N2O4,67.9,2.6,23,1,4,2,C1OC2=C(O1)C=C(C=C2)C=C3C(=O)NN(C3=O)C4=CC=CC=C4,0,1
2027065,329.22,C11H13BrN4OS,81,1.9,18,2,4,4,CC1=NNC(=S)N1NCC2=C(C=CC(=C2)Br)OC,0,1
2237364,330.4,C18H22N2O2S,100,4.3,23,2,3,5,CC1=C(SC(=C1C(=O)N)NC(=O)C(C)(C)C)CC2=CC=CC=C2,0,1
2253328,316.4,C18H24N2O3,59.6,3.5,23,2,4,7,CCCCNC1=C2C=C(C(=CC2=CC(=C1)NC(=O)C)OC)OC,0,1
2545261,396.5,C20H20N4O3S,85.7,2.1,28,0,6,3,CCN1C2=CC=CC=C2C3=NC4=C(C=CC(=C4)S(=O)(=O)N5CCOCC5)N=C31,0,1
2870987,314.4,C17H18N2O2S,68.2,4.4,22,1,5,4,CC1=CC=C(C=C1)C2=NNC(S2)C3=CC(=C(C=C3)OC)OC,0,1
2878297,284.32,C14H16N6O,119,-0.1,21,0,6,2,CC1CC(C(C1(C#N)C#N)(C#N)C#N)N(C(=O)C)N(C)C,0,1
3000005,395.76,C15H17ClF3N3O4,72.1,2.3,26,2,8,4,C1COCCN1CCNC(=O)NC2(OC3=C(O2)C=C(C=C3)Cl)C(F)(F)F,0,1
3243444,330.77,C16H15ClN4O2,73.8,2.3,23,2,4,4,CC1=C(C(=O)N2C(=N1)C(=CN2)C(=O)NCCC3=CC=CC=C3)Cl,0,1
5309212,375.4,C18H21N3O4S,100,1.7,26,0,7,4,CN1CN2C(=O)CC(C(=C2SC1)C#N)C3=CC(=C(C=C3OC)OC)OC,0,1
5419018,325.4,C17H19N5O2,101,2.1,24,2,5,1,CC1=CC2=C(C=C1N)N=C3C(=N2)C(=O)N(C(=O)N3)C4CCCCC4,0,1
5689963,458.4,C21H18N2O8S,159,2.5,32,2,11,7,COC1=CC(=CC(=C1OC)OC)C2=NN=C(O2)SCC3=CC(=O)OC4=CC(=C(C=C34)O)O,0,1
5716883,394.4,C21H18N2O6,133,1.7,29,4,6,8,C1=CC(=CC=C1CC2=CC=C(C=C2)NC(=O)C=CC(=O)O)NC(=O)C=CC(=O)O,0,1
7119247,321.4,C14H15N3O2S2,109,2.4,21,0,6,4,C1COCCN1C(=O)CSC2=NC(=NS2)C3=CC=CC=C3,0,1
135517191,339.4,C19H17NO3S,87.1,5,24,1,5,5,CCOC(=O)C1=C(C=C(S1)N=CC2=C(C=CC3=CC=CC=C32)O)C,0,1
805136,331.4,C15H17N5O2S,118,1.6,23,2,6,6,CCOC1=CC=C(C=C1)OCCN2C3=NC=NC(=C3NC2=S)N,0,1
998756,354.18,C12H8BrN3O3S,93.5,2.4,20,1,6,3,C1=CC2=NON=C2C(=C1)S(=O)(=O)NC3=CC=C(C=C3)Br,0,1
2396755,337.2,C14H10Cl2N4S,84.8,4,21,3,2,2,C1=CC2=C(C=C1NC(=S)NC3=C(C=C(C=C3)Cl)Cl)NN=C2,0,1
2488340,259.329,C13H13N3OS,80.5,1.8,18,2,3,2,CN(C1=CC=C(C=C1)O)C(=S)NC2=CN=CC=C2,0,1
17015159,253.25,C15H11NO3,63.3,3.3,19,1,4,2,CC1=CC=C(C=C1)C2=C3C=C(C=CC3=NO2)C(=O)O,0,1
576988,283.4,C15H13N3OS,68,2.5,20,0,2,1,CC1=CC(=CC=C1)C(=O)N2C(=S)N=C3N2C=CC(=C3)C,0,1
667675,322.4,C19H22N4O,44.4,2.9,24,1,4,4,COC1=CC=C(C=C1)N2CCN(CC2)CC3=NC4=CC=CC=C4N3,0,1
755651,256.3,C15H16N2O2,55.1,3.9,19,1,3,2,C1CCC2=C(CC1)N(C(=N2)C(=O)C3=CC=CC=C3)O,0,1
935194,301.29,C12H10F3N3OS,79.1,3.4,20,1,7,2,CC1=CC=C(C=C1)C2=NN=C(SC2)NC(=O)C(F)(F)F,0,1
1092810,277.39,C14H19N3OS,69,2.6,19,1,3,5,CC1=C(C=CC(=C1)CCCC2=NNC(=S)N2C)OC,0,1
1935420,389.4,C21H15N3O5,108,2.8,29,1,7,6,CC(=O)OC1=CC=C(C=C1)C(=O)NC2=CC=CC(=C2)C3=NN=C(O3)C4=CC=CO4,0,1
2918437,334.35,C14H14N4O4S,123,1.4,23,1,7,5,COC1=CC(=C(C=C1)N2C(=O)CC(C2=O)SC3=NC=NN3)OC,0,1
2973830,313.4,C16H15N3O2S,89.7,1.4,22,2,5,3,C1=CC=C(C=C1)CN2C3C(C(N2)C4=CC=CS4)C(=O)NC3=O,0,1
3779856,345.9,C18H20ClN3S,59.4,4.9,23,2,2,3,CCC1(NC(=S)N(N1)C2=CC(=C(C=C2)C)C)C3=CC=C(C=C3)Cl,0,1
4464934,273.29,C14H15N3O3,65.4,1.2,20,1,4,2,CC1=NN(C=C1C(=O)NC2=CC3=C(C=C2)OCCO3)C,0,1
5898784,262.69,C13H11ClN2O2,55.1,3,18,1,3,3,CN1C(=CN=C1C=CC(=O)C2=CC=CC=C2O)Cl,0,1
6852389,303.8,C17H18ClNO2,43.7,NULL,21,3,3,0,CN1CCC2=C3C1CC4=C(C3=CC=C2)C(=C(C=C4)O)O.Cl,0,2
6858369,310.4,C16H14N4OS,81.3,3.2,22,1,4,4,COC1=CC=C(C=C1)C=NN2C(=NNC2=S)C3=CC=CC=C3,0,1
9685312,308.33,C17H16N4O2,77.3,2.6,23,2,4,3,CC1=CC(=C(C=C1)C)C=NNC2=NC3=CC=CC=C3C(=O)N2O,0,1
24762021,332.8,C11H9ClN2O4S2,125,1.2,20,2,5,3,COC1=C(C=C(C=C1)S(=O)(=O)C2=CNC(=S)NC2=O)Cl,0,1
694792,310.4,C13H14N2O3S2,126,0.9,20,2,5,5,C1=CSC(=C1)CC(=O)NCC2=CC=C(C=C2)S(=O)(=O)N,0,1
714479,327.4,C18H21N3OS,70.8,2.9,23,2,3,3,C1CN(CCN1C2=CC=CC=C2O)C(=S)NCC3=CC=CC=C3,0,1
730430,317.4,C17H20FN3S,59.4,4,22,2,3,5,CCN(CC)C1=CC=C(C=C1)NC(=S)NC2=CC=C(C=C2)F,0,1
899206,303.4,C17H25N3O2,36,1.7,22,0,3,1,CC1=C(C(=CC=C1)C)N2CCN(CC2)C(=O)N3CCOCC3,0,1
949960,290.4,C14H11FN2S2,92.4,4.1,19,1,5,3,C1=CC=C(C(=C1)CSC2=NC3=C(S2)C=C(C=C3)N)F,0,1
965016,264.32,C17H16N2O,45.2,3.8,20,2,3,3,CC1=CC=C(C=C1)NCC2=C3C=CC=NC3=C(C=C2)O,0,1
1219586,286.17,C11H16BrN3O,38.1,1.9,16,0,2,1,CN1C(=C(C=N1)Br)C(=O)N2CCCCCC2,0,1
2811332,251.67,C11H10ClN3O2,67.2,2.8,17,2,4,3,CC1=C(C=C(C=C1)NNC(=O)C2=CC=NO2)Cl,0,1
2812572,274.74,C15H15ClN2O,41.1,4.5,19,2,2,4,CCC1=CC=C(C=C1)C(=O)NNC2=CC=C(C=C2)Cl,0,1
2939673,270.24,C13H10N4O3,88,2.7,20,0,6,2,CN(C1=CC=CC=C1)C2=CC=C(C3=NON=C23)[N+](=O)[O-],0,1
3672307,305.4,C16H19NO3S,63.8,2.7,21,1,4,6,CC(C1=CC=C(C=C1)OC)NS(=O)(=O)CC2=CC=CC=C2,0,1
4536543,310.4,C17H18N4S,84.8,4.5,22,3,2,3,CC(C)C1=CC=C(C=C1)NC(=S)NC2=CC3=C(C=C2)C=NN3,0,1
200481,292.4,C19H20N2O,36.4,2.2,22,1,3,4,C1CCN(C1)CC#CC(C2=CC=CC=C2)(C3=CN=CC=C3)O,0,1
252194,279.3,C15H13N5O,83.1,3,21,2,5,3,C1=CC=C(C=C1)N=NC2=C(NN(C2=O)C3=CC=CC=C3)N,0,1
254758,211.22,C11H9N5,66.5,2,16,2,4,2,C1=CC=C(C=C1)NC2=NC=NC3=C2C=NN3,0,1
434633,285.32,C14H11N3O2S,107,3,20,3,6,3,C1=CC=NC(=C1)NC2=NC(=CS2)C3=CC(=C(C=C3)O)O,0,1
567642,343.5,C13H17N3O2S3,150,2.7,21,1,8,5,CC(=O)C1=C(C2=C(SN=C2S1)SCCN3CCOCC3)N,0,1
663297,280.4,C18H20N2O,28.3,3.9,21,1,2,2,CCC1=C2C(=CC(=C1)N3CCOCC3)C4=CC=CC=C4N2,0,1
674819,278.3,C17H14N2O2,50.8,3.9,21,0,2,3,C1=CC=C(C=C1)CN2C=CC3=C2C=CC(=C3)C=C[N+](=O)[O-],0,1
679283,279.29,C17H13NO3,47.9,3.9,21,0,4,3,COC1=CC=C(C=C1)C=C2C(=NOC2=O)C3=CC=CC=C3,0,1
690946,331.36,C14H16F3N3OS,74.4,2.4,22,0,8,4,CC1=CC(=NC(=C1C#N)SCCN2CCOCC2)C(F)(F)F,0,1
691373,327.8,C14H14ClNO4S,89.9,4.3,21,1,5,3,C1CCC(CC1)NC(=O)OC2=C(C=C3C(=C2)OC(=O)S3)Cl,0,1
695916,336.4,C18H12N2O3S,99.7,4.1,24,2,6,3,C1=CC=C2C(=C1)C=C(C(=O)O2)C3=CSC(=N3)NC4=CC=C(C=C4)O,0,1
696705,263.27,C11H9N3O3S,106,2.2,18,0,5,2,CSC1=NC=CN1C(=O)C2=CC=CC=C2[N+](=O)[O-],0,1
699724,253.25,C15H11NO3,51.8,3.4,19,0,4,2,CC1=CC=C(O1)C=C2C(=NOC2=O)C3=CC=CC=C3,0,1
707439,326.14,C13H12BrNO4,68.1,2.9,19,1,5,3,CCOC1=C(C(=CC(=C1)C=C2C(=NOC2=O)C)Br)O,0,1
708047,314.3,C20H14N2O2,51,4.6,24,0,4,4,C1=CC2=C(C=CC=C2N=CC3=CC=CO3)C(=C1)N=CC4=CC=CO4,0,1
710241,342.4,C17H14N2O4S,104,2.8,24,1,5,3,CC1=CC=C(O1)C=C2C(=O)NC(=S)N(C2=O)C3=CC(=CC=C3)OC,0,1
713572,258.339,C14H14N2OS,73.2,2.4,18,2,2,0,CC1(CC2=CC=CC=C2C3=C1C(=O)NC(=S)N3)C,0,1
715443,261.339,C13H15N3OS,83.9,3.4,18,1,4,5,CC(C)C1=CC=C(C=C1)C(=O)CSC2=NC=NN2,0,1
715691,243.7,C8H6ClN3S2,101,2.8,14,1,5,1,C1=CC=C(C(=C1)N)N=C2C(=NSS2)Cl,0,1
718402,300.27,C15H12N2O5,94.2,2.5,22,0,6,5,COC1=C(C=CC(=C1)C=C[N+](=O)[O-])OC(=O)C2=CN=CC=C2,0,1
721692,278.29,C11H10N4O3S,127,1.4,19,3,6,3,COC1=CC=CC(=C1)N=NC2=C(NC(=S)NC2=O)O,0,1
726319,302.4,C15H14N2O3S,103,3.1,21,3,4,4,COC(=O)C1=CC=C(C=C1)NC(=S)NC2=CC=C(C=C2)O,0,1
752424,343.4,C21H17N3O2,53,3.6,26,0,4,2,CC1=C(C(=O)N(N1C)C2=CC=CC=C2)N=C3C=CC(=O)C4=CC=CC=C34,0,1
760825,254.3,C10H10N2O2S2,119,2.5,16,1,6,4,COC(=O)CSC1=NC2=C(S1)C=C(C=C2)N,0,1
764835,269.34,C17H19NO2,32.7,2.9,20,1,3,3,COC1=C(C=CC(=C1)CN2CCC3=CC=CC=C3C2)O,0,1
765284,279.3,C18H17NO2,38.3,3.8,21,1,3,3,COC1=CC=C(C=C1)NC=C2CCC3=CC=CC=C3C2=O,0,1
767260,237.3,C10H11N3S2,88,2.9,15,1,3,3,CC(=C)CN1C(=NNC1=S)C2=CC=CS2,0,1
767487,276.32,C12H12N4O2S,106,2.7,19,1,4,3,CC(=C)CN1C(=NNC1=S)C2=CC(=CC=C2)[N+](=O)[O-],0,1
768390,277.74,C15H16ClNO2,29.5,2.9,19,0,3,2,C1CCN(CC1)CC2=C(C3=CC=CC=C3OC2=O)Cl,0,1
777812,310.3,C17H14N2O4,75.4,3.2,23,0,4,2,CC1=CC(=CC=C1)OC2=C(C(=O)N(C3=CC=CC=C32)C)[N+](=O)[O-],0,1
779814,239.27,C15H13NO2,33.4,2.5,18,0,2,2,C1CN(C2=CC=CC=C21)C(=O)C=CC3=CC=CO3,0,1
785909,336.4,C21H24N2O2,37.5,3.8,25,1,3,4,CC1=C(C=CC(=C1OC)CN2CCC3=C(C2)NC4=CC=CC=C34)OC,0,1
797253,307.4,C18H17N3S,60.2,4.1,22,1,3,3,CN(C)C1=CC=C(C=C1)NC(=S)C2=NC3=CC=CC=C3C=C2,0,1
798024,245.28,C13H15N3O2,83.3,1.6,18,1,4,3,C1CCN(CC1)C2=CC=C(O2)C=C(C#N)C(=O)N,0,1
801047,318.4,C20H18N2O2,52.9,3.5,24,1,3,3,CC(=O)N(C)C1=CC=C(C=C1)N=CC2=C(C=CC3=CC=CC=C32)O,0,1
804077,345.5,C18H23N3O2S,77.6,2.7,24,0,3,4,CCN1C(=O)C(=CC2=C(N(C(=C2)C)C3CC3)C)C(=O)N(C1=S)CC,0,1
825674,319.4,C21H21NO2,52.8,5.4,24,2,3,3,CC(C)(C)C1=CC(=C(C=C1)O)N=CC2=C(C=CC3=CC=CC=C32)O,0,1
825845,305.3,C19H15NO3,69.9,4,23,2,4,3,CC1=C(C=CC(=C1)C(=O)O)N=CC2=C(C=CC3=CC=CC=C32)O,0,1
833984,305.4,C20H19NO2,41.5,4.5,23,2,3,6,C1=CC=C(C=C1)COC2=CC=CC(=C2)CNC3=CC=C(C=C3)O,0,1
845479,316.3,C15H12N2O4S,124,2.6,22,3,5,4,C1=CC(=CC(=C1)NC(=S)NC(=O)C=CC2=CC=CO2)C(=O)O,0,1
849362,216.28,C13H16N2O,32.299,3.2,16,1,2,2,CC(C)(C)C1=CC(=O)N(N1)C2=CC=CC=C2,0,1
855140,345.5,C17H23N5OS,88.4,2.2,24,1,5,7,CCN1C(=NN=C1SCC(=O)NC2=CC=C(C=C2)N(C)C)C3CC3,0,1
863961,280.78,C12H13ClN4S,84.8,2.8,18,3,2,3,CCNC(=S)NC1=NNC(=C1)C2=CC=C(C=C2)Cl,0,1
865659,241.7,C9H8ClN3OS,77.7,2.7,15,2,4,3,C1=CC(=CC(=C1)Cl)NCC2=NNC(=S)O2,0,1
867913,285.73,C15H12ClN3O,44.7,2.6,20,1,3,1,C1CC2=C(C1)N=C3C(=CNN3C2=O)C4=CC=C(C=C4)Cl,0,1
873296,340.3,C18H13FN2O4,79.6,2.5,25,1,5,4,C1=COC(=C1)C=CC=C2C(=O)NC(=O)N(C2=O)CC3=CC=C(C=C3)F,0,1
878107,271.27,C15H13NO4,60.7,2,20,1,4,4,C1OC2=C(O1)C=C(C=C2)CNC(=O)C=CC3=CC=CO3,0,1
879195,320.4,C19H20N4O,52.5,3.1,24,1,5,2,CN1CCN(CC1)C2=NC(=NC3=CC=CC=C32)C4=CC=CC=C4O,0,1
881165,348.4,C21H20N2O3,59.6,4.2,26,2,4,6,COC1=CC(=CC(=C1)C(=O)NC2=CC=C(C=C2)NC3=CC=CC=C3)OC,0,1
890478,313.3,C17H15NO5,92.7,2.4,23,2,5,6,CC(=O)OC1=CC(=C(C=C1)NC(=O)CC2=CC=CC=C2)C(=O)O,0,1
891922,267.33,C16H17N3O,53.1,3.7,20,0,4,2,CC1=CC=CC=C1C2=NC(=C(O2)N3CCCCC3)C#N,0,1
892093,304.8,C17H18ClFN2,15.3,4.7,21,1,3,4,C1CCN(C1)C2=CC=C(C=C2)NCC3=C(C=CC=C3Cl)F,0,1
900179,278.29,C11H10N4O3S,127,1.4,19,3,6,3,COC1=CC=CC=C1N=NC2=C(NC(=S)NC2=O)O,0,1
913181,253.3,C11H11NO2S2,80.7,1.9,16,0,4,3,CCSS(=O)(=O)C1=CC=CC2=C1N=CC=C2,0,1
913226,239.3,C10H9NO2S2,80.7,1.5,15,0,4,2,CSS(=O)(=O)C1=CC=CC2=C1N=CC=C2,0,1
917055,327.31,C17H14FN3O3,71.4,1.5,24,1,4,3,CN1C=CC=C1C=C2C(=O)NC(=O)N(C2=O)CC3=CC=C(C=C3)F,0,1
917296,336.3,C19H16N2O4,73.9,3.7,25,0,6,6,CC(=O)OC1=C(N=C(O1)C2=CC=CC=C2)C=NC3=CC(=CC=C3)OC,0,1
919256,242.32,C15H18N2O,26.9,1.9,18,0,1,1,CC1=CC=C2N1CCN3C2=C(C(=C3C(=O)C)C)C,0,1
921775,304.3,C18H16N4O,62.8,3.5,23,2,4,4,COC1=CC=C(C=C1)CNC2=NC=NC3=C2NC4=CC=CC=C43,0,1
921893,287.23,C13H9N3O5,115,1.2,21,0,7,5,C1=CC(=CC=C1C(=O)COC(=O)C2=NC=CN=C2)[N+](=O)[O-],0,1
934441,302.31,C13H10N4O3S,133,1.7,21,3,6,3,CC1=NC(=NN1)SC(=C2C3=CC=CC=C3NC2=O)C(=O)O,0,1
935003,280.78,C12H13ClN4S,84.8,3.1,18,3,2,2,CC1=C(C=C(C=C1)NC(=S)NC2=NNC(=C2)C)Cl,0,1
936056,332.8,C17H17ClN2OS,58.8,3.8,22,1,3,2,C1CN(CCN1C2=CC(=CC=C2)Cl)C(=S)C3=CC=C(C=C3)O,0,1
937851,301.4,C15H19N5S,75.3,2,21,1,3,5,CCN(CC)CCN1C2=CC=CC=C2C3=NNC(=S)N=C31,0,1
946154,250.64,C11H7ClN2O3,68.3,1.2,17,1,4,2,C1=CC(=C(N=C1)Cl)NC(=O)C2=COC(=O)C=C2,0,1
947839,316.3,C15H12N2O4S,124,2.6,22,3,5,4,C1=COC(=C1)C=CC(=O)NC(=S)NC2=CC=C(C=C2)C(=O)O,0,1
950744,255.31,C15H17N3O,61.4,4,19,2,3,1,CC1=C2C(=C(N3C2=C(C=C1)C(=CC3(C)C)C)O)N=N,0,1
951145,329.4,C20H15N3O2,78.3,4.4,25,3,5,3,C1=CC=C2C(=C1)C(=NC(=N2)C3=CC=CC=C3O)NC4=CC=C(C=C4)O,0,1
969172,292.4,C15H20N2O2S,82.4,3.7,20,2,3,3,COC1=CC=C(C=C1)C(=O)NC(=S)NC2CCCCC2,0,1
970318,272.4,C15H16N2OS,67.3,2.5,19,1,3,5,CCSC1=CC=CC=C1C(=O)NCC2=CN=CC=C2,0,1
971985,279.31,C13H11F2N3S,69,2.9,19,2,4,2,CC1=C(N=CC=C1)NC(=S)NC2=C(C=C(C=C2)F)F,0,1
972588,298.3,C15H11FN4S,81.9,2.7,21,2,4,2,C1=CC(=CC=C1NC(=S)NC2=CC3=NC=CN=C3C=C2)F,0,1
974438,273.32,C11H11N7S,103,1.7,19,1,5,3,CN1C(=NNC1=S)CN2N=C(N=N2)C3=CC=CC=C3,0,1
974921,302.3,C19H14N2O2,54.6,3.3,23,1,2,3,C=CCN1C2=CC=CC=C2C(=C1O)C3=C4C=CC=CC4=NC3=O,0,1
979664,360.9,C20H25ClN2O2,33.7,4.9,25,1,4,7,CCOC1=C(C(=CC(=C1)CNC2=CC=C(C=C2)N3CCCC3)Cl)OC,0,1
1083058,325.4,C18H15NO3S,95.7,4.1,23,2,5,4,CC1=CC(=NC2=CC=CC=C12)SCC(=O)C3=CC(=C(C=C3)O)O,0,1
1090305,315.37,C17H21N3O3,65.9,1.9,23,1,5,4,CCOC(=O)N1CCN(CC1)CC2=C3C=CC=NC3=C(C=C2)O,0,1
1091333,318.4,C15H18N4O2S,112,2.6,22,2,5,5,CCC1=NN=C(S1)NC(=O)C2=CC=C(C=C2)NC(=O)C(C)C,0,1
1092429,267.4,C15H13N3S,66,4.1,19,1,4,3,CC1=C(N=CC=C1)NC2=NC(=CS2)C3=CC=CC=C3,0,1
1099826,274.28,C13H14N4O3,92.7,1.2,20,1,4,5,C1=CC=C(C=C1)CCNC(=O)CN2C=C(N=C2)[N+](=O)[O-],0,1
1124396,351.22,C13H11BrN4OS,98.1,2.5,20,3,3,2,C1=CC(=CN=C1)C(=O)NNC(=S)NC2=CC=C(C=C2)Br,0,1
1146349,462.5,C24H22N4O4S,121,1.8,33,2,6,6,C1COC2=C(O1)C=C3C=C(C(=O)NC3=C2)CN(CC4=CN=CC=C4)C(=S)NCC5=CC=CO5,0,1
1201959,314.4,C16H14N2OS2,91.4,4,21,1,3,2,CC1=CC(=C(N1C2=CC=CC=C2)C)C=C3C(=O)NC(=S)S3,0,1
1209895,308.4,C15H20N2O3S,79.1,3.6,21,0,5,5,CCN(CC)C1=CC=C(O1)C=C2C(=O)N(C(=O)S2)C(C)C,0,1
1212146,354.5,C17H14N4OS2,108,3.7,24,1,4,1,CC1=CC=C(C=C1)N2C(=O)C3=C(N4C2=NNC4=S)SC5=C3CCC5,0,1
1219913,363.4,C23H25NO3,38.8,3.5,27,0,4,4,COC1=C(C=C(C=C1)C=C2CCC3=CC=CC=C3C2=O)CN4CCOCC4,0,1
1237542,286.24,C14H10N2O5,102,2.3,21,0,6,5,C1=CC=NC(=C1)C(=O)OCC(=O)C2=CC=C(C=C2)[N+](=O)[O-],0,1
1246799,335.9,C16H18ClN3OS,63.7,3,22,1,3,3,C1CN(CCN1C2=CC=CC=C2Cl)C(=S)NCC3=CC=CO3,0,1
1257250,272.73,C11H10ClFN2OS,73.2,3,17,2,3,2,C1CC1C(=O)NC(=S)NC2=CC(=C(C=C2)F)Cl,0,1
1265108,222.31,C10H14N4S,95.1,1.7,15,3,3,3,CC(=C)CNC(=S)NC1=CC=CC(=N1)N,0,1
1299402,356.4,C19H20N2O3S,91.8,4.5,25,2,6,7,COC1=C(C=C(C=C1)CCNC2=NC(=CS2)C3=CC=C(C=C3)O)OC,0,1
1319898,354.4,C18H18N4O2S,90.5,2.1,25,0,4,2,CC1=CC(=C(N1C2=CN=CC=C2)C)C=C3C(=O)N(C(=S)N(C3=O)C)C,0,1
1371384,225.3,C9H7NO2S2,99.6,2.3,14,1,4,1,CC1=CC=C(O1)C=C2C(=S)NC(=O)S2,0,1
1377226,314.34,C17H18N2O4,78.5,3.3,23,1,5,3,COC1=CC(=CC(=C1O)[N+](=O)[O-])CN2CCC3=CC=CC=C3C2,0,1
1389502,362.99,C12H6BrCl2NO3,55.4,3.5,19,1,3,2,C1=C(C=C(C=C1Cl)Cl)NC(=O)C2=COC(=O)C(=C2)Br,0,1
1396226,331.3,C15H13N3O4S,116,1.5,23,2,6,3,C1CC1N2C(=C(C(=O)NC2=S)C=NC3=CC4=C(C=C3)OCO4)O,0,1
1420946,364.35,C16H20N4O6,139,1,26,2,8,1,CC1(C2(CN3CC1(CN(C2)C3C4=CC(=C(C=C4)O)O)[N+](=O)[O-])[N+](=O)[O-])C,0,1
1442866,340.4,C19H17FN2OS,68.2,5.1,24,0,5,5,CC(C)C1=NC2=CC=CC=C2C(=N1)SCC(=O)C3=CC=C(C=C3)F,0,1
1502838,324.4,C18H20N4S,69.3,4.3,23,1,5,6,CCN(CC)C1=CC=C(C=C1)NC2=NC(=CS2)C3=CN=CC=C3,0,1
1512279,355.4,C18H17N3O3S,115,4.7,25,2,7,6,COC1=C(C=C(C=C1)C(=O)C2=C(N=C(S2)NC3=CC=CC=C3)N)OC,0,1
1523396,412.5,C23H28N2O5,86.4,2.8,30,2,7,7,CCOC(=O)C1=C(OC2=C1C(=C(C3=CC=CC=C32)O)CN4CCN(CC4)CCO)C,0,1
1540853,302.4,C15H14N2O3S,94.3,3.4,21,0,4,2,C1CCN(C1)C(=S)C2=CC=C(O2)C3=CC=CC=C3[N+](=O)[O-],0,1
1548086,239.19,C8H9N5O4,113,-0.2,17,1,5,1,CCN1C2=C(N=C1[N+](=O)[O-])N(C(=O)NC2=O)C,0,1
1562706,300.34,C14H12N4O2S,115,2.1,21,3,4,2,C1=CC=C(C=C1)C(=O)NC(=S)NNC(=O)C2=CN=CC=C2,0,1
1567097,427.5,C19H13N3O5S2,169,2.3,29,3,7,3,COC1=C(C=CC(=C1)C(=O)NN2C(=C(SC2=S)C3=C4C=CC=CC4=NC3=O)O)O,0,1
1581987,369.4,C20H19NO6,109,2.9,27,2,7,7,CCOC(=O)C1=C(OC2=C1C(=C(C3=CC=CC=C32)O)C=NCCC(=O)O)C,0,1
1602504,344.4,C16H12N2O3S2,119,3,23,1,5,3,COC1=CC=C(C=C1)N2C(=O)C(=CC3=CC=CS3)C(=O)NC2=S,0,1
1622297,347.5,C17H17NO3S2,115,4.1,23,1,5,6,CC(=CC1=CC=CC=C1)C=C2C(=O)N(C(=S)S2)CCCC(=O)O,0,1
1625080,313.35,C17H19N3O3,91.3,1.8,23,2,6,4,CC1(CC2=C(CO1)C(=NC(=C2C#N)NCCO)C3=CC=CO3)C,0,1
1625910,305.4,C20H19NO2,52.8,5.1,23,2,3,4,CCCC1=CC(=C(C=C1)O)N=CC2=C(C=CC3=CC=CC=C32)O,0,1
1628000,371.4,C17H13N3O5S,155,3.2,26,3,8,6,CC1=NC(=NN1)SC(=CC2=CC=C(O2)C3=CC=C(C=C3)C(=O)O)C(=O)O,0,1
1742917,326.4,C12H10N2O5S2,162,2.6,21,2,7,3,CCOC1=C(C=CC(=C1[N+](=O)[O-])C=C2C(=O)NC(=S)S2)O,0,1
1761880,276.4,C13H12N2OS2,86.2,2.6,18,0,4,2,CN1C(=O)C2=C(N=C1SCC#C)SC3=C2CCC3,0,1
1784152,312.5,C12H20N6S2,119,1,20,2,4,7,CCN1C(=NNC1=S)CCCCC2=NNC(=S)N2CC,0,1
1790669,402.3,C15H13Cl2N3O4S,125,3.9,25,3,5,4,CC1=C(C=CO1)C(=O)NNC(=S)NC(=O)COC2=C(C=C(C=C2)Cl)Cl,0,1
1791140,323.37,C14H17N3O4S,121,1.9,22,3,5,5,COC1=CC=C(C=C1)OCC(=O)NNC(=S)NC(=O)C2CC2,0,1
1834882,239.23,C14H9NO3,51.8,3,18,0,4,2,C1=CC=C(C=C1)C2=NOC(=O)C2=CC3=CC=CO3,0,1
1851480,318.4,C20H18N2O2,52.9,3.2,24,1,3,1,CC1=CC(N2C3=C1C=CC=C3C(=NC4=CC=C(C=C4)O)C2=O)(C)C,0,1
1872661,350.21,C16H16BrNO3,55.4,3.7,21,1,3,3,CC1=C(C=CC(=C1)NC(=O)C2=COC(=O)C(=C2)Br)C(C)C,0,1
1885341,327.4,C15H13N5O2S,128,1.7,23,3,5,3,C1=CC=C(C=C1)C=CC(=O)NC(=S)NNC(=O)C2=NC=CN=C2,0,1
1894136,281.3,C14H19NO5,79.2,1.1,20,2,6,6,C1COCCN1CCCOC(=O)C2=CC(=C(C=C2)O)O,0,1
1903391,356.4,C17H12N2O3S2,127,4.4,24,2,6,4,C1=CC=C(C=C1)NN2C(=O)C(=CC3=CC=C(C=C3)C(=O)O)SC2=S,0,1
1905936,370.5,C17H14N4O2S2,118,3.3,25,1,5,2,COC1=CC=C(C=C1)N2C(=O)C3=C(N4C2=NNC4=S)SC5=C3CCC5,0,1
1906043,262.29,C12H10N2O3S,94.6,1.5,18,1,4,2,CN1C(=O)C(=CC=CC2=CC=CO2)C(=O)NC1=S,0,1
1911770,322.3,C18H14N2O4,79.6,2.8,24,1,4,3,CC1=CC=C(C=C1)N2C(=O)C(=CC=CC3=CC=CO3)C(=O)NC2=O,0,1
1917167,359.5,C17H17N3O2S2,105,2.7,24,1,5,2,CN1CCC2=C(C1)SC3=C2C(=O)N(C(=S)N3)C4=CC=C(C=C4)OC,0,1
1933044,335.4,C14H13N3O3S2,140,3.1,22,3,5,3,COC1=CC=C(C=C1)C(=O)NNC(=S)NC(=O)C2=CC=CS2,0,1
1954262,381.4,C18H11N3O3S2,143,2.4,26,2,7,3,C1=CC2=NC(=CC3=C(N(C(=S)S3)C4=CC=CC(=C4)C(=O)O)O)N=C2C=C1,0,1
1959729,332.4,C20H16N2O3,59,3.3,25,0,4,2,CCC1=NC2=C(C(=O)C3=CC=CC=C3O2)C(=O)N1C4=CC=C(C=C4)C,0,1
1970378,323.3,C19H17NO4,55.8,3,24,0,4,4,CCOC=C1C2=CC=CC=C2C(=O)N(C1=O)C3=CC=C(C=C3)OC,0,1
1979036,314.4,C15H14N4O2S,115,2,22,3,4,3,C1=CC=C(C=C1)CC(=O)NNC(=S)NC(=O)C2=CN=CC=C2,0,1
2003392,386.9,C18H11ClN2O2S2,128,4.6,25,1,6,5,C1=CSC(=C1)C2=NC(=C(C(=C2)C3=CC=C(C=C3)Cl)C#N)SCC(=O)O,0,1
2025368,377.15,C14H9BrN4O4,135,2.2,23,3,7,3,CC1=C(C(=O)NC(=C1C#N)O)N=NC2=C(C=C(C=C2)Br)C(=O)O,0,1
2054727,343.4,C17H13NO3S2,118,3.8,23,2,5,3,C1=CC=C(C=C1)CN2C(=O)C(=CC3=CC(=C(C=C3)O)O)SC2=S,0,1
2121353,275.29,C10H9N7OS,138,1.9,19,2,7,3,C1=CC=C2C(=C1)C(=O)N(N=N2)CSC3=NNC(=N3)N,0,1
2121587,314.34,C17H18N2O4,98.7,1.8,23,4,4,6,C1=CC=C(C=C1)C(=O)NCC(=O)NCCC2=CC(=C(C=C2)O)O,0,1
2124611,321.78,C12H16ClNO5S,92.3,1.5,20,1,6,8,COCCCN(CC(=O)O)S(=O)(=O)C1=CC(=CC=C1)Cl,0,1
2125555,279.29,C16H13N3O2,67.1,3.6,21,1,5,3,COC1=CC=CC(=C1)N=NC2=C(C3=C(C=CC=N3)C=C2)O,0,1
2202307,336.34,C16H20N2O6,93.8,1.6,24,0,6,6,CCOC1=C(C=CC(=C1)C=C[N+](=O)[O-])OCC(=O)N2CCOCC2,0,1
2206707,376.5,C16H16N4O3S2,142,3.3,25,3,7,5,CC1=CC(=C(C=C1)C)S(=O)(=O)NC2=CC(=C(C=C2)O)SC3=NC=NN3,0,1
2208886,360.5,C19H28N4OS,72.2,3.3,25,1,4,6,CC(C)(C)C1=CC=C(C=C1)C2=NNC(=S)N2CCCN3CCOCC3,0,1
2218462,315.4,C18H21NO2S,63.6,3.5,22,1,3,8,COCCSC1=CC=CC=C1C(=O)NCCC2=CC=CC=C2,0,1
2218599,398.4,C14H14N4O6S2,190,1.9,26,1,10,8,COCCSC1=NN=C(S1)NC(=O)C2=CC(=CC(=C2)[N+](=O)[O-])C(=O)OC,0,1
2237594,314.8,C12H11ClN2O2S2,122,3.3,19,3,4,3,C1=CC=C2C(=C1)C(=C(S2)C(=O)NC(=S)NCCO)Cl,0,1
2237961,289.33,C15H19N3O3,83.7,3.5,21,1,4,6,CC1=C(C(=NN1)C)CCCCOC2=CC=C(C=C2)[N+](=O)[O-],0,1
2239331,225.31,C10H15N3OS,78.3,1,15,2,3,4,CC1=C(N=CC=C1)NC(=S)NCCOC,0,1
2241667,323.3,C19H17NO4,56.8,3.6,24,1,5,3,COC1=CC2=C(C=C1)C(=O)C(=CNC3=CC4=C(C=C3)OCO4)CC2,0,1
2248499,293.3,C18H15NO3,47.6,3.6,22,1,4,2,C1CC(=CNC2=CC3=C(C=C2)OCO3)C(=O)C4=CC=CC=C41,0,1
2258593,342.4,C17H14N2O4S,104,2.7,24,1,5,4,CCOC1=CC=CC(=C1)N2C(=O)C(=CC3=CC=CO3)C(=O)NC2=S,0,1
2300529,330.3,C16H11FN2O3S,94.6,2.9,23,1,5,2,CC1=CC=C(O1)C=C2C(=O)NC(=S)N(C2=O)C3=CC(=CC=C3)F,0,1
2314813,299.15,C10H7BrN2O2S,83.4,2.7,16,1,4,3,C1=CSC(=N1)NC(=O)C=CC2=CC=C(O2)Br,0,1
2317993,281.25,C10H7N3O5S,146,1,19,2,6,2,C1=CC=C(C(=C1)[N+](=O)[O-])SC2C(=O)NC(=O)NC2=O,0,1
2324824,381.5,C19H19N5O2S,120,3.3,27,3,4,3,CCN1C(=NC2=C1C=CC(=C2)C(=O)NNC(=S)NC(=O)C3=CC=CC=C3)C,0,1
2327119,239.32,C15H17N3,30.3,3.1,18,0,3,2,CN(C)C1=C2C(=C(C=C1)C#N)C=CC=C2N(C)C,0,1
2335552,341.77,C13H12ClN3O4S,107,1.5,22,1,6,4,COC1=CC=CC(=C1)NC(=O)C2=NC(=NC=C2Cl)S(=O)(=O)C,0,1
2370673,299.32,C17H17NO4,59.8,2.3,22,0,4,7,CN(CC1=CC=CC=C1)C(=O)COC(=O)C=CC2=CC=CO2,0,1
2373391,285.4,C16H19N3S,68.2,4.5,20,3,2,3,CC1=CC(=CC=C1)NNC(=S)NC2=C(C=CC=C2C)C,0,1
2376254,233.29,C11H11N3OS,68,2,16,0,3,1,CC1=CC=C(C=C1)C(=O)N2C(=S)N(C=N2)C,0,1
2377980,296.28,C16H12N2O4,78.4,2.3,22,0,6,6,C1=CC=C(C=C1)C2=NN=C(O2)COC(=O)C=CC3=CC=CO3,0,1
2386629,270.31,C14H10N2O2S,81.3,3.2,19,0,5,4,C1=CC=C2C(=C1)C(=NC=N2)SCC(=O)C3=CC=CO3,0,1
2389630,328.7,C17H13ClN2O3,93.4,3,23,3,4,4,C1=CC(=CC=C1CNC(=O)C(=CC2=CC(=C(C=C2)O)O)C#N)Cl,0,1
2396090,292.4,C19H20N2O,36.4,3.4,22,1,3,5,CCN(CC1=CC=NC=C1)CC2=C(C=CC3=CC=CC=C32)O,0,1
2407524,412.4,C23H24O7,94.4,3.7,30,2,7,6,COC1=CC(=CC(=C1O)OC)C=C2CCC(=CC3=CC(=C(C(=C3)OC)O)OC)C2=O,0,1
2417513,258.399,C13H10N2S2,79.3,3.7,17,0,4,3,C1=CC=C2C(=C1)N=C(S2)CSC3=CC=CC=N3,0,1
2427882,333.72,C15H12ClN3O4,111,1.4,23,2,5,6,C1=CC(=CC=C1C(=O)N)NC(=O)COC(=O)C2=CN=C(C=C2)Cl,0,1
2454984,324.4,C18H20N4S,63,4,23,1,3,5,CCN(CC)C1=CC=C(C=C1)C2=NNC(=S)N2C3=CC=CC=C3,0,1
2465035,346.8,C20H15ClN4,50.7,4.6,25,1,4,4,C1=CC=C2C(=C1)C(=NC(=N2)C3=CN=CC=C3)NCC4=CC(=CC=C4)Cl,0,1
2469443,330.72,C16H11ClN2O4,78.4,2.9,23,0,6,6,C1=COC(=C1)C=CC(=O)OCC2=NN=C(O2)C3=CC=C(C=C3)Cl,0,1
2480244,307.4,C20H21NO2,32.7,4.1,23,1,3,5,CN(CC1=CC=C(C=C1)OC)CC2=C(C=CC3=CC=CC=C32)O,0,1
2480569,337.3,C18H11NO6,94.4,2.9,25,1,7,3,C1OC2=C(O1)C=C(C=C2)C3=NC(=CC4=CC=C(C=C4)C(=O)O)C(=O)O3,0,1
2484138,286.4,C15H14N2O2S,66.7,3.1,20,0,5,2,C1COCCN1C2=NC(=CS2)C3=CC4=CC=CC=C4O3,0,1
2516747,340.4,C15H14F2N2OS2,92.9,4.4,22,2,5,4,CN(C1=CC=C(C=C1)O)C(=S)NC2=CC=C(C=C2)SC(F)F,0,1
2531134,349.4,C22H23NO3,39.7,5,26,1,4,7,COC1=CC(=CC(=C1OC)OC)NC(C2=CC=CC=C2)C3=CC=CC=C3,0,1
2543155,298.73,C15H11ClN4O,66.9,4.2,21,2,4,3,C1=CC=C2C(=C1)C(=NC=N2)NNC(=O)C3=CC(=CC=C3)Cl,0,1
2556847,321.4,C15H19N3O3S,88.6,0.7,22,2,4,5,CC1=CC=C(N1C)CNS(=O)(=O)C2=CC=C(C=C2)NC(=O)C,0,1
2604242,319.64,C12H6ClF4N3O,54,3.4,21,2,7,3,C1=CC(=NC=C1C(=O)NNC2=C(C(=CC(=C2F)F)F)F)Cl,0,1
2726113,217.29,C11H11N3S,91.7,0.5,15,1,3,2,CC1=C(C(=S)NC(=C1CCC#N)C)C#N,0,1
2726567,285.25,C11H6F3N3OS,90.2,3,19,2,7,2,C1=CC=C(C(=C1)C(F)(F)F)NC2=C(C(=O)NS2)C#N,0,1
2726660,252.29,C11H12N2O3S,105,1,17,3,4,3,C1C(=O)N(C(=S)N1)CCC2=CC(=C(C=C2)O)O,0,1
2732963,329.7,C17H12ClNO4,83.5,2.8,23,2,4,3,C1=CC=C(C(=C1)CC(=O)NC2(C(=O)C3=CC=CC=C3C2=O)O)Cl,0,1
2733001,288.4,C15H16N2O2S,97.1,3.4,20,1,4,4,CC1=CC=C(C=C1)C(C[N+](=O)[O-])SC2=CC=C(C=C2)N,0,1
2741159,269.27,C15H12FN3O,60.7,4.3,20,2,4,2,CC1=CC=C(C=C1)N=NC2=C(NC3=C2C=C(C=C3)F)O,0,1
2742152,228.31,C10H16N2O2S,89.5,0.5,15,3,3,4,CC(C)(CO)NC(=S)NCC1=CC=CO1,0,1
2743870,285.3,C8H7N5O3S2,157,2,18,1,7,4,C=CCN1C(=O)NN=C1SC2=NC=C(S2)[N+](=O)[O-],0,1
2797460,288.16,C9H7Cl2N5S,86.9,2.3,17,2,3,2,C1=CC(=C(C=C1Cl)NC(=S)NN2C=NN=C2)Cl,0,1
2799461,326.4,C11H10N4O4S2,165,1.3,21,2,8,4,C1=CC=NC(=C1)SC2=C(C=C(C=C2)S(=O)(=O)NN)[N+](=O)[O-],0,1
2807234,367.4,C13H9N3O4S3,181,3.2,23,1,8,3,C1=CC=C2C(=C1)N=C(S2)SC3=C(C=C(C=C3)S(=O)(=O)N)[N+](=O)[O-],0,1
2810061,278.3,C11H6N2O3S2,125,2.5,18,1,6,2,C1=COC(=C1)C(=O)NC2=NC3=C(C(=O)S2)SC=C3,0,1
2810212,309.8,C14H16ClN3OS,82.3,4.8,20,2,4,4,CC(C)(C)C1=CSC(=N1)NNC(=O)C2=CC=C(C=C2)Cl,0,1
2810379,309.3,C18H15NO4,83.5,3,23,2,4,2,CC1=C(C=C(C=C1)C(=O)NC2(C(=O)C3=CC=CC=C3C2=O)O)C,0,1
2811009,287.2,C11H8Cl2N2OS,69.4,4.3,17,2,3,3,C1=CSC(=C1)C(=O)NNC2=C(C=CC(=C2)Cl)Cl,0,1
2811327,288.77,C16H17ClN2O,41.1,4.9,20,2,2,4,CCC1=CC=C(C=C1)C(=O)NNC2=CC(=C(C=C2)C)Cl,0,1
2811329,279.72,C13H14ClN3O2,67.2,3.3,19,2,4,3,CC1=C(C=C(C=C1)NNC(=O)C2=C(ON=C2C)C)Cl,0,1
2811331,266.75,C12H11ClN2OS,69.4,4.1,17,2,3,3,CC1=C(C=C(C=C1)NNC(=O)C2=CC=CS2)Cl,0,1
2811807,331.8,C11H10ClN3O3S2,138,2.3,20,3,6,4,C1=CC(=CC=C1NNC(=O)C2=C(C=CS2)Cl)S(=O)(=O)N,0,1
2812151,208.23,C11H13FN2O,41.1,2.5,15,2,3,3,C1CC(C1)C(=O)NNC2=CC=CC=C2F,0,1
2812370,231.25,C12H13N3O2,67.2,2.6,17,2,4,3,CC1=CC(=C(C=C1)NNC(=O)C2=CC=NO2)C,0,1
2812426,336.4,C20H21FN4,35.2,3.4,25,1,4,4,C1CN(CCN1CC2=C(NN=C2)C3=CC=CC=C3)C4=CC=C(C=C4)F,0,1
2812483,245.28,C13H15N3O2,67.2,3,18,2,4,3,CC1=C(C=C(C=C1)NNC(=O)C2=NOC(=C2)C)C,0,1
2812487,218.29,C13H18N2O,41.1,3.1,16,2,2,3,CC1=C(C=C(C=C1)NNC(=O)C2CCC2)C,0,1
2812498,362.5,C22H26N4O,59,5.4,27,2,3,6,CC1=CC=C(C=C1)NNC(=O)C2=CC(=NN2CC3=CC=CC=C3)C(C)(C)C,0,1
2812763,285.29,C16H15NO4,86.6,1.6,21,3,4,5,C1=CC=C(C=C1)C(CNC(=O)C2=CC=CC=C2C(=O)O)O,0,1
2813088,290.39,C14H18N4OS,95.2,4,20,2,5,4,CC1=C(SN=N1)C(=O)NNC2=CC=C(C=C2)C(C)(C)C,0,1
2813221,334.4,C14H18N6O2S,93.4,1,23,1,6,4,CN1C=C(N=C1)S(=O)(=O)NC2=NN(C3=C2C(=CC=C3)N(C)C)C,0,1
2813253,311.4,C16H13N3O2S,85.4,2.5,22,1,4,3,C1CSC2=NC(=CN21)C3=CC=C(C=C3)NC(=O)C4=CC=CO4,0,1
2813585,373.8,C14H16ClN3O5S,111,1.7,24,0,8,5,CCOC(=O)C1CCN(CC1)S(=O)(=O)C2=C(C=CC3=NON=C32)Cl,0,1
2813615,309.32,C16H15N5O2,87.5,2.7,23,3,3,2,CC1=C(N2C=CC=CC2=N1)C(=O)NNC(=O)NC3=CC=CC=C3,0,1
2814788,383.8,C16H14ClNO6S,130,3.3,25,2,7,8,COC(=O)C1=C(C=C(S1)C2=CC=C(C=C2)Cl)NC(=O)COCC(=O)O,0,1
2815107,399.5,C17H17N7OS2,154,1.7,27,3,6,5,CN1C(=NN=C1SCC(=O)NNC(=S)NC2=CC=CC=C2)C3=CC=NC=C3,0,1
2816129,317.4,C14H15N5S2,127,3,21,2,5,3,CC1=CC(=NC2=C1C(=C(S2)C3=NNC(=S)N3CC=C)N)C,0,1
2816630,381.5,C18H11N3OS3,127,5.1,25,0,6,2,C1C(=NN2C(=O)C3=C(N=C2S1)SC(=C3)C4=CC=CC=C4)C5=CC=CS5,0,1
2819095,279.4,C13H13NO2S2,101,3,18,0,5,5,COC1=CC=CC(=C1)C(=O)C(=C(SC)SC)C#N,0,1
2821484,281.4,C12H15N3OS2,94.2,2.3,18,1,4,6,CN1C(=NNC1=S)CSCCOC2=CC=CC=C2,0,1
2823650,308.3,C18H16N2O3,63.4,3.8,23,2,3,3,CCC1=CC2=C(C=C1)NC(=C2)C(=O)NC3=CC4=C(C=C3)OCO4,0,1
2827527,189.28,C11H11NS,35.3,2.5,13,0,1,0,CC1=CC2=C(C=C1)N(C(=S)C=C2)C,0,1
2835326,306.27,C14H14N2O6,110,1,22,0,6,5,CCOC(=O)CN1C(=O)CC(C1=O)C2=CC=C(C=C2)[N+](=O)[O-],0,1
2863955,348.31,C16H16N2O7,120,1.3,25,1,7,4,CCOC(=O)C1=C(NC(=O)CC1C2=CC3=C(C=C2[N+](=O)[O-])OCO3)C,0,1
2865744,300.29,C10H12N4O5S,147,-0.6,20,2,7,3,C1CC(=O)N(C1)C2=C(C=C(C=C2)S(=O)(=O)NN)[N+](=O)[O-],0,1
2886102,341.5,C17H27NO4S,86.2,NULL,23,2,5,0,CC1(CCN2CCC(C3=C(C=CC1=C32)O)(C)C)C.CS(=O)(=O)O,0,2
2887106,292.36,C14H16N2O3S,118,2.6,20,2,5,4,C1CCC2=C(CC1)SC(=C2C#N)NC(=O)CCC(=O)O,0,1
2887176,268.33,C12H16N2O3S,110,2.6,18,2,4,3,CC1CCC2=C(C1)SC(=C2C(=O)N)NC(=O)OC,0,1
2932429,296.32,C17H16N2O3,74.9,3.3,22,1,3,3,CC1=CC(=C(C=C1)NC(=O)C2CC2C3=CC=CC=C3)[N+](=O)[O-],0,1
2971096,333.4,C14H11N3O3S2,126,2.6,22,1,7,4,CC(=O)C1=CC=CC=C1NS(=O)(=O)C2=CC=CC3=NSN=C32,0,1
2975130,290.4,C16H22N2OS,73.2,3.6,20,2,2,4,C1CCC(CC1)NC(=O)C(=S)NCCC2=CC=CC=C2,0,1
2981070,314.34,C17H18N2O4,71.8,0.8,23,1,4,5,COC1=CC=C(C=C1)N2CC(CC2=O)C(=O)NCC3=CC=CO3,0,1
2993972,330.8,C18H19ClN2O2,41.6,4,23,1,3,5,C1CCN(C1)C2=CC=C(C=C2)NC(=O)COC3=CC=CC=C3Cl,0,1
3090179,342.7,C11H14Cl3N3OS,80.2,3.8,19,1,4,4,CC(C)(C)C(=O)NC(C(Cl)(Cl)Cl)SC1=NC=NC=C1,0,1
3091340,265.31,C16H15N3O,60.7,4.5,20,2,3,2,CC1=CC2=C(C=C1)NC(=C2N=NC3=CC=CC=C3C)O,0,1
3097913,317.21,C12H7N5O6,163,2.6,23,2,9,2,C1=CC(=CC=C1NC2=C(C=C(C3=NON=C23)[N+](=O)[O-])[N+](=O)[O-])O,0,1
3099740,240.26,C14H12N2O2,63.4,1.8,18,1,3,1,CCN1C(=O)C2=C3C(=C(C=C2)N)C=CC=C3C1=O,0,1
3101792,265.31,C16H15N3O,49.9,4.1,20,1,3,2,CC1=CC=CC=C1N=NC2=C(N(C3=CC=CC=C32)C)O,0,1
3104627,277.4,C15H23N3S,59.4,4.5,19,2,2,6,CCCCCCC1(NC(=S)N(N1)C2=CC=CC=C2)C,0,1
3108930,293.34,C14H15NO4S,78.7,1.6,20,0,4,5,C1=CC=C(C=C1)OC2=CC=[N+](C=C2)CCCS(=O)(=O)[O-],0,1
3115970,358.4,C18H18N2O4S,98.9,3.5,25,1,6,8,COC1=CC=CC=C1OCCN2C3=CC=CC=C3N=C2SCC(=O)O,0,1
3124665,330.5,C17H18N2OS2,80.9,4.6,22,0,4,3,CCCN1C(=O)C(=C2C=CC3=CC=CC=C3N2CC)SC1=S,0,1
3132896,315.3,C15H13N3O3S,123,2.8,22,4,4,2,C1=CC=C(C=C1)C(=O)NC(=S)NNC(=O)C2=CC=C(C=C2)O,0,1
3147120,320.4,C21H24N2O,36.4,3,24,1,3,4,C1CCCN(CC1)CC#CC(C2=CC=CC=C2)(C3=CN=CC=C3)O,0,1
3147185,348.4,C20H24N6,109,3.8,26,4,4,7,C1=CC2=C(C=C1N)NC(=N2)CCCCCCC3=NC4=C(N3)C=C(C=C4)N,0,1
3157951,325.4,C18H19N3O3,71.6,2.6,24,3,4,7,COC1=C(C=CC(=C1)CNC2=CC3=C(C=C2)NC(=O)N3)OCC=C,0,1
3173038,292.8,C14H13ClN2OS,70.2,3,19,1,3,3,C1CC2=C(C3=CC=CC=C31)N=C(S2)NC(=O)CCCl,0,1
3323342,304.5,C16H24N4S,81.4,3.1,21,2,3,3,CC(C)(C)C1CCC(=NNC(=S)NC2=CN=CC=C2)CC1,0,1
3343493,296.3,C15H13FN6,94.6,3.1,22,2,6,3,C1=CC=C(C=C1)N2C(=C(C(=N2)N)N=NC3=CC(=CC=C3)F)N,0,1
3435709,255.43,C13H25N3S,59.4,3.5,17,2,2,3,CC1CCCC2(C1)NC(=S)N(N2)CCC(C)C,0,1
3442697,310.3,C18H18N2O3,68.3,2.7,23,1,4,6,C=CCNC(=O)COC(=O)C1=C2CCCC2=NC3=CC=CC=C31,0,1
3510920,315.12,C11H11BrN2O4,84.5,0.6,18,2,4,2,CC1(CC1Br)C(=O)NNC(=O)C2=COC(=O)C=C2,0,1
3516456,324.72,C12H13ClN6O3,142,2.9,22,4,8,5,C1=CC(=CC=C1NC2=NC(=C(C(=N2)NCCO)[N+](=O)[O-])N)Cl,0,1
3516620,510.7,C26H30N4O3S2,123,4.9,35,3,6,7,CC1=C(C(=CC=C1)NC(=S)NC2=C(C=CC(=C2)S(=O)(=O)NC3=CC=C(C=C3)OC)N4CCCC4)C,0,1
3580168,285.4,C15H15N3OS,78.6,4,20,1,4,4,CCCCC1=NC2=CC=CC=C2C(=C1)C3=NNC(=S)O3,0,1
3624880,324.27,C11H8N4O6S,161,1.1,22,1,9,3,C1COC(=CO1)C2=NN=C(O2)NC(=O)C3=CC=C(S3)[N+](=O)[O-],0,1
3626171,279.4,C18H21N3,29.8,4,21,1,2,5,CCC1=CC=C(C=C1)CNC2=CC3=C(C=C2)N(C=N3)CC,0,1
3688004,383.6,C22H29N3OS,68.6,4.9,27,2,3,6,CCC1=CC=CC(=C1NC(=S)NCC2CCN(C2)C3=CC=C(C=C3)OC)C,0,1
3707540,351.5,C16H21N3O2S2,143,4.5,23,2,7,4,CC(C)(C)C1CCC2=C(C1)SC3=NC(=NC(=C23)N)SCC(=O)O,0,1
3774232,281.3,C14H19NO5,88.8,-0.7,20,2,6,10,CC(=C)CCOC(=O)C(CC(=O)O)NCC1=CC=CO1,0,1
3786263,332.36,C15H20N6O3,131,4.3,24,3,8,6,CCC(C)NC1=NC(=C(C(=N1)NC2=CC=CC=C2OC)[N+](=O)[O-])N,0,1
3918587,342.4,C17H22N6O2,104,3.9,25,1,7,3,CN(C1=CC=CC=C1)C2=NC(=C(C(=N2)N3CCCCCC3)[N+](=O)[O-])N,0,1
3940993,354.32,C17H14N4O5,136,0.9,26,2,8,4,CC1=C(C(=O)N(C(=C1C#N)O)CCO)N=NC2=CC3=C(C=C2)C(=O)OC3,0,1
3984289,359.4,C17H17N3O4S,120,1.5,25,2,5,4,C1CCN(C1)C(=O)COC2=CC=C(C=C2)C=C3C(=O)NC(=S)NC3=O,0,1
4026242,350.4,C20H18N2O2S,76.8,4.4,25,2,3,4,CN(C1=CC=C(C=C1)O)C(=S)NC2=CC=C(C=C2)OC3=CC=CC=C3,0,1
4035953,326.4,C13H18N4O2S2,114,2,21,2,5,6,CCCN1C(=NNC1=S)C(C)NS(=O)(=O)C2=CC=CC=C2,0,1
4042848,328.4,C20H16N4O,80,4.5,25,3,4,3,C1=CC=C2C(=C1)C(=C3C=CC=CC3=N2)NNC(=O)C4=CC=CC=C4N,0,1
4083983,327.4,C18H17NO3S,71.9,3.7,23,0,4,4,CCN1C2=C(C=CC(=C2)C(=O)OCC)SC3=CC=CC=C3C1=O,0,1
4122157,330.4,C18H19FN2O3,64,2.7,24,2,6,4,C1CN(CCN1CC(=O)C2=CC(=C(C=C2)O)O)C3=CC=CC=C3F,0,1
4127597,278.4,C6H6N4OS4,174,2,15,2,7,3,C1C(=NNC(=O)S1)CSC2=NNC(=S)S2,0,1
4171246,317.5,C18H27N3S,68.5,4.4,22,2,2,6,CCCC1CCC(=NNC(=S)NCCC2=CC=CC=C2)CC1,0,1
4177514,290.4,C13H14N4S2,101,2.9,19,1,4,5,C=CCN(CC=C)C(=S)NC1=CC2=NSN=C2C=C1,0,1
4195720,532.5,C24H26BrN3O4S,96.1,4.8,33,2,6,9,CCN(CC)C1=C(C=C(C=C1)NC(=O)C2=CC=CC=C2Br)S(=O)(=O)NC3=CC=CC=C3OC,0,1
4356619,327.4,C17H13NO4S,123,2.7,23,2,6,4,C1=CC=C2C(=C1)C(=O)C3=C(C2=O)C(=C(C=C3)SCCC(=O)O)N,0,1
4393712,340.4,C19H20N2O4,66.4,2.5,25,0,4,7,CC1=CC(=C(N1CC2=CC=CO2)C)C(=O)COC(=O)C3=CC=CN3C,0,1
4396771,361.4,C16H23N7O3,134,3.3,26,3,9,8,CN(C)CCCNC1=NC(=C(C(=N1)NC2=CC=CC=C2OC)[N+](=O)[O-])N,0,1
4407879,250.36,C13H18N2OS,73.2,2.6,17,2,2,2,C1CCCC(CC1)NC(=O)C2=CC=CNC2=S,0,1
4428875,251.28,C15H13N3O,60.7,4.2,19,2,3,2,CC1=C2C(=CC=C1)C(=C(N2)O)N=NC3=CC=CC=C3,0,1
4432459,279.29,C16H13N3O2,67.1,3.8,21,1,5,3,COC1=CC=CC(=C1)N=NC2=C3C=CC=NC3=C(C=C2)O,0,1
4454203,267.25,C16H10FNO2,46.2,2.8,20,1,4,2,C1=CC=C2C(=C1)C(=CC(=O)C2=O)NC3=CC=C(C=C3)F,0,1
4458964,283.78,C12H14ClN3OS,67.7,1.9,18,1,3,3,CN(C)CCN1C(=O)C2=C(C=CC(=C2)Cl)NC1=S,0,1
4463708,303.15,C14H11BrN2O,33.6,3.4,18,1,2,2,C1=CC=C(C=C1)C2=NC(ON2)C3=CC=CC=C3Br,0,1
4559736,254.24,C13H10N4O2,101,2.1,19,2,4,1,C1=CC=NC(=C1)C2=C(NC3=C2C=CC(=C3)[N+](=O)[O-])N,0,1
4652205,331.31,C14H9N3O5S,137,2.6,23,0,6,2,C1=CC=C(C=C1)CN2C(=O)C3=C(C=C(C=C3S2)[N+](=O)[O-])[N+](=O)[O-],0,1
4657144,315.32,C17H17NO5,88,2.3,23,3,5,4,C1C(OC2=CC=CC=C2O1)C(=O)NCCC3=CC(=C(C=C3)O)O,0,1
4661102,324.36,C13H16N4O4S,116,1.1,22,1,6,1,C1CCC2=NS(=O)(=O)NC(N2CC1)C3=CC=C(C=C3)[N+](=O)[O-],0,1
4773837,352.8,C15H13ClN2O4S,112,1.7,23,2,5,3,CC1=C(N2C(C(C2=O)NC(=O)C3=CC=CC=C3Cl)SC1)C(=O)O,0,1
4791029,287.36,C16H21N3O2,58.4,2.9,21,1,4,5,CCN(CC)C1=CC=C(C=C1)NC(=O)C2=C(ON=C2C)C,0,1
4795510,300.31,C15H16N4O3,85.4,2.4,22,1,6,2,C1CN(CCN1C2=CC=C(C=C2)O)C3=CN=C(C=C3)[N+](=O)[O-],0,1
4826888,301.4,C16H19N3OS,78.2,3.7,21,2,4,6,CCC1=C2C(=CC=C1)C(=CN2)C3=CSC(=N3)NCCOC,0,1
4852309,361.4,C23H23NO3,47.6,4.7,27,1,3,6,CC1=C(C=C(C=C1OC)C(=O)NC(C2=CC=CC=C2)C3=CC=CC=C3)OC,0,1
4880083,350.9,C17H19ClN2O2S,90.5,4.9,23,2,5,5,C1CCC(CC1)NC2=NC(=C(S2)CC(=O)O)C3=CC=C(C=C3)Cl,0,1
4882475,264.35,C12H16N4OS,84.6,2.7,18,1,4,5,CC(C)CNC(=O)CSC1=NN=C2N1C=CC=C2,0,1
4887374,285.3,C14H15N5O2,88.9,1.6,21,2,5,2,CC1=C(C=C(C=C1)NC(=O)C2CC(=O)N3C(=NC=N3)N2)C,0,1
4891899,277.4,C17H27NO2,30.5,4.5,20,1,3,8,CCNCCC(CCC(C)C)C1=CC2=C(C=C1)OCO2,0,1
4963862,259.69,C14H10ClNO2,46.3,4,18,1,3,1,CC1=C(C=CC(=C1)C2=C3C=C(C=CC3=NO2)Cl)O,0,1
5072004,347.4,C18H21NO4S,80.8,2.2,24,1,4,7,CCC1=CC=CC=C1NC(=O)CCS(=O)(=O)C2=CC=C(C=C2)OC,0,1
5105556,542.4,C22H25BrNO6PS,107,4.1,32,1,7,8,CC(C)OP(=O)(C1(C=C(C(=O)C2=CC=CC=C21)Br)NS(=O)(=O)C3=CC=CC=C3)OC(C)C,0,1
5177596,218.28,C10H10N4S,91.9,3.1,15,1,5,2,CC1=CC(=CC=C1)N=NC2=CN=C(S2)N,0,1
5202474,305.8,C14H12ClN3OS,85.2,3.3,20,3,2,2,C1=CC=C(C=C1)C(=O)NNC(=S)NC2=CC=C(C=C2)Cl,0,1
5216133,451.1,C17H13Br2N3O2,53,2.6,24,0,4,2,CC1=C(C(=O)N(N1C)C2=CC=CC=C2)N=C3C=C(C(=O)C(=C3)Br)Br,0,1
5218417,286.2,C14H17Cl2NO,20.3,4.2,18,0,2,3,CC1CCCN(C1)CC(=O)C2=CC(=C(C=C2)Cl)Cl,0,1
5293677,353.4,C23H19N3O,45.6,3.8,27,0,3,5,C1=CC=C(C=C1)CCN2C(=NC3=CC=CC=C3C2=O)C=CC4=CN=CC=C4,0,1
5301279,318.8,C14H11ClN4OS,88.2,3.4,21,1,6,4,COC1=C(C=C(C=C1)NC2=NN=C(S2)C3=CC=NC=C3)Cl,0,1
5331827,317.4,C18H27N3O2,53.9,3.3,23,1,4,6,CCOC1=CC=C(C=C1)C=NNC(=O)CN2CCCCCCC2,0,1
5368602,283.4,C16H17N3S,59.7,3,20,1,1,4,C=CCNC(=S)N=C1C=CC=CN1CC2=CC=CC=C2,0,1
5385994,221.32,C11H15N3S,76,2.1,15,1,3,4,CC(=NN=C(N)SCC1=CC=CC=C1)C,0,1
5394887,247.25,C13H13NO4,57.1,1.8,18,0,5,3,CC1=NC(=CC2=CC(=C(C=C2)OC)OC)C(=O)O1,0,1
5406586,298.4,C16H18N4S,94.5,3.1,21,3,3,3,CC1=CC=C(C=C1)NC(=S)NN=C(C)C2=CC(=CC=C2)N,0,1
5454863,370.4,C19H18N2O4S,101,4.1,26,1,6,7,CC1=C(SC=C1)C(=O)NN=CC2=CC=C(O2)COC3=CC=C(C=C3)OC,0,1
5568081,269.4,C11H15N3OS2,84.2,1.5,17,0,4,1,CN1CCSC1=CC=C2C(=O)N(C(=S)N2C)C,0,1
5662106,257.29,C14H15N3O2,54,2.7,19,0,3,3,CN(C)C1=CC=C(C=C1)N2C=CC=C2C=C[N+](=O)[O-],0,1
5714039,284.71,C16H10ClFN2,25.8,4.2,20,0,3,2,C1=CC=C2C(=C1)N=CC(=N2)C=CC3=C(C=CC=C3Cl)F,0,1
5750547,237.23,C10H7NO4S,112,1.5,16,3,5,1,C1=CC(=C(C=C1O)O)C=C2C(=O)NC(=O)S2,0,1
5765236,340.4,C19H20N2O4,82.8,1.8,25,2,4,5,C1CC(N(C1)C(=O)C(=CC2=CC=CO2)NC(=O)C3=CC=CC=C3)CO,0,1
5844273,356.29,C16H12N4O6,150,2.9,26,1,8,5,CC1=C(C(=NO1)C2=CC=CC=C2)C(=O)ON=C(C3=CC=C(O3)[N+](=O)[O-])N,0,1
5851320,315.4,C16H17N3O2S,91.8,4.1,22,1,6,5,CCOC(=O)C1=CSC(=N1)NN=C2CCCC3=CC=CC=C32,0,1
5854931,280.28,C12H16N4O4,116,4.3,20,1,6,4,CC(C)CC(=NNC1=C(C=C(C=C1)[N+](=O)[O-])[N+](=O)[O-])C,0,1
5865130,347.4,C20H17N3O3,91.1,2.1,26,2,5,4,CC1=NC2=CC=CC=C2N=C(C1C3=CC=CC=C3)NC(=O)C=CC(=O)O,0,1
5879880,324.29,C13H16N4O6,142,4,23,1,8,6,CCOC(=O)C(C)C(=NNC1=C(C=C(C=C1)[N+](=O)[O-])[N+](=O)[O-])C,0,1
5953874,277.3,C11H7N3O2S2,124,2.5,18,1,6,2,C1=COC(=C1)C=C2C(=O)N(C(=N)S2)C3=NC=CS3,0,1
6111717,396.4,C21H17FN2O3S,83.6,3.8,28,2,5,6,C1=CC=C(C=C1)C=CC(=O)NC2=CC(=CC=C2)S(=O)(=O)NC3=CC=CC=C3F,0,1
6213986,288.68,C14H9ClN2O3,75.8,3.1,20,0,4,3,C1=CC(=CN=C1)C(=O)C=CC2=CC(=C(C=C2)Cl)[N+](=O)[O-],0,1
6370803,408.8,C15H9ClN4O4S2,169,4,26,1,9,6,COC(=O)C1=C(C(=CS1)C#N)NN=C(C#N)S(=O)(=O)C2=CC=C(C=C2)Cl,0,1
6373654,453.9,C18H16ClN3O5S2,162,4.6,29,1,9,8,CC(C)S(=O)(=O)C1=CSC(=C1NN=C(C#N)C(=O)C2=CC=C(C=C2)Cl)C(=O)OC,0,1
6409921,296.3,C16H13FN4O,66.9,2.2,22,2,4,2,CC1=CC2=C(C=CC=C2NC(=O)NC3=CC=C(C=C3)F)N=N1,0,1
6465307,321.32,C16H19NO6,94.1,0.8,23,2,6,5,COC1=CC(=C(C=C1)NC(=O)C2C3CCC(C2C(=O)O)O3)OC,0,1
6471824,353.5,C22H27NO3,38.8,4.5,26,0,3,6,CC(C(=O)N1CCC(CC1)CC2=CC=CC=C2)OC3=CC=CC=C3OC,0,1
6484054,311.36,C17H18FN5,55.1,3.7,23,1,5,4,C1CCC2=NC3=NC=NN3C(=C2C1)NCCC4=CC=CC=C4F,0,1
6490609,334.4,C16H18N2O4S,106,3,23,1,6,7,CCOC(=O)C1=C(N=C(S1)NC(=O)CC2=CC=CC=C2OC)C,0,1
6492817,278.29,C11H10N4O3S,133,0.9,19,3,6,5,C1=CC(=CC(=C1)NC(=O)CSC2=NNN=C2)C(=O)O,0,1
6492819,294.29,C11H10N4O4S,154,1.1,20,4,7,5,C1=CC(=C(C=C1NC(=O)CSC2=NNN=C2)C(=O)O)O,0,1
6493257,341.4,C12H11N3O5S2,159,2.2,22,1,7,5,C1=CC=C(C=C1)S(=O)(=O)CCC(=O)NC2=NC=C(S2)[N+](=O)[O-],0,1
6493283,349.4,C16H19N3O4S,111,3.3,24,1,7,7,CCC(CC)C1=NN=C(S1)NC(=O)COC2=CC3=C(C=C2)OCO3,0,1
6497506,376.5,C18H24N4O3S,117,3,26,1,6,5,CCC(C)(C)C1=NN=C(S1)NC(=O)C2CCN(CC2)C(=O)C3=CC=CO3,0,1
6537573,331.7,C16H10ClNO5,89.1,3.1,23,1,6,3,CC1=NOC(=O)C1=CC2=CC=C(O2)C3=CC(=C(C=C3)Cl)C(=O)O,0,1
6619217,312.28,C16H12N2O5,94.6,2.7,23,1,6,5,COC(=O)C1=CC=CC=C1NC(=O)C2=NOC(=C2)C3=CC=CO3,0,1
6858318,281.34,C14H11N5S,85,2.2,20,1,4,3,C1=CC=C(C=C1)C=NN2C(=NNC2=S)C3=CN=CC=C3,0,1
6858351,284.34,C14H12N4OS,85.2,3,20,1,4,3,CC1=CC=C(C=C1)C=NN2C(=NNC2=S)C3=CC=CO3,0,1
6858775,315.8,C14H10ClN5S,85,2.8,21,1,4,3,C1=CC=C(C(=C1)C=NN2C(=NNC2=S)C3=CC=NC=C3)Cl,0,1
6858875,314.5,C17H22N4S,72.1,4.5,22,1,3,4,CCC1=CC=C(C=C1)C=NN2C(=NNC2=S)C3CCCCC3,0,1
6859249,300.4,C16H20N4S,72.1,4.1,21,1,3,3,CC1=CC=CC=C1C=NN2C(=NNC2=S)C3CCCCC3,0,1
6859330,320.8,C15H17ClN4S,72.1,4.3,21,1,3,3,C1CCC(CC1)C2=NNC(=S)N2N=CC3=CC=CC=C3Cl,0,1
6859343,295.4,C15H13N5S,85,2.9,21,1,4,3,CC1=CC=CC=C1C=NN2C(=NNC2=S)C3=CC=CC=N3,0,1
6860666,288.33,C12H12N6OS,114,2.1,20,2,5,3,CC1=CC=C(O1)C=NN2C(=NNC2=S)C3=NNC(=C3)C,0,1
6860704,370.4,C17H18N6O2S,119,2.5,26,2,6,5,COC1=CC=CC(=C1OC)C=NN2C(=NNC2=S)C3=NNC4=C3CCC4,0,1
6860789,340.4,C16H16N6OS,110,2.6,24,2,5,4,COC1=CC=C(C=C1)C=NN2C(=NNC2=S)C3=NNC4=C3CCC4,0,1
6860792,355.3,C15H16Cl2N4S,72.1,4.9,22,1,3,3,C1CCC(CC1)C2=NNC(=S)N2N=CC3=C(C=CC=C3Cl)Cl,0,1
6860820,354.4,C16H17F3N4S,72.1,4.6,24,1,6,3,C1CCC(CC1)C2=NNC(=S)N2N=CC3=CC=CC=C3C(F)(F)F,0,1
6860838,324.4,C17H16N4OS,81.3,3.7,23,1,4,5,CC1=CC(=CC=C1)C=NN2C(=NNC2=S)COC3=CC=CC=C3,0,1
6860840,360.8,C14H9ClN6O2S,131,2.7,24,1,6,3,C1=CC(=C(C=C1[N+](=O)[O-])C=NN2C(=NNC2=S)C3=CC=NC=C3)Cl,0,1
6861279,360.4,C17H20N4O3S,119,3.3,25,2,6,6,C1CCC(CC1)C2=NNC(=S)N2N=CC3=CC=CC=C3OCC(=O)O,0,1
6864507,310.4,C16H14N4OS,85.2,3.2,22,1,4,4,CC1=CC=CC=C1C2=NNC(=S)N2N=CC=CC3=CC=CO3,0,1
6864889,314.37,C14H14N6OS,110,2.3,22,2,5,4,CC1=CC(=NN1)C2=NNC(=S)N2N=CC3=CC=C(C=C3)OC,0,1
6867648,299.24,C14H9N3O5,114,3.1,22,1,6,3,C1=CC=C2C(=C1)C=C(O2)C(=O)NN=CC3=CC=C(O3)[N+](=O)[O-],0,1
6868780,300.34,C13H12N6OS,121,1.9,21,3,5,3,CC1=CC(=NN1)C2=NNC(=S)N2N=CC3=CC(=CC=C3)O,0,1
6869193,314.37,C14H14N6OS,110,2.3,22,2,5,4,CC1=CC(=NN1)C2=NNC(=S)N2N=CC3=CC(=CC=C3)OC,0,1
6869836,352.4,C16H12N6S2,129,3.6,24,2,5,4,C1=CC=C(C=C1)C2=NNC(=C2)C3=NNC(=S)N3N=CC4=CC=CS4,0,1
6875112,311.3,C11H9N3O4S2,141,2,20,1,7,4,C1=CC(=CC=C1[N+](=O)[O-])S(=O)(=O)NN=CC2=CSC=C2,0,1
6877972,333.4,C15H15N3O4S,131,2,23,2,6,7,COC(=O)C1=CC=C(O1)COC2=CC=C(C=C2)C=NNC(=S)N,0,1
6878629,304.76,C13H9ClN4OS,85.2,3.3,20,1,4,3,C1=CC(=CC(=C1)Cl)C2=NNC(=S)N2N=CC3=CC=CO3,0,1
6879304,310.4,C16H14N4OS,85.2,3.2,22,1,4,4,CC1=CC(=CC=C1)C2=NNC(=S)N2N=CC=CC3=CC=CO3,0,1
6879525,350.2,C14H9Cl2N5S,85,3.8,22,1,4,3,C1=CC=NC(=C1)C2=NNC(=S)N2N=CC3=C(C=CC=C3Cl)Cl,0,1
6880451,337.4,C17H15N5OS,94.2,2.9,24,1,5,5,COC1=CC=CC=C1C=CC=NN2C(=NNC2=S)C3=CC=CC=N3,0,1
6881403,369.4,C17H12FN5O2S,118,3.6,26,1,6,4,C1=CC=C(C(=C1)C=CC=NN2C(=NNC2=S)C3=CC=CC=C3F)[N+](=O)[O-],0,1
6882801,259.329,C13H13N3OS,95.6,2.6,18,2,3,3,CC1=CC=C(C=C1)C2=CC=C(O2)C=NNC(=S)N,0,1
6905027,289.36,C13H15N5OS,101,1.3,20,2,4,4,CCC1=NNC(=S)N1N=CC2=CC=C(C=C2)NC(=O)C,0,1
6905139,303.4,C15H21N5S,75.3,2.9,21,1,4,6,CCC1=NNC(=S)N1N=CC2=CC=C(C=C2)N(CC)CC,0,1
6905997,315.8,C14H10ClN5S,85,3.2,21,1,4,3,C1=CC=NC(=C1)C2=NNC(=S)N2N=CC3=CC(=CC=C3)Cl,0,1
6952226,314.4,C20H18N4,42.2,5,24,1,3,3,CC1=CC=CC=C1NC2=C(N=C3N2C=CC=C3C)C4=CC=CC=N4,0,1
7207115,325.4,C17H15N3O2S,93.3,2.7,23,1,5,5,CC1=CC=C(C=C1)NC(=O)CSC2=NN=C(C=C2)C3=CC=CO3,0,1
7480032,314.34,C16H18N4O3,71,1.4,23,1,7,3,C1CN(CCN1CC2=CC3=C(C=C2O)OCO3)C4=NC=CC=N4,0,1
7598302,303.8,C14H10ClN3OS,83.1,3.5,20,1,4,2,CC1=NC2=C(S1)C=C(C=C2)NC(=O)C3=NC=CC(=C3)Cl,0,1
8057369,299.32,C17H17NO4,62.9,2.5,22,1,5,3,CC1=CC(=C(C2=C1C(=O)C(=CC3=CC=CO3)O2)CN(C)C)O,0,1
8072991,324.4,C19H24N4O,52,3.4,24,1,4,7,CC1=C(N(C2=NC=NC(=C12)NCCC3=CC=CC=C3)CCOC)C,0,1
9114427,331.3,C19H13N3O3,106,3.2,25,3,5,3,C1=CC2=C(C=CC=N2)C(=C1)NC(=O)C(=CC3=CC(=C(C=C3)O)O)C#N,0,1
9118951,321.4,C20H23N3O,37.3,3.4,24,1,2,6,CN(C)C1=CC=CC(=C1)C(=O)NCCCN2C=CC3=CC=CC=C32,0,1
9119435,308.4,C19H20N2O2,36.7,4,23,0,3,4,CN(C)C1=CC=C(C=C1)CN(C)C(=O)C2=CC3=CC=CC=C3O2,0,1
9509532,317.4,C22H23NO,21.3,4.7,24,1,2,7,COC1=CC=CC=C1CNCC(C2=CC=CC=C2)C3=CC=CC=C3,0,1
9533791,329.4,C13H19N3O3S2,104,0.9,21,0,6,5,CN(C)C(=O)CSC1=NC=C(C=C1)S(=O)(=O)N2CCCC2,0,1
9535952,332.15,C15H10BrNO3,74.2,3.4,20,1,4,3,CC1=C(C=CO1)C(=O)C(=CC2=CC(=C(C=C2)O)Br)C#N,0,1
9557838,315.8,C14H10ClN5S,85,3.2,21,1,4,3,C1=CC=NC(=C1)C2=NNC(=S)N2N=CC3=CC=C(C=C3)Cl,0,1
9565028,344.32,C16H16N4O5,113,2.1,25,1,7,4,C1COCCN1C2=CC=C(O2)C=NNC(=O)C3=CC(=CC=C3)[N+](=O)[O-],0,1
9589563,294.31,C13H18N4O4,116,4.9,21,1,6,4,CC(C)C(C)C(=NNC1=C(C=C(C=C1)[N+](=O)[O-])[N+](=O)[O-])C,0,1
9595989,333.4,C20H19N3O2,66.6,3.9,25,2,4,6,CC(=NNC(=O)CNC1=CC2=CC=CC=C2C=C1)C=CC3=CC=CO3,0,1
9615548,311.4,C15H13N5OS,98.1,2.1,22,1,5,4,CC(=CC1=CC=CO1)C=NN2C(=NNC2=S)C3=CN=CC=C3,0,1
9615897,273.24,C13H11N3O4,115,0.7,20,4,6,3,C1=CC(=CN=C1)C=NNC(=O)C2=CC(=C(C(=C2)O)O)O,0,1
9629545,323.3,C17H13N3O4,114,2.6,24,3,5,3,C1=CC=C2C(=C1)C=C(C(=NNC(=O)C3=CC=CC=C3O)O2)C(=O)N,0,1
9655043,278.16,C9H9Cl2N3OS,80,2.4,16,2,2,2,CN(C=NC(=S)NC1=C(C=C(C=C1)Cl)Cl)O,0,1
9660639,357.3,C16H11N3O5S,138,0.7,25,2,7,4,CC(=O)OC1=CC2=C(C=C1)OC=C(C2=O)C=NC3=CC(=O)NC(=S)N3,0,1
11646094,355.3,C13H8F3N5O2S,128,1.7,24,3,8,1,CC1=CC2=C(C=C1NC(=O)C(F)(F)F)N=C3C(=N2)C(=O)NC(=S)N3,0,1
15998745,314.29,C16H14N2O5,86.7,2.2,23,1,6,5,COC1=C(C=C(C=C1)NC(=O)C2=NOC(=C2)C3=CC=CO3)OC,0,1
16001809,366.4,C20H22N4O3,94,3.7,27,1,6,3,C1CCC2(CC1)N=C3C(=CC=C(C3=NCCC4=CC=CC=C4)[N+](=O)[O-])N2O,0,1
16003078,326.37,C13H18N4O4S,142,3.1,22,2,8,7,CC(C)CCSC1=CC(=C(C2=NON=C12)[N+](=O)[O-])NCCO,0,1
16188041,279.4,C18H21N3,29.8,4,21,1,2,4,CC1=CC=C(C=C1)CNC2=CC3=C(C=C2)N(C=N3)C(C)C,0,1
16193058,327.9,C15H22ClN3OS,68.6,3.2,21,2,3,6,COC1=C(C=C(C=C1)NC(=S)NCCCN2CCCC2)Cl,0,1
16193144,327.4,C23H23N2+,7.1,5.6,25,0,1,2,CC[N+]1=C2C=C(C=CC2=C(C=C1)C=C3C=CC4=CC=CC=C4N3C)C,1,1
16194155,335.31,C15H17N3O6,141,3.7,24,2,7,5,C1CCC(=CC1)CCNC2=C(C=C(C=C2[N+](=O)[O-])C(=O)O)[N+](=O)[O-],0,1
16194246,384.5,C21H28N4OS,72.7,3.7,27,1,4,2,CC1CCCCN1C(=S)NC2=CC3=C(C=C2)N=C(C=C3C)N4CCOCC4,0,1
16195367,391.5,C17H13NO4S3,153,4,25,1,7,6,C1=CC=C(C=C1)CSC2=CC=C(O2)C=C3C(=O)N(C(=S)S3)CC(=O)O,0,1
16195582,344.4,C20H20N6,58.4,4.4,26,1,5,3,C1CCN(CC1)C2=CC=C(C=C2)NC3=NC4=CC=CC=C4N5C3=NN=C5,0,1
16241130,280.3,C15H12N4S,72.6,2.1,20,1,3,3,C1=CC=C(C=C1)C2=CN(C(=S)N2)N=CC3=CN=CC=C3,0,1
16245263,280.3,C15H12N4S,72.6,2.1,20,1,3,3,C1=CC=C(C=C1)C2=CN(C(=S)N2)N=CC3=CC=NC=C3,0,1
16293812,330.33,C17H18N2O5,90.3,3.7,24,0,6,4,CCOC1=C(C=C2C(=C1)CC(O2)C)C=CC3=NOC(=C3[N+](=O)[O-])C,0,1
16303496,315.4,C17H21N3OS,78.2,4.1,22,2,4,6,CCC1=C2C(=CC=C1)C(=CN2)C3=CSC(=N3)NC(C)COC,0,1
16319272,245.22,C14H9F2NO,30,2.8,18,0,4,3,C1=CC(=CN=C1)C=CC(=O)C2=CC(=C(C=C2)F)F,0,1
16551195,335.4,C21H21NO3,55.4,4.5,25,1,3,5,CCCC(C1=CC=CC=C1)C(=O)NC2=CC3=C(C=C2)C(=CC(=O)O3)C,0,1
16557711,352.5,C22H28N2O2,41.6,4.9,26,1,3,6,CC1=C(C=C(C=C1)C(C)C)OCC(=O)NC2=CC=CC=C2N3CCCC3,0,1
17374362,294.29,C10H10N6O3S,142,0.8,20,2,6,3,COC1=C(C=CC(=C1)[N+](=O)[O-])NC(=S)NN2C=NN=C2,0,1
17580014,282.34,C17H18N2O2,58,2.6,21,2,2,5,CC(CC1=CNC2=CC=CC=C21)C(=O)NCC3=CC=CO3,0,1
18105311,303.8,C17H18ClNO2,33.4,4.4,21,0,2,2,CC1CCCN(C1)C(=O)C2=CC=C(O2)C3=CC=CC=C3Cl,0,1
18230215,303.8,C17H18ClNO2,42.2,4.7,21,1,2,3,C1CCC(CC1)NC(=O)C2=CC=C(O2)C3=CC=C(C=C3)Cl,0,1
19687007,247.32,C11H13N5S,86.9,1.8,17,2,3,3,CCC1=CC=CC=C1NC(=S)NN2C=NN=C2,0,1
19687015,247.32,C11H13N5S,86.9,1.8,17,2,3,2,CC1=CC(=C(C=C1)NC(=S)NN2C=NN=C2)C,0,1
22332182,341.4,C19H15N7,122,2,26,4,5,2,C1=CC(=NC(=C1)C2=NC3=C(N2)C=C(C=C3)N)C4=NC5=C(N4)C=C(C=C5)N,0,1
22332706,334.4,C19H22N6,109,1.7,25,4,4,6,C1=CC2=C(C=C1CC3=CC4=C(C=C3)N=C(N4)CCN)NC(=N2)CCN,0,1
24761514,279.72,C14H14ClNO3,47.9,3.7,19,0,4,4,CCCOC1=C(C=C(C=C1)C=C2C(=NOC2=O)C)Cl,0,1
24761574,292.3,C18H16N2O2,72.2,3.5,22,2,4,2,CC1=CC(=CC(=C1)NC2=C(C(=O)C3=CC=CC=C3C2=O)N)C,0,1
24762095,301.33,C13H11N5O2S,128,0.6,21,3,5,2,CCC(=O)NC1=CC2=C(C=C1)N=C3C(=N2)NC(=S)NC3=O,0,1
24816607,306.4,C17H26N2O3,71.3,3.7,22,2,3,5,CC(C)C(C(=O)NC1CCCCCC1)NC(=O)C2=CC=CO2,0,1
24819439,325.4,C19H16FNOS,48.6,4.6,23,0,3,4,CN(CC1=CC=C(C=C1)F)C(=O)C2=C(C=CS2)C3=CC=CC=C3,0,1
24980576,347.4,C21H21N3O2,63.1,3.2,26,2,2,5,CC1=C(C(=CC=C1)NC(=O)CNC(=O)C2=CC(=CC=C2)N3C=CC=C3)C,0,1
24980893,302.71,C14H11ClN4O2,73,2.9,21,1,4,3,CC1=CC=C(O1)C(=O)NC2=C(C=CC(=C2)Cl)N3C=NC=N3,0,1
135400571,301.25,C15H11NO6,109,2.9,22,1,6,3,CC1=CC(=C(C(=O)O1)C(=O)C=CC2=CC(=CC=C2)[N+](=O)[O-])O,0,1
135401236,449.5,C20H23N3O7S,157,0.8,31,4,9,7,C1COCCN1S(=O)(=O)C2=CC=C(C=C2)CCC(=O)NN=CC3=C(C(=C(C=C3)O)O)O,0,1
135401277,407.4,C18H21N3O6S,148,1.6,28,4,8,7,CCN(CC)S(=O)(=O)C1=CC=CC(=C1)C(=O)NN=CC2=C(C(=C(C=C2)O)O)O,0,1
135421582,311.33,C17H17N3O3,82,1.6,23,2,4,4,CCCCN1C(=C(C(=O)NC1=O)C=C2C=NC3=CC=CC=C32)O,0,1
135422517,239.4,C10H13N3S2,90.3,2.9,15,1,4,2,CC(C)N=C1NN=C(CS1)C2=CC=CS2,0,1
135445157,311.29,C16H13N3O4,90.3,0.6,23,1,4,1,CN1C(=C(C(=O)N(C1=O)C)C=C2C=C3C=CC=CC3=NC2=O)O,0,1
135458748,338.3,C18H15FN4O2,73.8,3.1,25,2,5,4,CC1=C(C(=O)N(N1)C2=CC=CC=C2)C=NNC(=O)C3=CC(=CC=C3)F,0,1
135460457,384.4,C20H24N4O4,109,1.7,28,4,7,6,C1CN(CCN1CCC(=O)NN=CC2=C(C(=C(C=C2)O)O)O)C3=CC=CC=C3,0,1
135463924,331.5,C16H17N3OS2,108,3.3,22,1,5,1,CCC1=NC2=C(C3=C1CSC(C3)(C)C)C4=C(S2)C(=O)NC=N4,0,1
135469806,260.3,C12H8N2OS2,67.8,1.9,17,2,4,1,C1=CC=C2C(=C1)C(=CC3=C(NC(=O)S3)S)C=N2,0,1
135470813,326.4,C16H14N4O2S,102,2.9,23,2,5,4,COC1=C(C=CC(=C1)C=NN2C(=NNC2=S)C3=CC=CC=C3)O,0,1
135472537,329.19,C16H13BrN2O,41.5,4,20,1,2,1,CC1=CC=C(C=C1)N=C2C3=C(C=CC(=C3Br)C)NC2=O,0,1
135472851,303.34,C13H13N5O2S,120,0.8,21,2,6,4,COC1=CC=C(C=C1)CSC2=NN=C3N2C(=CC(=O)N3)N,0,1
135480969,214.22,C12H10N2O2,66.2,1.4,16,2,4,0,CC1=C(C2=C(C=C1)N=C3C(=C(C3=N2)O)O)C,0,1
135488596,315.74,C10H10ClN5O3S,120,0.6,20,3,6,4,CC1=NN=C(NC1=O)NNS(=O)(=O)C2=CC=C(C=C2)Cl,0,1
135498023,366.4,C20H18N2O3S,92.2,4.2,26,1,6,4,COC1=CC2=C(CCC3=C2N=C(S3)N=CC4=C(C(=CC=C4)OC)O)C=C1,0,1
135498034,386.5,C23H18N2O2S,83,5.4,28,1,5,3,COC1=CC2=C(CCC3=C2N=C(S3)N=CC4=C(C=CC5=CC=CC=C54)O)C=C1,0,1
135510264,359.4,C17H14FN3O3S,114,2.9,25,3,7,3,CN=C1N(C(=CS1)C2=CC=CC=C2F)N=CC3=C(C(=C(C=C3)O)O)O,0,1
135512407,293.34,C13H15N3O3S,114,1.9,20,3,6,3,CCN=C1N(C(=CS1)C)N=CC2=C(C(=C(C=C2)O)O)O,0,1
135519935,375.4,C17H17N3O5S,136,1.7,26,3,8,6,COCCN=C1N(C(=CS1)C2=CC=CO2)N=CC3=C(C(=C(C=C3)O)O)O,0,1
135519976,238.24,C11H14N2O4,85.5,0.7,17,3,6,2,C1COCCN1N=CC2=C(C(=C(C=C2)O)O)O,0,1
135519977,295.4,C16H13N3OS,80,2.8,21,2,3,3,C1=CC=C(C=C1)C2=CN(C(=S)N2)N=CC3=CC=C(C=C3)O,0,1
135520027,378.4,C16H18N4O5S,156,0.9,26,4,9,5,C1COCCN1C2=NC(=CS2)CC(=O)NN=CC3=C(C(=C(C=C3)O)O)O,0,1
135520040,334.4,C20H18N2O3,76.3,4.1,25,3,5,5,C1=CC=C(C=C1)CN(C2=CC=CC=C2)N=CC3=C(C(=C(C=C3)O)O)O,0,1
135521485,288.33,C13H12N4O2S,122,1.4,20,4,5,3,C1=CC(=C(C(=C1)O)O)C=NNC(=S)NC2=CN=CC=C2,0,1
135521591,391.5,C17H17N3O4S2,151,2.3,26,3,8,6,COCCN=C1N(C(=CS1)C2=CC=CS2)N=CC3=C(C(=C(C=C3)O)O)O,0,1
135521596,332.4,C20H16N2O3,85.4,4.1,25,3,5,4,C1=CC=C(C=C1)C(=NN=CC2=C(C(=C(C=C2)O)O)O)C3=CC=CC=C3,0,1
135521622,375.5,C17H17N3O3S2,142,3.2,25,3,7,4,CC(C)N=C1N(C(=CS1)C2=CC=CS2)N=CC3=C(C(=C(C=C3)O)O)O,0,1
135533700,426.5,C22H26N4O5,113,2.5,31,3,7,8,CCN(CC)C1=CC(=C(C=C1)C=NNC(=O)CNC(=O)C2COC3=CC=CC=C3O2)O,0,1
135535982,297.4,C16H15N3OS,71.7,3.2,21,1,3,2,CC1=CC=CC=C1N=C2NC(=O)C(=CC3=CC=CN3C)S2,0,1
135538542,354.3,C18H15FN4O3,94,2.5,26,3,6,5,C1=CC=C(C=C1)NN=CC2=C(N(C(=O)NC2=O)CC3=CC=C(C=C3)F)O,0,1
135549771,329.4,C20H15N3O2,65.3,3.4,25,1,4,2,CC1=NC2=CC=CC=C2C(=O)N1N=CC3=C(C4=CC=CC=C4C=C3)O,0,1
135549881,332.4,C16H20N4O2S,102,3.3,23,2,5,4,COC1=CC=CC(=C1O)C=NN2C(=NNC2=S)C3CCCCC3,0,1
135613375,324.4,C17H16N4OS,108,2.8,23,3,3,5,C1=CC=C(C=C1)COC2=CC3=C(C=C2)NC=C3C=NNC(=S)N,0,1
135650497,268.3,C15H12N2OS,73.7,3.9,19,1,4,2,CC1=NC(=CC=C1)N=CC2=C(C3=CC=CC=C3S2)O,0,1
135650621,387.4,C22H17N3O4,94.7,3.5,29,2,6,5,C1=CC=C(C=C1)OCC2=NC3=CC=CC=C3C(=O)N2N=CC4=CC(=C(C=C4)O)O,0,1
135650835,342.4,C16H14N4O3S,122,2.6,24,3,6,5,C1=CC=C(C=C1)OCC2=NNC(=S)N2N=CC3=CC(=C(C=C3)O)O,0,1
135650885,332.4,C16H20N4O2S,102,3.3,23,2,5,4,COC1=C(C=CC(=C1)C=NN2C(=NNC2=S)C3CCCCC3)O,0,1
135651101,330.37,C14H14N6O2S,130,1.9,23,3,6,4,CC1=CC(=NN1)C2=NNC(=S)N2N=CC3=CC(=C(C=C3)O)OC,0,1
135676089,311.29,C16H13N3O4,106,1.4,23,3,6,2,CC1=NC2=CC=CC=C2C(=O)N1N=CC3=C(C(=C(C=C3)O)O)O,0,1
135676161,320.3,C19H16N2O3,76.3,4.2,24,3,5,4,C1=CC=C(C=C1)N(C2=CC=CC=C2)N=CC3=C(C(=C(C=C3)O)O)O,0,1
135679010,248.32,C14H20N2O2,56.1,3.1,18,2,4,2,CC1CCCC(N1N=CC2=CC(=C(C=C2)O)O)C,0,1
135684986,204.19,C9H8N4O2,83.5,1,15,2,5,2,C1=CC(=C(C=C1C=NN2C=NC=N2)O)O,0,1
135688244,338.4,C18H18N4OS,103,2.1,24,2,4,3,CN1CCC2=C(C1)SC(=C2C(=O)N)N=CC3=CNC4=CC=CC=C43,0,1
135706571,312.3,C16H12N2O3S,100,3.4,22,2,5,3,C1=COC(=C1)C=CC=C2C(=O)NC(=NC3=CC=C(C=C3)O)S2,0,1
135716008,236.27,C12H16N2O3,76.3,1.9,17,3,5,2,C1CCN(CC1)N=CC2=C(C(=C(C=C2)O)O)O,0,1
257482,307.32,C14H13NO5S,112,1.1,21,3,5,3,CC(=O)NC1=CC=C(C=C1)S(=O)(=O)C2=C(C=CC(=C2)O)O,0,1
667735,281.4,C18H23N3,19.4,3.8,21,0,3,5,C1CN(CCN1CCCC2=CC=CC=C2)C3=CC=CC=N3,0,1
682361,249.26,C16H11NO2,46.2,2.4,19,1,2,2,C1=CC=C(C=C1)C(=O)C=C2C3=CC=CC=C3NC2=O,0,1
704553,269.32,C14H11N3OS,86.3,3.1,19,2,5,3,C1=CC(=CN=C1)C2=CSC(=N2)NC3=CC=C(C=C3)O,0,1
738280,242.23,C13H10N2O3,60.4,1.8,18,1,4,2,C1OC2=C(O1)C=C(C=C2)NC(=O)C3=CC=CC=N3,0,1
747648,302.35,C14H14N4O2S,111,3.4,21,1,6,3,C1CCC(=NNC2=NC(=CS2)C3=CC=C(C=C3)[N+](=O)[O-])C1,0,1
785891,289.78,C11H16ClN3O2S,61,1.6,18,1,5,3,CN1CCN(CC1)NS(=O)(=O)C2=CC=C(C=C2)Cl,0,1
792361,339.4,C21H25NO3,38.8,4,25,0,4,7,CCOC(=O)C1CCN(CC1)CC2=CC(=CC=C2)OC3=CC=CC=C3,0,1
806165,299.3,C15H13N3O2S,107,3.4,21,3,6,3,CC1=CC(=NC=C1)NC2=NC(=CS2)C3=C(C=C(C=C3)O)O,0,1
949265,342.26,C13H16BrN3OS,67.7,2.1,19,1,3,1,CN1CCN(CC1)C(=S)NC(=O)C2=CC=C(C=C2)Br,0,1
2325104,299.7,C17H14ClNO2,37.4,4,21,0,2,1,CC1(C2=CC=CC=C2C(=O)N(C1=O)C3=CC=CC=C3Cl)C,0,1
2809655,311.4,C13H13NO4S2,120,3,20,2,6,4,CC1=CC=C(C=C1)S(=O)(=O)NC2=CSC(=C2C(=O)O)C,0,1
2840997,280.75,C14H17ClN2O2,40.6,2.2,19,0,3,4,CCN(CC)C1CC(=O)N(C1=O)C2=CC(=CC=C2)Cl,0,1
3120507,318.4,C14H14N4OS2,130,3.6,21,2,7,4,CC1=C(SC(=N1)N)C2=CSC(=N2)NC3=CC=CC=C3OC,0,1
3121122,283.15,C12H12Cl2N4,50.7,4.9,18,1,4,3,CC(C)C1=CC=C(C=C1)NC2=NC(=NC(=N2)Cl)Cl,0,1
5344213,325.5,C14H15NO2S3,115,3.5,20,0,5,3,CC1=C(SC=C1)C=C2C(=O)N(C(=S)S2)CC3CCCO3,0,1
5391904,232.31,C11H12N4S,106,3.2,16,2,4,3,CC1=C(C=C(C=C1)NN=C(C#N)C(=S)N)C,0,1
5765716,318.28,C15H14N2O6,122,1.2,23,3,6,6,CC(C(=O)O)NC(=O)C(=CC1=CC=CO1)NC(=O)C2=CC=CO2,0,1
9584981,283.32,C16H17N3O2,64.9,3.2,21,2,5,5,CN(C)C1=CC=C(C=C1)C=NNC2=CC=CC(=C2)C(=O)O,0,1
16462823,326.4,C17H14N2O3S,114,3.3,23,2,6,5,C1=CC=C(C=C1)OC2=CC=C(C=C2)C3=C(SC(=N3)N)CC(=O)O,0,1
135418649,300.3,C15H12N2O3S,89.1,3.1,21,1,5,3,COC1=CC=C(C=C1)N=C2NC(=O)C(=CC3=CC=CO3)S2,0,1
135452793,311.4,C17H13NO3S,75.1,3.7,22,1,4,3,C1=CC=C(C=C1)S(=O)(=O)N=CC2=C(C=CC3=CC=CC=C32)O,0,1
3315967,253.27,C15H12FN3,40.5,4.3,19,1,3,2,CC1=C(C2=CC=CC=C2N1)N=NC3=CC=C(C=C3)F,0,1
668729,310.4,C17H18N4S,71.8,4,22,2,3,4,CC1=C(C(=CC=C1)C)NCC2=NNC(=S)N2C3=CC=CC=C3,0,1
746520,312.4,C16H16N4OS,99,2.8,22,2,4,2,C1CCC2=C(C1)C3=C(S2)N=C(N(C3=O)C4=CC=CC=C4)NN,0,1
788481,310.4,C17H18N4S,71.8,4,22,2,3,4,CC1=CC(=C(C=C1)NCC2=NNC(=S)N2C3=CC=CC=C3)C,0,1
844944,312.4,C18H20N2O3,50.8,3.4,23,1,4,5,CCN(CC)C1=CC=C(C=C1)NC(=O)C2=CC3=C(C=C2)OCO3,0,1
919877,311.4,C17H17N3OS,69,3.5,22,1,3,5,CCOC1=CC=C(C=C1)C2=NNC(=S)N2CC3=CC=CC=C3,0,1
947481,217.22,C12H11NO3,55.4,1.3,16,1,3,4,C1=COC(=C1)CNC(=O)C=CC2=CC=CO2,0,1
969889,292.36,C13H16N4O2S,98,0.9,20,2,4,5,CN1C(=NNC1=S)CNC(=O)CC2=CC=C(C=C2)OC,0,1
1955955,313.4,C15H11N3OS2,103,3.8,21,1,5,3,C1=CC=C(C=C1)NN2C(=O)C(=CC3=CN=CC=C3)SC2=S,0,1
2016236,334.2,C11H9Cl2N3OS2,116,3.4,19,2,4,2,CN1C(=C(SC1=S)C(=O)NC2=C(C=CC=C2Cl)Cl)N,0,1
2043083,314.34,C16H18N4O3,90,2.8,23,1,6,6,CCCCC1=CC(=O)OC2=C1C=CC(=C2C)OCC3=NNN=N3,0,1
2424851,279.29,C16H13N3O2,61.8,2.5,21,1,4,3,CC1=CC=CN2C1=NC(=C(C2=O)C=O)NC3=CC=CC=C3,0,1
2830085,419.7,C11H13Cl3N4O3S2,154,1.4,23,4,5,4,CC(=O)NC(C(Cl)(Cl)Cl)NC(=S)NC1=CC=C(C=C1)S(=O)(=O)N,0,1
2911561,336.5,C18H28N2O2S,49,3.3,23,0,4,3,CC1CCN(CC1)C2CCN(CC2)S(=O)(=O)C3=CC=C(C=C3)C,0,1
3768842,237.3,C7H15N3O2S2,102,-0.2,14,2,4,2,CN(C)NC(=S)NC1CCS(=O)(=O)C1,0,1
3932482,326.4,C19H22N2O3,78.4,0.8,24,3,4,8,CCC1=CC=CC=C1NC(=O)CC(C(=O)O)NCC2=CC=CC=C2,0,1
4050558,352.3,C17H12N4O5,119,0.5,26,1,7,4,C1CC(=O)N(C1=O)C2=CC=CC(=C2)C(=O)NC3=NN=C(O3)C4=CC=CO4,0,1
4051948,397.8,C21H16ClNO5,83.9,4,28,1,5,5,CC1=CC=C(O1)C(=O)C2=C(C(=O)N(C2C3=CC(=CC=C3)Cl)CC4=CC=CO4)O,0,1
4904094,379.5,C21H25N5O2,77.4,3.6,28,1,5,8,CN(C)C1=CC=C(C=C1)NC(=O)CCCCCN2C(=O)C3=CC=CC=C3N=N2,0,1
5102479,345.4,C18H19NO4S,83.1,2.5,24,1,5,4,CC1=CC=C(C=C1)S(=O)(=O)N2CCC3=CC=CC=C3C2CC(=O)O,0,1
5926274,345.4,C18H19NO4S,76,2,24,0,4,5,C1CS(=O)(=O)CC1N(CC2=CC=CC=C2)C(=O)C=CC3=CC=CO3,0,1
5934774,379.9,C18H18ClNO4S,76,2.6,25,0,4,5,C1CS(=O)(=O)CC1N(CC2=CC=C(C=C2)Cl)C(=O)C=CC3=CC=CO3,0,1
6859360,330.8,C15H11ClN4OS,85.2,3.9,22,1,4,4,C1=CC=C(C=C1)C=C(C=NN2C(=NNC2=S)C3=CC=CO3)Cl,0,1
6879907,300.4,C14H12N4S2,100,3.6,20,1,4,3,CC1=CC(=CC=C1)C2=NNC(=S)N2N=CC3=CC=CS3,0,1
7119291,337.4,C14H15N3O3S2,135,2.9,22,1,7,8,CCOC(=O)CNC(=O)CSC1=NC(=NS1)C2=CC=CC=C2,0,1
7119349,351.4,C15H17N3O3S2,135,3.3,23,1,7,8,CCOC(=O)CNC(=O)CSC1=NC(=NS1)C2=CC=C(C=C2)C,0,1
7206011,371.5,C17H17N5OS2,134,3.2,25,1,7,6,CCC1=NN=C(S1)NC(=O)CSC2=NN=C(C=C2)C3=CC=C(C=C3)C,0,1
8071552,310.4,C17H22N6,58.9,2.5,23,1,5,6,CC1=CC=C(C=C1)CN2C3=NC=NC(=C3C=N2)NCCN(C)C,0,1
8438747,353.4,C13H11N3O5S2,153,2.1,23,1,9,6,COC(=O)CSC1=NN=C(S1)NC(=O)C2=CC3=C(C=C2)OCO3,0,1
13088271,277.3,C12H11N3O3S,113,1.7,19,1,4,3,CC1=C(NC(=O)N=C1)SCC2=CC=C(C=C2)[N+](=O)[O-],0,1
135470822,296.3,C15H12N4OS,92.3,2.9,21,2,4,3,C1=CC=C(C=C1)C2=NNC(=S)N2N=CC3=CC=CC=C3O,0,1
135519980,326.13,C12H11IN2O,36.5,NULL,16,1,3,2,C1=CC=[N+](C=C1)N=CC2=CC=CC=C2O.[I-],0,2
753058,215.21,C10H9N5O,82.8,0.6,16,1,5,1,CN1C2=CC=CC=C2N=C1C3=NON=C3N,0,1
760603,292.3,C18H16N2O2,53.5,4.2,22,3,4,2,COC1=C(C=CC(=C1)C2NC3=CC=CC4=C3C(=CC=C4)N2)O,0,1
779368,315.8,C16H14ClN3S,59.7,4.6,21,1,2,2,CC1=CC(=C(C=C1)N2C(=NNC2=S)C3=CC=C(C=C3)Cl)C,0,1
902569,337.3,C19H15NO5,77.8,3.5,25,1,5,6,COC1=CC=C(C=C1)C(=O)NC2=CC(=CC=C2)OC(=O)C3=CC=CO3,0,1
2086721,324.4,C18H20N4S,60.5,3.9,23,0,5,2,CC1=NC(=C2C=C(SC2=N1)C3=CC=CC=C3)N4CCN(CC4)C,0,1
2094784,280.32,C16H16N4O,61,2.9,21,2,3,3,CN(C)C1=CC=CC(=C1)C(=O)NC2=NC3=CC=CC=C3N2,0,1
2136521,315.3,C15H13N3O3S,123,3.3,22,4,4,2,C1=CC=C(C=C1)C(=O)NC(=S)NNC(=O)C2=CC=CC=C2O,0,1
2366268,289.4,C12H11N5S2,120,3.3,19,2,6,5,C1=CC=C(C=C1)NC2=NC(=CS2)CSC3=NC=NN3,0,1
2845822,219.32,C14H21NO,12.5,2.5,16,0,2,4,CC(CCN1CCOCC1)C2=CC=CC=C2,0,1
2866437,304.4,C13H12N4OS2,141,3.3,20,3,7,3,CC1=C(SC(=N1)N)C2=CSC(=N2)NC3=CC(=CC=C3)O,0,1
2866921,330.4,C15H14N4OS2,137,3.3,22,2,7,4,CC1=C(SC(=N1)N)C2=CSC(=N2)NC3=CC=CC(=C3)C(=O)C,0,1
2948867,296.16,C12H14BrN3O,39.9,3,17,0,3,6,C1=CC(=CC(=C1)Br)OCCCCN2C=NC=N2,0,1
3001308,255.34,C14H13N3S,82.5,3.1,18,2,2,3,C1=CC=C(C=C1)C(=NNC(=S)N)C2=CC=CC=C2,0,1
3137370,349.8,C16H16ClN3O2S,94.5,3.3,23,3,3,5,C1=CC=C(C=C1)CNC(=S)NNC(=O)COC2=CC=C(C=C2)Cl,0,1
3250498,278.33,C12H14N4O2S,100,0.6,19,1,5,2,CC(=O)NC1=NN(C(S1)(C)C2=CN=CC=C2)C(=O)C,0,1
4884014,315.3,C16H14FN3O3,88.2,2.1,23,2,6,4,CC1=NN(C2=C1C=C(C=N2)C(=O)C3=C(C=CC(=C3)F)O)CCO,0,1
6506573,254.67,C10H11ClN4O2,74,1.8,17,1,5,2,C1CN(C(=C[N+](=O)[O-])N1)CC2=CN=C(C=C2)Cl,0,1
6859304,330.4,C17H22N4OS,81.3,4,23,1,4,5,CCOC1=CC=C(C=C1)C=NN2C(=NNC2=S)C3CCCCC3,0,1
6885724,282.4,C17H22N4,23.8,2.5,21,0,3,4,CN1C=CC=C1C=NN2CCN(CC2)CC3=CC=CC=C3,0,1
1121648,324.4,C16H24N2O3S,58.2,2.1,22,0,5,4,COC1=CC=C(C=C1)S(=O)(=O)N2CCC(CC2)N3CCCC3,0,1
1712853,277.27,C14H15NO5,66.4,1.8,20,0,6,4,CC1=NC(=CC2=CC(=C(C(=C2)OC)OC)OC)C(=O)O1,0,1
1856807,314.4,C16H18N4OS,98.1,2.8,22,3,3,3,CC(C)C1=CC=C(C=C1)NC(=S)NNC(=O)C2=CN=CC=C2,0,1
3904873,326.3,C18H18N2O4,79.7,4,24,1,4,4,CC1=C(N2C=CC=CC2=C1)C(C[N+](=O)[O-])C3=CC(=C(C=C3)O)OC,0,1
5155468,330.4,C16H14N2O4S,101,3.2,23,0,5,3,COC1=CC=C(C=C1)N2C(SCC2=O)C3=CC=CC=C3[N+](=O)[O-],0,1
690984,292.29,C17H12N2O3,78.4,3.9,22,1,4,2,C1=CC=C2C(=C1)C=CC=C2N=CC3=C(C=CC(=C3)[N+](=O)[O-])O,0,1
961186,282.4,C18H22N2O,24.5,3.5,21,1,3,4,CC1=CC=C(C=C1)CNC2=CC=C(C=C2)N3CCOCC3,0,1
1728350,251.31,C11H13N3O2S,102,1.9,17,3,3,2,CCC(=O)NNC(=S)NC(=O)C1=CC=CC=C1,0,1
2787058,298.36,C13H18N2O4S,91.6,2.7,20,0,5,3,CCC1CCCCN1S(=O)(=O)C2=CC=C(C=C2)[N+](=O)[O-],0,1
4410945,314.25,C14H10N4O5,119,2.9,23,0,6,2,COC1=CC=CC=C1N2C=C3C(=CC(=CC3=N2)[N+](=O)[O-])[N+](=O)[O-],0,1
16682208,237.68,C11H12ClN3O,47.8,NULL,16,1,3,3,CC1=CC=C(C=C1)C(=O)CN2C=NC=N2.Cl,0,2
135444096,318.4,C20H18N2O2,45.1,5.1,24,1,4,5,COC1=C(C=CC(=C1)C=NN(C2=CC=CC=C2)C3=CC=CC=C3)O,0,1
820006,237.28,C10H11N3O2S,87,1.4,16,2,3,3,COC1=C(C=C(C=C1)C2=NC(=S)NN2)OC,0,1
889679,331.5,C16H17N3OS2,105,4.1,22,2,4,3,C1CCN(C1)C2=CC=CC=C2NC(=S)NC(=O)C3=CC=CS3,0,1
5112429,333.18,C10H6F3N5O5,157,2.4,23,2,10,3,C1=C(C=C(C(=C1[N+](=O)[O-])NNC(=O)CC#N)[N+](=O)[O-])C(F)(F)F,0,1
8902468,283.4,C16H17N3S,69,4.5,20,2,3,5,CCC1=C2C(=CC=C1)C(=CN2)C3=CSC(=N3)NCC=C,0,1
5096351,275.33,C13H13N3O2S,99.3,2.1,19,2,4,3,CC(C1=CC=CC=C1)NC(=O)C(=O)NC2=NC=CS2,0,1
589746,291.3,C18H17N3O,48.6,3.4,22,0,4,4,COC1=CC=C(C=C1)C(C#N)N2CCC(=N2)C3=CC=CC=C3,0,1
591105,242.23,C13H10N2O3,60.4,1.8,18,1,4,2,C1OC2=C(O1)C=C(C=C2)C(=O)NC3=CC=CC=N3,0,1
709047,231.21,C11H9N3O3,91.1,1.5,17,2,5,3,C1C=NN=C1C(=O)NC2=CC=CC=C2C(=O)O,0,1
940115,279.29,C16H13N3O2,75,3.9,21,1,5,4,CC1=CC(=CC=C1)C2=NC(=C(O2)NCC3=CC=CO3)C#N,0,1
972406,287.34,C14H13N3O2S,82.1,3,20,1,4,4,COC1=CC=CC2=C1OC(=C2)C3=NNC(=S)N3CC=C,0,1
1049874,361.4,C17H19N3O4S,94.8,2.2,25,0,6,4,C1CN(CCN1CC2=CC=CC=C2)S(=O)(=O)C3=CC=CC=C3[N+](=O)[O-],0,1
1825741,323.37,C14H17N3O4S,111,1.5,22,1,7,7,CCOCC1=NN=C(S1)NC(=O)C2=CC(=CC(=C2)OC)OC,0,1
2866923,259.26,C13H13N3O3,82.4,0.2,19,1,5,4,COC1=CC=C(C=C1)N2C(=O)CC(C2=O)NCC#N,0,1
2988586,287.31,C16H17NO4,79.5,2,21,2,4,6,CC1=CC=C(O1)CCC(=O)NC2=CC=C(C=C2)CC(=O)O,0,1
4280124,328.4,C16H16N4O2S,99.9,1.5,23,2,4,5,COC1=C(C=C2C(=C1)C(=NC(=S)N2)NCC3=CN=CC=C3)OC,0,1
16682095,346.8,C17H15ClN2O2S,91.3,NULL,23,3,4,5,C1=CC=C(C=C1)C2=C(N=C(N2)SCC(=O)O)C3=CC=CC=C3.Cl,0,2
703114,317.5,C18H27N3S,59.4,5,22,2,2,3,CCC(C)(C)C1CCC2(CC1)NC(=S)N(N2)C3=CC=CC=C3,0,1
741597,239.28,C13H13N5,55.1,2.7,18,1,4,2,CC1=CC=C(C=C1)NC2=CC(=NC3=NC=NN23)C,0,1
764583,268.74,C13H17ClN2O2,49.1,3.4,18,0,3,2,C1CCCN(CC1)CC2=C(C=CC(=C2)[N+](=O)[O-])Cl,0,1
934278,334.4,C19H18N4O2,73,3.9,25,1,4,4,CCCN1C2=C(C=C3C=C(C=CC3=N2)C)C(=N1)NC(=O)C4=CC=CO4,0,1
1582612,321.28,C14H8FNO5S,89.1,2.2,22,0,6,3,C1=CC=C2C(=C1)C(=O)N(C2=O)OS(=O)(=O)C3=CC=C(C=C3)F,0,1
1587838,321.4,C19H19N3O2,75,4.2,24,1,4,6,CCCOC1=CC=CC=C1C=C(C#N)C(=O)NC2=CC=CC(=N2)C,0,1
2173525,268.74,C13H17ClN2O2,49.1,3.4,18,0,3,2,C1CCCN(CC1)CC2=C(C=CC(=C2)Cl)[N+](=O)[O-],0,1
2815595,249.29,C11H11N3O2S,91.5,1.7,17,2,4,3,COC1=NC=C(C=C1)NC(=O)NC2=CC=CS2,0,1
2916972,264.35,C13H16N2O2S,74.9,3,18,1,4,5,CC1=C(C=CC(=C1)CCCC2=NNC(=S)O2)OC,0,1
2933163,317.5,C17H23N3OS,83.1,4.1,22,1,4,6,CC(CC(=O)NC1=NN=C(S1)CC(C)(C)C)C2=CC=CC=C2,0,1
2964461,334.8,C18H23ClN2O2,49.4,3,23,1,2,3,CC1CCC(CC1)NC(=O)C2CC(=O)N(C2)C3=CC=C(C=C3)Cl,0,1
3529948,243.26,C13H13N3O2,52.3,3.1,18,0,4,0,CN1CN(C2=CC=CC3=C(C=CC1=C32)[N+](=O)[O-])C,0,1
1021093,361.8,C18H16ClNO3S,70.9,3.6,24,0,4,4,C1COCCN1C(=S)C2=CC=C(C=C2)OC(=O)C3=CC(=CC=C3)Cl,0,1
2415002,331.4,C21H21N3O,45.2,4.3,25,1,3,3,C1CCN(CC1)C2=CC=C(C=C2)NC(=O)C3=NC4=CC=CC=C4C=C3,0,1
2449575,280.28,C16H12N2O3,67.3,4.4,21,0,3,2,CC1=C(N2C=CC=CC2=C1)C(=O)C3=CC(=CC=C3)[N+](=O)[O-],0,1
589636,305.4,C19H19N3O,48.6,3.3,23,0,4,4,CC1=NN(C(C1)C2=CC=CC=C2)C(C#N)C3=CC=C(C=C3)OC,0,1
682221,244.27,C8H12N4O3S,124,0.2,16,3,5,5,CC(C)OC(=O)CNC1=NNC(=S)NC1=O,0,1
721269,324.3,C18H16N2O4,75.7,1.7,24,1,4,5,COC1=CC=CC=C1NC(=O)CCN2C(=O)C3=CC=CC=C3C2=O,0,1
769937,331.8,C16H14ClN3OS,69,4.2,22,1,3,4,CC1=CC=C(C=C1)OCC2=NNC(=S)N2C3=CC=C(C=C3)Cl,0,1
829800,342.8,C19H19ClN2O2,58.1,4.9,24,2,3,4,CCC1=CC(=C(C=C1OC)O)C2=NNC(=C2C3=CC=CC=C3Cl)C,0,1
1504530,353.4,C18H19N5O3,106,2.5,26,1,5,4,CC1=NC2=CC=CC=C2C(=C1)CNC(=O)CN3C(=C(C(=N3)C)[N+](=O)[O-])C,0,1
3617259,339.3,C18H14FN3O3,78.8,2.4,25,1,5,4,CC1=NN(C(=O)C1C(=O)C(=O)NC2=CC=C(C=C2)F)C3=CC=CC=C3,0,1
3738653,241.24,C11H15NO5,88.8,-2.1,17,2,6,8,CCOC(=O)C(CC(=O)O)NCC1=CC=CO1,0,1
5069994,285.8,C11H16ClN5S,77.5,2.6,18,1,3,4,CCCCN1C(=NNC1=S)C2=C(C(=NN2C)C)Cl,0,1
6497396,322.4,C15H22N4O2S,103,1.5,22,1,5,5,CCCC1=NN=C(S1)NC(=O)C2CC(=O)N(C2)C3CCCC3,0,1
6623394,271.27,C14H13N3O3,74.9,1.4,20,1,4,2,CC(C(=O)O)N1C2=CC=CC=C2C3=C1C(=O)N(N=C3)C,0,1
7120054,324.4,C17H12N2O3S,86.8,3.5,23,1,4,2,COC1=CC=CC(=C1)N2C(=O)C3=C(C4=CC=CC=C4O3)NC2=S,0,1
16193785,336.4,C15H16N2O3S2,120,3.8,22,2,5,5,CC1=CC(=C(C=C1)OC)NC(=S)NC2=C(SC=C2)C(=O)OC,0,1
2837631,260.3,C18H16N2,24.9,4,20,1,2,4,C1=CC=C(C=C1)C(C2=CC=NC=C2)NC3=CC=CC=C3,0,1
944935,328.4,C17H24N6O,89.2,2.6,24,2,7,5,CC1CCN(CC1)CC2=NC(=NC(=N2)NC3=CC=C(C=C3)OC)N,0,1
972821,329.4,C17H19N3O2S,66.4,3.2,23,2,5,2,COC1=CC=C(C=C1)N2C(=C(C(=O)NC23CCCCC3)C#N)S,0,1
1189912,360.5,C17H16N2O3S2,116,3.4,24,0,6,6,CC1=CC=C(O1)C2=CSC3=C2C(=O)N(C(=N3)SCC(=O)C)CC=C,0,1
1717938,367.3,C18H13N3O6,122,2.5,27,1,6,3,COC1=CC=C(C=C1)N2C(=O)C(=CC3=CC=CC=C3[N+](=O)[O-])C(=O)NC2=O,0,1
1992283,278.29,C12H10N2O4S,113,0.8,19,1,6,4,C1=CC(=CN=C1)C=C2C(=O)N(C(=O)S2)CCC(=O)O,0,1
2990846,347.4,C16H18FN5OS,81.4,1.6,24,0,7,4,CN1C2=C(C=C(C=C2)F)C3=C1N=C(N=N3)SCCN4CCOCC4,0,1
3161131,275.68,C11H14ClNO5,88.8,-1.8,18,2,6,9,C1=COC(=C1)CNC(CC(=O)O)C(=O)OCCCl,0,1
3370799,289.4,C15H16FN3S,52.3,1.9,20,1,2,1,CNC(=S)N1CCN2C=CC=C2C1C3=CC=C(C=C3)F,0,1
3499926,299.43,C14H25N3O2S,89.2,1.9,20,2,4,11,CCCCCOCC(CCC1=NNC(=S)N1CC=C)O,0,1
3815079,350.35,C14H14N4O5S,154,3.2,24,2,8,6,CCOC(=O)C1=C(SC(=N1)NNC(=O)C2=CC=C(C=C2)[N+](=O)[O-])C,0,1
4896840,271.27,C13H13N5O2,88.9,1.2,20,2,5,2,CC1=CC=CC=C1NC(=O)C2CC(=O)N3C(=NC=N3)N2,0,1
6497389,324.4,C14H20N4O3S,113,0,22,1,6,5,COCC1=NN=C(S1)NC(=O)C2CC(=O)N(C2)C3CCCC3,0,1
6865176,320.73,C14H13ClN4O3,92.2,2,22,1,4,4,CN1C=CC=C1CC(=O)NN=CC2=CC(=C(C=C2)Cl)[N+](=O)[O-],0,1
9549493,377.22,C14H20INO3,35.5,NULL,19,0,4,4,C[N+]1(CCOCC1)CC(=O)C2=CC=C(C=C2)OC.[I-],0,2
9619291,307.3,C18H17N3O2,56,4.6,23,0,4,4,CC1=CC2=NC(=C(N2C=C1)C(=NOC(=O)C3=CC=CC=C3)C)C,0,1
11957207,463.3,C21H22INO3,49.5,NULL,26,1,4,4,CC1(C2=C(C=CC(=C2)C(=O)OC)[N+](=C1C=CC3=CC=C(C=C3)O)C)C.[I-],0,2
12005893,348.3,C15H14BrN3S,71,NULL,20,1,4,2,CC1=CC=C(C=C1)C2=[N+](SC(=N2)N)C3=CC=CC=C3.[Br-],0,2
5964889,269.26,C13H11N5O2,94.9,4.9,20,1,5,4,C1=CC=C(C=C1)NN=C(N=NC2=CC=CC=C2)[N+](=O)[O-],0,1
784629,314.4,C17H18N2O2S,65.8,3.4,22,1,3,6,CCOC1=CC=C(C=C1)OCCN2C3=CC=CC=C3NC2=S,0,1
890186,264.32,C17H16N2O,45.2,4,20,2,3,3,CC1=NC(=CC=C1)NCC2=C(C=CC3=CC=CC=C32)O,0,1
900026,171.22,C6H9N3OS,76.5,0,11,2,3,1,CN(C)C=C1C(=O)NC(=S)N1,0,1
1445364,217.33,C13H15NS,44.1,3.5,15,1,1,1,CCC1=CC2=CC(=CC(=C2NC1=S)C)C,0,1
1524005,347.4,C14H9N3O2S3,148,2.8,22,1,6,2,C1=CSC(=C1)C=C2C(=O)N(C(=S)S2)NC(=O)C3=CC=NC=C3,0,1
1939012,240.69,C10H13ClN4O,68.2,2,16,1,5,3,CCN(CC)C1=C(C2=NON=C2C(=C1)Cl)N,0,1
2255346,261.3,C12H11N3O2S,99.3,1.7,18,2,4,3,C1=CC=C(C=C1)CNC(=O)C(=O)NC2=NC=CS2,0,1
2819658,282.8,C8H11ClN2O3S2,126,1.1,16,2,5,3,CC(C)S(=O)(=O)C1=CSC(=C1Cl)C(=O)NN,0,1
2836734,310.4,C15H22N2O3S,74.9,2,21,1,4,3,CC1CCCC(N1S(=O)(=O)C2=CC=C(C=C2)NC(=O)C)C,0,1
2840496,299.71,C15H10ClN3O2,92.2,2.5,21,2,5,1,C1=CC(=CN=C1)C2C3=CC(=C(C=C3OC(=C2C#N)N)O)Cl,0,1
4199128,319.4,C21H25N3,31.9,4.2,24,1,2,3,CC1CCN(CC1)C(C2=CC=NC=C2)C3=C(NC4=CC=CC=C43)C,0,1
4536914,219.2,C10H9N3O3,81.2,0.5,16,1,5,3,C1CC1C(=O)NC2=NN=C(O2)C3=CC=CO3,0,1
4571574,349.5,C16H19N3O2S2,118,3.4,23,1,6,6,CC1=CC(=CC=C1)C2=NSC(=N2)SCC(=O)NCC3CCCO3,0,1
4683230,295.75,C11H10ClN5OS,115,3.3,19,2,5,2,CC1=C(C(=O)N(N1)C(=S)N)N=NC2=CC(=CC=C2)Cl,0,1
5067097,365.5,C16H19N3O3S2,127,3,24,1,7,7,COC1=CC=C(C=C1)C2=NSC(=N2)SCC(=O)NCC3CCCO3,0,1
5336233,267.28,C16H13NO3,48.4,1.6,20,0,4,3,C1COC2=C(O1)C=CC(=C2)C(=O)C=CC3=CC=NC=C3,0,1
6049421,375.4,C19H21NO5S,85.2,1.9,26,0,5,6,COC1=CC=C(C=C1)CN(C2CCS(=O)(=O)C2)C(=O)C=CC3=CC=CO3,0,1
6306482,236.7,C12H13ClN2O,41.5,2.8,16,1,3,2,C1CC(=NNC2=CC=C(C=C2)Cl)CC(=O)C1,0,1
6463482,378.4,C17H19FN4O3S,113,0.8,26,1,7,7,COCC1=NN=C(S1)NC(=O)C2CC(=O)N(C2)CCC3=CC=C(C=C3)F,0,1
6859105,316.4,C16H20N4OS,81.3,3.7,22,1,4,4,COC1=CC=CC(=C1)C=NN2C(=NNC2=S)C3CCCCC3,0,1
6878972,330.8,C15H11ClN4OS,85.2,3.4,22,1,4,4,C1=CC=C(C(=C1)C2=NNC(=S)N2N=CC=CC3=CC=CO3)Cl,0,1
7095928,346.4,C17H18N2O4S,119,3.1,24,2,5,5,CCC(=O)NC1=C(C(=C(S1)CC2=CC3=C(C=C2)OCO3)C)C(=O)N,0,1
7601055,312.39,C14H20N2O4S,84.1,0.9,21,1,5,6,COC1=CC=CC(=C1)C(=O)NCCS(=O)(=O)N2CCCC2,0,1
9615546,321.4,C17H15N5S,85,3.3,23,1,4,4,CC(=CC1=CC=CC=C1)C=NN2C(=NNC2=S)C3=CC=CC=N3,0,1
10881409,309.16,C13H13BrN2O2,49.7,NULL,18,0,3,2,CC1=CC=[N+](C=C1)CC2=CC=C(C=C2)[N+](=O)[O-].[Br-],0,2
13552280,339.17,C14H14INO,21,NULL,17,0,2,3,CC1=CC=C(C=C1)C(=O)C[N+]2=CC=CC=C2.[I-],0,2
135399109,210.23,C9H7FN2OS,66.8,2,14,1,4,1,C1C(=NC2=CC=C(C=C2)F)NC(=O)S1,0,1
135517573,220.27,C12H16N2O2,56.1,2.3,16,2,4,2,C1CCN(CC1)N=CC2=C(C(=CC=C2)O)O,0,1
135676326,302.4,C20H18N2O,35.8,5.1,23,1,3,4,CC(=NN(C1=CC=CC=C1)C2=CC=CC=C2)C3=CC=C(C=C3)O,0,1
828721,299.4,C16H17N3OS,75.2,3.2,21,1,3,3,CC(C)(C)N1C=NC2=C1C=CC(=C2)NC(=O)C3=CC=CS3,0,1
848929,311.8,C12H10ClN3OS2,114,3.3,19,3,3,2,C1=CSC(=C1)C(=O)NNC(=S)NC2=CC=C(C=C2)Cl,0,1
882910,282.76,C14H19ClN2O2,41.6,1.4,19,1,3,4,CC1=C(C=CC=C1Cl)NC(=O)CCN2CCOCC2,0,1
1984058,339.5,C19H21N3OS,69,4.4,24,1,3,7,CCCCOC1=CC=C(C=C1)C2=NNC(=S)N2CC3=CC=CC=C3,0,1
2987207,327.4,C18H21N3O3,80.3,1.9,24,2,4,8,CC1=CC=C(C=C1)OCC(=O)NCCCNC(=O)C2=CC=NC=C2,0,1
2476694,224.64,C10H9ClN2O2,72.2,0.8,15,2,2,3,C1=CC(=CC=C1NC(=O)C=CC(=O)N)Cl,0,1
706317,274.66,C12H7ClN4O2,76,3.6,19,0,4,1,C1=CC2=NN=C(N2C(=C1)Cl)C3=CC=C(C=C3)[N+](=O)[O-],0,1
790959,288.3,C15H13FN2OS,56.6,3.1,20,1,3,4,C1=CC=C2C(=C1)NC(=S)N2CCOC3=CC=CC=C3F,0,1
792996,300.4,C16H16N2O2S,65.8,3,21,1,3,5,COC1=CC=CC=C1OCCN2C3=CC=CC=C3NC2=S,0,1
876205,310.35,C17H18N4O2,69,3.1,23,1,4,5,CCC(=O)NC1=CC2=NN(N=C2C=C1)C3=CC=C(C=C3)OCC,0,1
931556,289.24,C14H11NO6,124,2.5,21,3,6,3,C1=CC(=CC=C1CC(=O)C2=C(C=C(C=C2O)O)O)[N+](=O)[O-],0,1
1067888,355.66,C15H16BrClN2O,19.6,4.1,20,0,3,3,C1CN(CCN1CC2=CC=C(O2)Br)C3=CC=C(C=C3)Cl,0,1
1717930,360.3,C14H8N4O6S,183,3.1,25,2,8,3,C1=CC=C2C(=C1)NC(=N2)SC3=C(C=C(C=C3[N+](=O)[O-])C(=O)O)[N+](=O)[O-],0,1
1798323,302.4,C17H22N2OS,69.4,4.1,21,2,3,7,CCCCC(=O)NC1=CC=C(C=C1)NCC2=CC=C(S2)C,0,1
2923479,352.77,C16H17ClN2O5,102,NULL,24,2,6,7,C=CCC1=C(C=CC(=C1)Cl)OCCN2C=CN=C2.C(=O)(C(=O)O)O,0,2
4392744,339.4,C14H17N3O3S2,115,1.3,22,2,5,5,CN(C)S(=O)(=O)C1=CC=CC(=C1)NC(=S)NCC2=CC=CO2,0,1
6483849,239.34,C11H17N3OS,80.2,1.5,16,1,4,5,CCNC(=O)CCSC1=NC(=CC(=N1)C)C,0,1
6852072,260.31,C13H12N2O2S,83.8,2,18,1,3,4,CC1=CC(=NC(=O)N1)SCC(=O)C2=CC=CC=C2,0,1
6899008,265.26,C12H15N3O4,96.5,2.4,19,1,5,4,CC(C)(C)OC(=O)NN=CC1=CC(=CC=C1)[N+](=O)[O-],0,1
135580037,317.21,C12H7N5O6,163,2.6,23,2,9,2,C1=CC(=C(C=C1[N+](=O)[O-])NC2=C(C=CC3=NON=C32)[N+](=O)[O-])O,0,1
949716,302.4,C19H18N4,43.6,3.4,23,0,3,1,CC1=C2C(=NN=C(C2=C(N1C3=CC=CC4=C3N=CC=C4)C)C)C,0,1
1010707,374.5,C19H22N2O4S,84.1,2.8,26,1,5,6,CC1=CC=C(C=C1)OCC(=O)NC2=CC=C(C=C2)S(=O)(=O)N3CCCC3,0,1
1017282,391.9,C24H26ClN3,18.5,5.5,28,1,3,6,C1CN(CCN1CC2=CC=CC=C2)C3=CC=C(C=C3)NCC4=CC=C(C=C4)Cl,0,1
1017283,375.5,C24H26FN3,18.5,4.9,28,1,4,6,C1CN(CCN1CC2=CC=CC=C2)C3=CC=C(C=C3)NCC4=CC=C(C=C4)F,0,1
1222695,386.5,C22H30N2O4,43.4,2.9,28,0,6,8,COC1=CC=CC(=C1OC)CN2CCN(CC2)CC3=CC(=CC(=C3)OC)OC,0,1
1377281,315.37,C17H21N3O3,65.4,3.3,23,0,5,3,CC1=C(C(=CC=C1)N2CCN(CC2)CC3=CC=C(O3)[N+](=O)[O-])C,0,1
1404043,226.3,C8H6N2O2S2,117,1.3,14,1,5,1,C1=COC(=C1)C=C2C(=O)N(C(=S)S2)N,0,1
1791668,292.36,C14H16N2O3S,99.5,2.7,20,2,4,4,COC(=O)C1=CC=C(C=C1)NC(=S)NC(=O)C2CCC2,0,1
2303048,257.24,C14H11NO4,60.7,2.1,19,1,4,3,C1OC2=C(O1)C=C(C=C2)NC(=O)C=CC3=CC=CO3,0,1
2728369,294.4,C16H14N4S,64.599,3.2,21,1,2,2,CN1C(=NNC1=S)CN2C3=CC=CC=C3C4=CC=CC=C42,0,1
5298288,283.4,C15H13N3OS,75.2,3.1,20,1,3,3,CC1=NN(C=C1)C2=CC=C(C=C2)NC(=O)C3=CC=CS3,0,1
5714550,362.4,C17H22N4O5,104,0,26,2,8,5,C1COCCN1C2=NC(=C(C=C2)NC(=O)C=CC(=O)O)N3CCOCC3,0,1
9640531,298.3,C14H14N6O2,109,-0.1,22,2,6,5,CC(=NNC(=O)C1=NC=CN=C1)CC(=O)NC2=CC=CC=N2,0,1
16681998,330.8,C19H23ClN2O,41.8,NULL,23,1,2,5,CC1=C(C2=C(N1CC3=CC=CC=C3)C=CC(=C2)OC)CC[NH3+].[Cl-],0,2
20889013,333.5,C17H19NO2S2,91.9,3.5,22,1,4,6,CCOCCCNC(=O)C1=CC2=C(S1)C3=CC=CC=C3SC2,0,1
22510442,348.17,C15H11BrFN3O,46.9,4,21,1,3,1,CC1=C2C=NN(C2=CC=C1)C(=O)NC3=C(C=C(C=C3)Br)F,0,1
586695,322.2,C14H16BrN3O,47.3,2,19,0,4,4,C1CN(CCN1CC#N)CC(=O)C2=CC=C(C=C2)Br,0,1
764346,327.4,C17H17N3O2S,78.2,3.5,23,1,4,4,CC1=CC=CC=C1N2C(=NNC2=S)C3=CC(=C(C=C3)OC)OC,0,1
839788,288.3,C14H9FN2O2S,77.6,2.6,20,1,4,2,C1=CSC(=C1)C=C2C(=O)NN(C2=O)C3=CC=C(C=C3)F,0,1
949932,273.64,C11H7ClF3N3,50.9,3.3,18,2,6,2,C1=CC=C(C(=C1)N)NC2=C(C(=NC(=C2Cl)F)F)F,0,1
1099821,298.66,C11H8ClFN4O3,92.7,1.9,20,1,5,3,C1=CC(=C(C=C1NC(=O)CN2C=C(N=C2)[N+](=O)[O-])Cl)F,0,1
1226658,356.28,C14H18BrN3OS,67.7,2.5,20,1,3,1,CC1=C(C=C(C=C1)C(=O)NC(=S)N2CCN(CC2)C)Br,0,1
1790476,385.5,C20H23N3O3S,112,4.8,27,3,4,5,CC(C)(C)C1=CC=C(C=C1)C(=O)NC(=S)NNC(=O)COC2=CC=CC=C2,0,1
1911539,339.5,C19H21N3OS,69,4.3,24,1,3,7,CCCOC1=CC=C(C=C1)CCC2=NNC(=S)N2C3=CC=CC=C3,0,1
2243106,327.5,C17H17N3S2,85,3.6,22,1,3,6,C1=CC=C(C=C1)CSCCC2=NNC(=S)N2C3=CC=CC=C3,0,1
2974702,305.8,C15H16ClN3S,66,NULL,20,2,4,4,CC1=CC2=C(N=CN=C2S1)NCCC3=CC=CC=C3.Cl,0,2
4051803,351.34,C13H13N5O5S,154,1.6,24,3,8,5,CC(=O)NC1=CC=C(C=C1)S(=O)(=O)NNC2=C(C=CC=N2)[N+](=O)[O-],0,1
4108775,271.31,C16H17NO3,55.4,1.2,20,1,3,3,CC1=CC(=O)C=C(C1(NC(=O)C2=CC=CC=C2)OC)C,0,1
4217247,327.4,C16H13N3O3S,104,2.8,23,2,5,4,COC1=CC=C(C=C1)C(=O)NC2=CC=C(C=C2)C3=NNC(=S)O3,0,1
5727635,355.4,C20H25N3O3,46.5,3.6,26,0,6,6,COC1=CC=CC=C1N2CCN(CC2)N=CC3=C(C(=CC=C3)OC)OC,0,1
6883151,291.39,C16H25N3O2,53.9,3.4,21,1,4,7,CCN(CC)C1=CC=C(C=C1)C=NNC(=O)OC(C)(C)C,0,1
9562749,345.4,C20H15N3O3,80.6,3.2,26,1,5,6,C1=CC=C(C=C1)C(=O)OC2=CC=C(C=C2)C=NNC(=O)C3=CN=CC=C3,0,1
9585829,258.32,C13H18N6,81.1,2.8,19,2,5,4,CC(C)(C)C1=CC=C(C=C1)C=NNC2=NN=CN2N,0,1
993475,381.5,C17H19NO5S2,126,2.6,25,2,7,9,COC1=CC=C(C=C1)S(=O)(=O)NC(CSCC2=CC=CC=C2)C(=O)O,0,1
1377005,311.5,C20H25NS,28.5,5,22,0,2,5,CSC1=CC=C(C=C1)CN2CCC(CC2)CC3=CC=CC=C3,0,1
535910,270.21,C10H9F3N6,105,2.2,19,3,8,2,C1=CC(=CC(=C1)N=NC2=C(NN=C2N)N)C(F)(F)F,0,1
699117,306.3,C18H14N2O3,75.3,2,23,2,4,3,CC(=O)NC1=CC=C(C=C1)NC2=CC(=O)C3=CC=CC=C3C2=O,0,1
1796830,423.5,C19H21NO6S2,115,2.6,28,0,7,6,COC1=CC=C(C=C1)S(=O)(=O)OC2=C(C=CC(=C2)C(=S)N3CCOCC3)OC,0,1
2802190,250.4,C7H10N2O2S3,133,2,14,1,6,6,CCOC(=O)CCSC1=NNC(=S)S1,0,1
3108446,322.32,C17H14N4O3,94.7,2.8,24,1,6,4,CC1=NN(C(=O)C1N=NC2=CC=CC=C2)C3=CC=CC=C3C(=O)O,0,1
3620861,278.33,C13H14N2O3S,82.9,1.7,19,1,4,3,COC1=C(C=C2C(=C1)C(=O)N(C(=S)N2)C3CC3)OC,0,1
5149831,317.2,C13H14Cl2N2OS,63.2,4.2,19,1,3,5,CCOC1=CC2=C(C=C1)N=C(N2)SCC3CC3(Cl)Cl,0,1
6469705,323.4,C15H21N3O3S,78.1,0.6,22,1,5,3,CC(=O)NC1=CC=C(C=C1)S(=O)(=O)N2CCN3CCCC3C2,0,1
6496964,360.8,C19H21ClN2O3,50.8,4,25,1,4,6,COC1=CC(=C(C=C1)N2CCCC2)NC(=O)COC3=CC=CC=C3Cl,0,1
6623292,271.27,C14H13N3O3,83.7,1.7,20,2,4,3,CCC(C(=O)O)N1C2=CC=CC=C2C3=C1C(=O)NN=C3,0,1
483860,228.7,C8H5ClN2S2,75.3,3.5,13,0,4,1,C1=CC=C(C=C1)N=C2C(=NSS2)Cl,0,1
1399755,354.8,C20H19ClN2O2,49.4,3.1,25,1,2,4,CC1=CC(=C(C=C1)N(CC2=CC(=O)NC3=CC=CC=C32)C(=O)CCl)C,0,1
1791144,365.4,C17H23N3O4S,121,3.6,25,3,5,5,COC1=CC=C(C=C1)OCC(=O)NNC(=S)NC(=O)C2CCCCC2,0,1
1791263,321.4,C15H19N3O3S,112,2.7,22,3,4,4,CC1=C(C(=CC=C1)C)OCC(=O)NNC(=S)NC(=O)C2CC2,0,1
1791317,363.5,C18H25N3O3S,112,4.3,25,3,4,4,CC1=CC(=C(C=C1)OCC(=O)NNC(=S)NC(=O)C2CCCCC2)C,0,1
1791346,370.4,C21H26N2O4,76.7,3.3,27,2,4,10,CC1=CC=C(C=C1)OCC(=O)NCCCNC(=O)COC2=CC=C(C=C2)C,0,1
1820257,381.4,C21H23N3O4,82.1,2.6,28,2,6,6,COC1=CC=C(C=C1)N2CCN(CC2)C3=CC=C(C=C3)NC(=O)C=CC(=O)O,0,1
2520863,347.8,C19H22ClNO3,49.8,4,24,1,4,5,CCOC(=O)C1CCN(CC1)CC2=C(C3=CC=CC=C3C(=C2)Cl)O,0,1
2725390,245.13,C9H6Cl2N2S,47.4,2.7,14,1,1,1,C1=CC(=C(C(=C1)Cl)Cl)N2C=CNC2=S,0,1
2815828,301.4,C15H15N3O2S,82.1,2.1,21,1,4,5,COC1=CC=CC(=C1)CC2=NNC(=S)N2CC3=CC=CO3,0,1
2816518,344.4,C21H16N2O3,76.1,3.3,26,0,5,4,CC(=O)COC1=C(C(=C2CCC3=CC=CC=C3C2=N1)C4=CC=CO4)C#N,0,1
2821091,311.4,C13H13NO4S2,117,2,20,0,7,4,CCOC(=O)C1=C2CCC3=CON=C3C2=C(S1)S(=O)C,0,1
2956407,305.31,C13H11N3O4S,116,0.7,21,4,5,3,C1=CC=C(C(=C1)NS(=O)(=O)C2=CC3=C(C=C2)NC(=O)N3)O,0,1
3159097,340.5,C20H28N4O,50.2,2.8,25,1,3,4,CCCC(=O)NC1=CC2=C(C=C1)N3CCN(CC3=N2)C4CCCCC4,0,1
4013085,304.37,C14H16N4O2S,93.5,3.4,21,2,6,5,CCOC(=O)C1=CC=C(C=C1)NC2NC3=CC(=NN3S2)C,0,1
4829397,364.4,C20H17N2OPS,70.2,5.5,25,1,4,4,CC1=CC=C(C=C1)NP(=O)(C2=CC=CC=C2)C3=NC4=CC=CC=C4S3,0,1
4874235,300.78,C16H17ClN4,56.7,3,21,1,3,1,CC1=C2C(=NN=C(C2=C(N1C3=CC(=C(C=C3)Cl)N)C)C)C,0,1
5878033,297.3,C17H15NO4,70.8,3.3,22,1,5,4,COC1=CC=C(C=C1)C=CC(=O)C2=CC3=C(C=C2N)OCO3,0,1
6876778,282.4,C15H14N4S,72.1,3.3,20,1,3,3,CCC1=NNC(=S)N1N=CC2=CC=CC3=CC=CC=C32,0,1
20899782,366.5,C22H26N2O3,52.5,3.4,27,1,3,8,CN1C=C(C2=CC=CC=C21)CCC(=O)NCCC3=C(C=CC(=C3)OC)OC,0,1
135615259,267.66,C12H10ClNO4,68.1,2.5,18,1,5,2,CC1=NOC(=O)C1=CC2=CC(=C(C(=C2)Cl)O)OC,0,1
699688,339.4,C18H17N3O2S,127,3.3,24,2,5,4,CC1=C(C(=NC2=C1C(=C(S2)C(=O)N)N)C)CC(=O)C3=CC=CC=C3,0,1
748785,322.32,C17H14N4O3,94.4,3.4,24,2,6,4,CC1=C(C(=O)N(N1)C2=CC=CC=C2)N=NC3=CC=C(C=C3)C(=O)O,0,1
843725,338.4,C13H14N4O3S2,148,2.5,22,2,6,3,CC1=C(SC(=N1)NC(=S)NC(=O)C2=CC=CO2)C(=O)N(C)C,0,1
860816,323.4,C17H13N3O2S,93.1,3.1,23,2,4,3,C1=CC=C2C=C(C(=CC2=C1)C3=NNC(=S)N3CC4=CC=CO4)O,0,1
2172274,346.4,C18H22N2O3S,76.4,3.7,24,0,4,4,CC1CCN(CC1)C2=NC(=O)C(=CC3=C(C(=CC=C3)OC)OC)S2,0,1
2215689,385.28,C14H17BrN4O2S,90.2,2.5,22,2,5,7,CC1=NNC(=S)N1NCC2=CC(=C(C(=C2)Br)OCC=C)OC,0,1
2803185,296.8,C12H9ClN2OS2,104,3,18,1,4,2,CSC1=C(C(=O)NC(S1)C2=CC=C(C=C2)Cl)C#N,0,1
2959679,317.4,C16H16FN3OS,57.1,3.3,22,2,5,1,C1CCC2(CC1)NC(=O)C(=C(N2C3=CC=C(C=C3)F)S)C#N,0,1
3439457,399.3,C15H19BrN4O2S,90.2,2.9,23,2,5,8,CCOC1=C(C(=CC(=C1)CNN2C(=NNC2=S)C)Br)OCC=C,0,1
3580538,314.4,C15H14N4O2S,106,1.1,22,2,4,4,C=CCNC(=O)CC1C(=O)N2C(=C3C=CC=CC3=NC2=S)N1,0,1
4378120,339.9,C16H22ClN3OS,76.5,3.2,22,2,2,3,CC1CC(NC(=S)N1CC(=O)NC2=CC(=C(C=C2)C)Cl)(C)C,0,1
4648501,311.4,C16H13N3O2S,70.3,2.6,22,2,5,2,CC1=CC=C(C=C1)N2C(NC(=O)C(=C2S)C#N)C3=CC=CO3,0,1
5399172,326.3,C17H14N2O5,97.6,1.8,24,2,5,6,C1=COC(=C1)CNC(=O)C(=CC2=CC=CO2)NC(=O)C3=CC=CO3,0,1
6314190,338.4,C18H14N2O3S,90.7,3.3,24,1,4,3,COC1=CC=CC=C1C=C2C(=O)NC(=S)N(C2=O)C3=CC=CC=C3,0,1
12006282,362.3,C16H16BrN3S,57,NULL,21,1,4,3,CC1=CC=C(C=C1)[N+]2=C(N=C(S2)NC)C3=CC=CC=C3.[Br-],0,2
16682490,475.4,C21H34INO3,27.7,NULL,26,0,4,6,CC(C)(C)C1=CC=C(C=C1)CCC2OCC(O2)C[N+]3(CCOCC3)C.[I-],0,2
135584609,341.19,C11H9BrN4O2S,104,2.7,19,1,6,2,CC1=C(C(=C2C3=C(C(=O)NN=N3)SC2=N1)COC)Br,0,1
763322,282.4,C17H22N4,32.299,2.7,21,0,4,3,CC1=CC(=C(C=C1)CN2CCN(CC2)C3=NC=CC=N3)C,0,1
764185,276.76,C15H17ClN2O,19.6,3.1,19,0,3,3,C1CN(CCN1CC2=CC=CO2)C3=CC=C(C=C3)Cl,0,1
764635,270.33,C15H18N4O,52.5,1.6,20,1,5,3,C1CN(CCN1CC2=CC=C(C=C2)O)C3=NC=CC=N3,0,1
1259066,305.4,C19H19N3O,44.4,3.1,23,2,2,3,CN(C)C1=CC=C(C=C1)NC(=O)NC2=CC=CC3=CC=CC=C32,0,1
8321458,268.33,C12H16N2O3S,74.9,0.9,18,1,4,2,CC1=CC(=C(C=C1)S(=O)(=O)N2CCNC(=O)C2)C,0,1
9587607,304.4,C15H16N2O3S,90.1,2.5,21,1,4,5,CCOC1=CC=C(C=C1)S(=O)(=O)N=C(C2=CC=CC=C2)N,0,1
845965,345.4,C19H15N5O2,92.9,3.2,26,2,6,5,C1=CC=C(C=C1)CN2C3=NC=NC(=C3C=N2)NC4=CC=C(C=C4)C(=O)O,0,1
872164,278.37,C14H18N2O2S,80.3,2.9,19,1,4,5,CC(C)(C)C(=O)CSC1=NC2=C(N1)C=C(C=C2)OC,0,1
1245175,275.4,C15H17NO2S,66.6,3.5,19,1,3,4,CCOC1=CC=CC=C1NC(=O)C2=CSC(=C2C)C,0,1
1524003,387.4,C17H13N3O4S2,149,2.7,26,2,7,3,COC1=C(C=CC(=C1)C=C2C(=O)N(C(=S)S2)NC(=O)C3=CC=NC=C3)O,0,1
1725541,382.5,C20H22N4O2S,89.7,2.4,27,1,3,3,CN1C(=O)C(=CC2=CN(C3=CC=CC=C32)CC(=O)N4CCCCC4)NC1=S,0,1
2307917,297.74,C16H12ClN3O,54.9,2.9,21,1,3,3,C1=CC=C2C(=C1)C=C(C(=N2)Cl)C(=O)NCC3=CC=NC=C3,0,1
2388700,301.4,C16H19N3OS,68.6,3.4,21,2,3,6,COCCNC(=S)NN(C1=CC=CC=C1)C2=CC=CC=C2,0,1
2770289,301.81,C15H24ClNO3,41.9,NULL,20,2,4,5,CC1=CC(=C(C=C1)OCC(CN2CCOCC2)O)C.Cl,0,2
2863233,377.3,C17H19N3O7,123,1.7,27,1,7,5,CCCOC(=O)C1=C(N(C(=O)NC1C2=CC3=C(C=C2[N+](=O)[O-])OCO3)C)C,0,1
2881454,362.4,C20H18N4OS,103,2.7,26,2,5,4,CC1=C(C(C(=C(N1)SC)C#N)C2=CC=NC=C2)C(=O)NC3=CC=CC=C3,0,1
3538663,263.27,C11H9N3O3S,115,2.3,18,2,4,2,C1=CC(=CC(=C1)[N+](=O)[O-])NC(=O)NC2=CC=CS2,0,1
3684136,299.77,C13H14ClNO3S,67.7,2.8,19,1,4,4,CC1=CC(=C(C=C1Cl)C)S(=O)(=O)NCC2=CC=CO2,0,1
3725664,374.4,C18H18N2O5S,128,1.1,26,2,7,8,C1=CC=NC(=C1)C2C(=C(C(=O)N2CCOCCO)O)C(=O)C3=CC=CS3,0,1
3749930,296.4,C13H16N2O2S2,104,2.5,19,1,5,2,CCC1(CC2=C(CO1)SC3=C2C(=O)NC(=N3)SC)C,0,1
4827389,308.4,C19H20N2O2,43.4,4,23,1,4,5,CC1=CC(=C2C=C(C=CC2=N1)OC)NCC3=CC=C(C=C3)OC,0,1
4830989,332.5,C17H24N4OS,88.5,3,23,3,3,3,CN(C)C1=CC=CC(=C1)C(=O)NNC(=S)NC2CC3CCC2C3,0,1
5794941,463.4,C25H21NO8,119,2.9,34,2,8,5,COC1=C(C=CC(=C1)C2C(=C(C3=CC4=C(C=C3)OCCO4)O)C(=O)C(=O)N2CC5=CC=CO5)O,0,1
6904960,346.8,C15H15ClN6S,89.9,3.3,23,1,4,3,CC1=CC=C(C=C1)N2C(=C(C(=N2)C)C=NN3C(=NNC3=S)C)Cl,0,1
7161237,311.27,C11H9N3O6S,131,-0.4,21,3,7,3,C1OC2=C(O1)C=C(C=C2)NS(=O)(=O)C3=CNC(=O)NC3=O,0,1
7198542,340.4,C20H24N2O3,64,3.2,25,2,5,5,CC1=C(C=CC(=C1O)C(=O)CN2CCN(CC2)CC3=CC=CC=C3)O,0,1
7207375,300.4,C15H16N4OS,84.3,1.3,21,0,5,4,C1CCN(C1)C(=O)CSC2=NN=C(C=C2)C3=CC=CC=N3,0,1
7217440,319.77,C13H10ClN5OS,112,1.8,21,1,5,4,C1=CC(=CC=C1C2=NN3C(=NN=C3SCC(=O)N)C=C2)Cl,0,1
7287144,264.3,C12H12N2O3S,99.6,2.3,18,1,5,2,CC1=C(SC(=C1C#N)NC(=O)C2=COCCO2)C,0,1
7593581,295.29,C16H13N3O3,77.2,2,22,1,5,4,COC1=NN=C(C=C1)C2=CC=C(C=C2)NC(=O)C3=CC=CO3,0,1
16194920,324.73,C15H14ClFN2O3,68.3,NULL,22,2,5,6,C1=CC(=CN=C1)C(=O)NCCOC(=O)C2=CC=C(C=C2)F.Cl,0,2
24761837,486,C25H28ClN3O3S,83.1,NULL,33,1,6,8,CCOC1=CC2=C(C=C1)N=C(S2)N(CCN(C)C)C(=O)C3=CC4=CC=CC=C4C=C3OC.Cl,0,2
24761841,426,C23H24ClN3OS,64.7,NULL,29,1,4,5,CC1=C2C(=CC=C1)SC(=N2)N(CCN(C)C)C(=O)C3=CC4=CC=CC=C4C=C3.Cl,0,2
24761847,447.9,C22H20ClF2N3OS,64.7,NULL,30,1,6,5,CN(C)CCN(C1=NC2=C(C=C(C=C2S1)F)F)C(=O)C3=CC4=CC=CC=C4C=C3.Cl,0,2
24761854,456,C24H26ClN3O2S,73.9,NULL,31,1,5,6,CC1=C2C(=C(C=C1)OC)N=C(S2)N(CCN(C)C)C(=O)C3=CC4=CC=CC=C4C=C3.Cl,0,2
24761862,472,C24H26ClN3O3S,83.1,NULL,32,1,6,7,CN(C)CCN(C1=NC2=C(C=CC(=C2S1)OC)OC)C(=O)C3=CC4=CC=CC=C4C=C3.Cl,0,2
24761868,440,C24H26ClN3OS,64.7,NULL,30,1,4,5,CC1=CC(=C2C(=C1)N=C(S2)N(CCN(C)C)C(=O)C3=CC4=CC=CC=C4C=C3)C.Cl,0,2
24761870,500.1,C26H30ClN3O3S,83.1,NULL,34,1,6,9,CCN(CC)CCN(C1=NC2=C(S1)C=C(C=C2)OC)C(=O)C3=CC4=CC=CC=C4C=C3OC.Cl,0,2
24761884,470,C25H28ClN3O2S,73.9,NULL,32,1,5,8,CCN(CC)CCN(C1=NC2=C(S1)C=C(C=C2)OC)C(=O)C3=CC4=CC=CC=C4C=C3.Cl,0,2
24761888,429.9,C22H21ClFN3OS,64.7,NULL,29,1,5,5,CN(C)CCN(C1=NC2=C(S1)C=C(C=C2)F)C(=O)C3=CC4=CC=CC=C4C=C3.Cl,0,2
24761894,440,C24H26ClN3OS,64.7,NULL,30,1,4,5,CC1=CC(=C2C(=C1)SC(=N2)N(CCN(C)C)C(=O)C3=CC4=CC=CC=C4C=C3)C.Cl,0,2
135548689,362.4,C17H22N4O3S,111,3.3,25,2,6,5,COC1=CC(=CC(=C1O)OC)C=NN2C(=NNC2=S)C3CCCCC3,0,1
135651380,337.4,C17H12FN5S,87.9,3.5,24,2,4,3,C1=CC=C2C(=C1)C(=CN2)C=NN3C(=NNC3=S)C4=CC=CC=C4F,0,1
6602834,427.7,C19H21BrClFN2O,23.6,NULL,25,1,4,5,C1CN(CCN1CCC(=O)C2=CC=C(C=C2)Br)C3=CC=CC=C3F.Cl,0,2
765234,323.4,C21H25NO2,29.5,4.1,24,0,3,6,CCOC(=O)C1CCN(CC1)CC2=CC=C(C=C2)C3=CC=CC=C3,0,1
2803152,266.34,C17H18N2O,32.299,2.9,20,1,2,3,CN(C)C1=CC=C(C=C1)CC2C3=CC=CC=C3NC2=O,0,1
2807475,283.19,C11H11BrN2S,67.2,NULL,15,2,3,0,C1CC2=C(C3=CC=CC=C31)N=C(S2)N.Br,0,2
931564,196.2,C9H12N2O3,69.3,1.8,14,1,4,2,CN(C)CC1=C(C(=CC=C1)[N+](=O)[O-])O,0,1
1705641,285.17,C9H9BrN4S,92.9,2.7,15,2,4,3,C1=CC(=CC(=C1)Br)CSC2=NNC(=N2)N,0,1
5071689,293.4,C19H19NO2,42.2,3.7,22,1,2,5,CC1=CC=C(C=C1)CN2C=C(C3=CC=CC=C32)CCC(=O)O,0,1
135421727,262.69,C12H11ClN4O,65.8,1.7,18,2,3,3,CC1=CC(=O)NC(=N1)NN=CC2=CC=CC=C2Cl,0,1
2726174,317.32,C14H11N3O4S,125,2.3,22,0,6,2,CC1=C(C(=NC(=C1[N+](=O)[O-])C)S(=O)(=O)C2=CC=CC=C2)C#N,0,1
2812147,235.21,C11H10FN3O2,67.2,2.4,17,2,5,3,CC1=CC(=NO1)C(=O)NNC2=CC=CC=C2F,0,1
9580114,299.3,C15H13N3O2S,90.7,2.6,21,1,5,4,CC1=CC=C(C=C1)S(=O)(=O)NN=CC2=CC=C(C=C2)C#N,0,1
23961339,298.29,C16H14N2O4,75.4,3.3,22,0,5,3,COC(=O)C1=CC(=C(C=C1)N2CCC3=CC=CC=C32)[N+](=O)[O-],0,1
677064,246.29,C12H10N2O2S,84,3,17,0,4,3,C1=CC=C(C(=C1)CSC2=CC=CC=N2)[N+](=O)[O-],0,1
2739786,277.3,C13H11NO4S,116,2,19,2,6,3,CC1=C(C(=C(C(=N1)C)C(=O)O)C2=CSC=C2)C(=O)O,0,1
2743573,245.23,C9H6F3N3S,68.5,2.7,16,2,4,1,C1=CC(=CC=C1C2=NC(=S)NN2)C(F)(F)F,0,1
12539171,348.3,C16H14BrNOS,49.2,NULL,20,0,3,3,CC1=[N+](C2=CC=CC=C2S1)CC(=O)C3=CC=CC=C3.[Br-],0,2
20887719,267.28,C15H13N3O2,68,2.7,20,1,4,3,CCC1=NC2=C(N1C3=CC=C(C=C3)C(=O)O)N=CC=C2,0,1
834487,330.4,C22H22N2O,41.1,4.7,25,2,2,6,CCC(=O)NC1=CC=C(C=C1)NCC2=CC=C(C=C2)C3=CC=CC=C3,0,1
2772496,345.4,C16H19N5O2S,118,2,24,2,6,6,CC(C)OC1=CC=C(C=C1)OCCN2C3=NC=NC(=C3NC2=S)N,0,1
2876608,294.8,C13H15ClN4S,74,2.2,19,2,2,5,C1=CC(=CC(=C1)Cl)NC(=S)NCCCN2C=CN=C2,0,1
5727534,324.4,C18H20N4O2,64.7,3.9,24,0,5,3,CC1=CC=C(C=C1)N2CCN(CC2)N=CC3=CC=CC=C3[N+](=O)[O-],0,1
6872689,297.31,C16H15N3O3,93.8,2.4,22,2,4,5,CC1=CC=C(C=C1)C(=O)OC2=CC=C(C=C2)C=NNC(=O)N,0,1
752768,295.13,C12H11BrN2O2,58.2,1.8,17,2,3,2,C1CNC(=O)C(=CC(=O)C2=CC=C(C=C2)Br)N1,0,1
834702,288.39,C15H24N6,58.9,3.1,21,1,5,8,CCCN1C(=NN=N1)NCC2=CC=C(C=C2)N(CC)CC,0,1
1225672,251.2,C9H9N5O4,119,0.2,18,1,6,3,CC1=CC(=NO1)NC(=O)CN2C=C(C=N2)[N+](=O)[O-],0,1
1611627,252.14,C7H4N6O5,156,1.1,18,1,8,1,C1=C(C=C(C(=C1N2C=NN=N2)O)[N+](=O)[O-])[N+](=O)[O-],0,1
2303040,243.26,C14H13NO3,51.5,2.3,18,1,3,4,COC1=CC=CC=C1NC(=O)C=CC2=CC=CO2,0,1
2789706,342.9,C19H23ClN4,41,NULL,24,2,4,6,CN(C)CCCNC1=NC(=NC2=CC=CC=C21)C3=CC=CC=C3.Cl,0,2
3123184,336.5,C12H24N4O3S2,140,-1,21,4,5,0,C1CNC(=S)NCCOCCOCCOCCNC(=S)N1,0,1
3150558,290.3,C13H10N2O4S,121,3,20,1,6,4,CC1=C(SC(=C1C#N)NC(=O)C2=CC=CO2)C(=O)OC,0,1
4445693,273.3,C19H15NO,32.6,4.9,21,1,2,3,C=CC1=CC=C(C=C1)N=CC2=C(C=CC3=CC=CC=C32)O,0,1
5919709,266.21,C11H10N2O6,121,0.9,19,2,6,4,COC1=C(C=CC(=C1)[N+](=O)[O-])NC(=O)C=CC(=O)O,0,1
20939982,313.4,C19H27N3O,48.1,3.3,23,2,2,4,CC1=C(NC2=C1C=C(C=C2)C(=O)NCCN3CCCCCC3)C,0,1
2790527,322.8,C19H15ClN2O,45.2,NULL,23,3,3,2,C1=CC=C2C(=C1)C(=C3C=CC=CC3=N2)NC4=CC(=CC=C4)O.Cl,0,2
2831581,340.9,C16H21ClN2O2S,70.6,NULL,22,2,4,5,CN(C)CCOC(=O)C1=CC2=C(C=C1)NC3=C2CSCC3.Cl,0,2
2935550,325.4,C17H27NO5,95.9,NULL,23,3,6,7,CCC(C)NCCOC1=CC(=CC(=C1C)C)C.C(=O)(C(=O)O)O,0,2
2958354,239.74,C13H18ClNO,32.299,NULL,16,3,2,5,CCC(CO)NCC#CC1=CC=CC=C1.Cl,0,2
2971918,344.8,C18H21ClN4O,70.1,NULL,24,4,5,5,CC1=C(C=C(C=C1)NC2=NC3=CC=CC=C3C(=N2)NCCO)C.Cl,0,2
2972188,315.8,C16H18ClN5,67.1,NULL,22,3,5,3,CN(C)C1=CC=C(C=C1)NC2=NC3=CC=CC=C3C(=N2)N.Cl,0,2
6456344,354.4,C20H22N2O4,93.6,NULL,26,3,5,6,CN(CCC1=CC=CC=C1)CC2=CNC3=CC=CC=C32.C(=O)(C(=O)O)O,0,2
16188038,323.26,C13H26IN,0,NULL,15,0,1,0,CC1CC2(CCCC[N+]2(C)C)CC1C.[I-],0,2
16188098,433.4,C25H25BrN2,7.1,NULL,28,0,2,4,CCN1C(=CC2=CC=[N+](C3=CC=CC=C23)CC=C)C=CC4=C1C=CC(=C4)C.[Br-],0,2
16189423,421.3,C18H20IN3O,37.9,NULL,23,1,2,3,CC[N+]1=C(N(C2=C1C=C(C=C2)NC(=O)C)C3=CC=CC=C3)C.[I-],0,2
16192627,265.78,C14H20ClN3,43.8,NULL,18,2,2,1,CC1=NC2=C(N1C3CCCCC3)C=CC(=C2)N.Cl,0,2
16193566,530.7,C25H30N4O3S3,147,NULL,35,1,7,7,CCN(CC)CC.COC1=CC(=C(C=C1)N2C(=O)C3=C(NC2=S)N(C(=S)S3)C4=CC=CC=C4)OC,0,2
16195120,264.2,C11H22BrNO,20.2,NULL,14,1,2,1,C[N+]12CCCCC1C(CCC2)CO.[Br-],0,2
16195263,227.69,C10H14ClN3O,74.9,NULL,15,4,3,3,C1=CC2=C(C=C1N)NC(=N2)CCCO.Cl,0,2
16247818,298.84,C13H19ClN4S,86.4,NULL,19,2,3,2,C[N+]1=CC=CC=C1C2CCCCC2=NNC(=S)N.[Cl-],0,2
16248606,307.4,C17H25NO4,86.6,NULL,22,3,5,5,C1CCCC(CC1)NCCC2=CC=CC=C2.C(=O)(C(=O)O)O,0,2
16681803,251.79,C15H22ClN,12,NULL,17,2,1,0,CC1CC2(CCCC2)NC3=C(C=CC=C13)C.Cl,0,2
16682139,344.23,C14H21IN2,27.1,NULL,17,2,2,2,CCCN1C2=C(CCC2)C(=N)C3=C1CCC3.I,0,2
16682319,296.77,C13H13ClN2O2S,85.3,NULL,19,1,4,4,C1=CC(=CC=C1[N+](=O)[O-])SCCC2=CC=[NH+]C=C2.[Cl-],0,2
23723895,294.69,C13H11ClN2O4,104,NULL,20,1,5,0,C1=CC=[N+]2C(=C1)C=CC3=C2C=C(C=C3)N.[O-]Cl(=O)(=O)=O,0,2
23724291,370.9,C19H15ClN2O2S,93.6,NULL,25,4,5,3,C1=CC=C2C(=C1)C=CC=C2NC3=NC(=CS3)C4=CC(=C(C=C4)O)O.Cl,0,2
23724438,343.24,C13H15BrN2O2S,69.4,NULL,19,1,4,5,CN1C=CN=C1SCC(=O)C2=CC(=CC=C2)OC.Br,0,2
24747126,293.77,C13H12ClN3OS,86.3,NULL,19,3,5,2,CC1=CC2=C(N=CN=C2S1)NC3=CC=C(C=C3)O.Cl,0,2
24761099,276.72,C14H13ClN2O2,57.8,NULL,19,3,3,1,CC1=CC2=NC(=CN2C=C1)C3=CC(=C(C=C3)O)O.Cl,0,2
24761146,376.23,C17H17IN2,19.7,NULL,20,1,1,2,CC1=CC2=C(C=C1)NC=C2C=CC3=CC=[N+](C=C3)C.[I-],0,2
24792477,345.2,C14H18Cl2N4O2,54.5,NULL,22,1,4,3,CN1CCN(CC1)C(=O)C2=CC=C(O2)CN3C=C(C=N3)Cl.Cl,0,2
625270,302.33,C15H18N4O3,88,3,22,0,6,2,CC1=NN=C(O1)C2=CC(=C(C=C2)N3CCCCCC3)[N+](=O)[O-],0,1
1416550,310.3,C18H18N2O3,62.6,2.5,23,1,3,4,CC(C)N(CC1=CC2=CC=CC=C2NC1=O)C(=O)C3=CC=CO3,0,1
2945478,291.5,C16H25N3S,59.7,3.9,20,1,2,3,CC(C)CN1C(=NNC1=S)C23CC4CC(C2)CC(C4)C3,0,1
4150830,289.74,C13H8ClN3OS,77.3,2.3,19,1,3,1,C1=CC(=CN=C1)N2C(=O)C3=C(C=C(C=C3)Cl)NC2=S,0,1
5338400,331.5,C19H29N3O2,53.9,3.7,24,1,4,5,CC1=C(C=CC(=C1C)OC)C=NNC(=O)CN2CCCCCCC2,0,1
5344059,338.4,C20H22N2O3,62.6,3.2,25,1,3,4,CC1CCN(CC1)C(=O)C(=CC2=CC=CO2)NC(=O)C3=CC=CC=C3,0,1
5345605,296.3,C15H12N4OS,126,1.8,21,3,3,2,C1=CC=C2C(=C1)C3=C(C2=NNC(=S)N)C=CC=C3C(=O)N,0,1
5399899,221.26,C11H15N3O2,63.6,1.5,16,1,4,4,CC(C)(C)OC(=O)NN=CC1=CN=CC=C1,0,1
5408044,282.29,C16H14N2O3,79.3,2.8,21,2,5,5,CC(=CC(=O)C1=CN=CC=C1)NC2=CC=C(C=C2)C(=O)O,0,1
20967419,246.26,C13H14N2O3,70,1.1,18,1,4,3,CC1=CC=C(C=C1)C2=NN(C(=O)CC2)CC(=O)O,0,1
135829861,293.28,C16H11N3O3,95.1,3.1,22,2,6,3,C1=CC2=C(C=CC(=C2N=NC3=CC=C(C=C3)C(=O)O)O)N=C1,0,1
2787512,301.32,C14H11N3O3S,119,3.3,21,2,4,2,C1=CC=C(C=C1)C(=O)NC(=S)NC2=CC=CC=C2[N+](=O)[O-],0,1
687498,291.32,C14H13NO4S,108,3.1,20,2,5,4,CC1=C(SC(=C1C(=O)O)NC(=O)C=CC2=CC=CO2)C,0,1
854314,232.3,C11H8N2S2,96.2,2,15,1,3,1,CC1=CC(=C(C(=S)N1)C#N)C2=CC=CS2,0,1
1094903,368.4,C19H16N2O4S,95.1,2.8,26,2,5,4,CCN1C2=C3C(=C(C=C2)S(=O)(=O)NC4=CC=CC=C4O)C=CC=C3C1=O,0,1
1260064,277.34,C13H15N3O2S,78.2,2.2,19,1,4,5,COC1=CC=CC(=C1OC)C2=NNC(=S)N2CC=C,0,1
2725868,288.76,C13H9ClN4S,72.6,2.8,19,1,3,2,C1=CC(=CN=C1)N2C(=NNC2=S)C3=CC=C(C=C3)Cl,0,1
2815019,317.37,C14H15N5O2S,110,1.3,22,1,5,2,CN1C2=C(N=C1SC3=CC=CC=C3N)N(C(=O)N(C2=O)C)C,0,1
2983868,300.22,C12H14BrNOS,53.4,2.9,16,1,2,3,C1CC(OC1)CNC(=S)C2=CC=C(C=C2)Br,0,1
3973861,266.4,C16H14N2S,47.4,3.5,19,1,1,2,CC1=CC(=CC=C1)N2C=C(NC2=S)C3=CC=CC=C3,0,1
5002105,325.32,C16H15N5O3,106,2.5,24,1,5,5,C1=CC=C2C(=C1)C=CC=C2NC(=O)CCCN3C=NC(=N3)[N+](=O)[O-],0,1
6414465,274.3,C13H15FN6,81.6,1.9,20,2,6,4,CCCCN1C2=C(C=C(C=C2)F)C3=C1N=C(N=N3)NN,0,1
6414487,260.269,C12H13FN6,81.6,1.5,19,2,6,3,CCCN1C2=C(C=C(C=C2)F)C3=C1N=C(N=N3)NN,0,1
11277899,297.3,C15H11N3O2S,94.8,2.9,21,2,4,3,C1=CC=C(C=C1)C(=O)NC2=CC=C(C=C2)C3=NNC(=S)O3,0,1
15999022,300.4,C19H16N4,42.2,4.6,23,1,3,3,CC1=CC=CN2C1=NC(=C2NC3=CC=CC=C3)C4=CC=CC=N4,0,1
16019302,339.4,C14H17N3O3S2,129,1.4,22,2,6,6,CN(C)C1=CC=C(C=C1)CNS(=O)(=O)C2=CSC(=C2)C(=O)N,0,1
16681775,275.3,C15H17NO4,86.6,3,20,3,5,3,CC1CCCC(=CNC2=CC(=C(C=C2)C(=O)O)O)C1=O,0,1
20887813,279.31,C13H13NO4S,101,1.7,19,2,5,3,CC1=C(C=C(C=C1)C(=O)O)NC(=O)C2=CSCCO2,0,1
21205130,314.3,C20H14N2O2,61.7,4.7,24,2,4,3,C1=CC=C(C=C1)NN=C2C3=C(C4=CC=CC=C42)C(=CC=C3)C(=O)O,0,1
22582983,236.25,C9H8N4O2S,98.2,0.5,16,1,5,2,C1CSC2=NN=C(N21)NC(=O)C3=CC=CO3,0,1
24762052,350.77,C16H16ClFN4O2,82.3,NULL,24,3,7,4,COC1=C(C=C2C(=C1)C(=NC(=N2)NC3=CC=C(C=C3)F)N)OC.Cl,0,2
135458866,349.18,C15H13BrN2O3,78.8,3.4,21,1,5,3,CC1=C(OC(=C1C#N)N=CC2=CC(=C(C(=C2)Br)O)OC)C,0,1
5918787,240.3,C15H16N2O,28.7,2.3,18,0,2,3,CN(C)C1=CC=C(C=C1)C=CC2=CC=CC=[N+]2[O-],0,1
3712205,253.38,C15H27NO2,29.5,4.1,18,0,3,7,C1CCC(CC1)CCCOC(=O)CN2CCCC2,0,1
746518,342.4,C17H18N4O2S,108,2.7,24,2,5,3,COC1=CC=C(C=C1)N2C(=O)C3=C(N=C2NN)SC4=C3CCCC4,0,1
899156,331.8,C16H14ClN3OS,69,3.7,22,1,3,4,COC1=C(C=C(C=C1)Cl)C2=NNC(=S)N2CC3=CC=CC=C3,0,1
935678,323.4,C16H21NO4S,92.9,2.7,22,1,5,5,CCOC(=O)C1=C(SC2=C1CC(OC2)(C)C)NC(=O)C3CC3,0,1
971628,338.9,C15H19ClN4OS,72.2,2.3,22,1,4,5,C1COCCN1CCCN2C(=NNC2=S)C3=CC=C(C=C3)Cl,0,1
975800,322.4,C20H26N4,33.1,4.4,24,1,3,7,CCN1C2=CC=CC=C2N=C1NCC3=CC=C(C=C3)N(CC)CC,0,1
1080691,370.9,C15H15ClN2O3S2,113,3.7,23,1,6,3,CC1(CC2=C(C(=O)C1)SC(=N2)NS(=O)(=O)C3=CC=C(C=C3)Cl)C,0,1
2945330,337.5,C20H23N3S,59.7,5.2,24,1,2,4,CC(C1=CC=CC=C1)N2C(=NNC2=S)C3=CC=C(C=C3)C(C)(C)C,0,1
3106486,305.31,C12H11N5O3S,153,1.6,21,2,7,3,CC1=NN(C(=O)C1N=NC2=CC=CC(=C2)C(=O)O)C(=S)N,0,1
3106494,305.36,C13H15N5O2S,125,2.5,21,1,6,4,CCOC1=CC=CC=C1N=NC2C(=NN(C2=O)C(=S)N)C,0,1
3106499,318.36,C13H14N6O2S,145,1.3,22,2,6,3,CC1=NN(C(=O)C1N=NC2=CC=C(C=C2)NC(=O)C)C(=S)N,0,1
3106500,306.3,C11H10N6O3S,161,1.9,21,1,7,2,CC1=NN(C(=O)C1N=NC2=CC=C(C=C2)[N+](=O)[O-])C(=S)N,0,1
3648614,346.8,C16H11ClN2O3S,102,2.9,23,2,4,3,C1=CC(=CC=C1CN2C(=O)C3=C(C=C(C=C3)Cl)NC2=S)C(=O)O,0,1
4093954,353.5,C14H19N5O2S2,138,3,23,1,8,6,CCN(CC)S(=O)(=O)C1=CC=CC(=C1)N=NC2=C(N=C(S2)N)C,0,1
4197619,327.4,C18H21N3OS,76.3,3.2,23,2,2,5,CC1=C(C2=CC=CC=C2N1)CCN(CC3=CC=CO3)C(=S)NC,0,1
4373621,337.5,C17H24FN3OS,76.5,2.2,23,2,3,5,CC1CC(NC(=S)N1CCC(=O)NCC2=CC=C(C=C2)F)(C)C,0,1
4529187,308.5,C15H20N2OS2,92.7,4.1,20,1,3,1,CC(C)(C)C1CCC2=C(C1)SC3=C2C(=O)N(C(=S)N3)C,0,1
5339790,310.35,C17H18N4O2,83.4,1.2,23,2,4,6,CC1=CC=CC=C1NC(=O)CCC(=O)NN=CC2=CC=NC=C2,0,1
5378449,296.3,C11H12N4O4S,127,1.1,20,1,7,2,CC(=NNC1=C2C(=CC(=C1)[N+](=O)[O-])S(=O)N(C2=O)C)C,0,1
6874699,390.3,C20H14N4O5,126,3.8,29,1,7,4,CC1=CC=C(O1)C2=NC3=CC=CC=C3C(=C2)C(=O)NN=CC4=CC=C(O4)[N+](=O)[O-],0,1
7285079,261.25,C13H12FN3O2,70.6,2.6,19,2,5,1,C1CC2=C(C(=NO)C1)N=C(N2O)C3=CC=CC=C3F,0,1
9556891,336.8,C13H9ClN4OS2,127,3.8,21,2,5,4,C1=CSC(=C1)C=NNC(=O)C2=NNC(=C2)C3=CC=C(S3)Cl,0,1
9648009,332.74,C16H13ClN2O4,80.2,3.7,23,2,6,4,CC(=NNC1=CC(=C(C=C1)Cl)C(=O)O)C2=CC3=C(C=C2)OCO3,0,1
16193306,272.5,C7H8Cl3N3O2,61.1,2.7,15,1,4,1,CN1CCNC1=C(C(=C(Cl)Cl)Cl)[N+](=O)[O-],0,1
16194037,287.4,C15H17N3OS,76.5,1.4,20,2,3,2,CC(C1=CC=CC=C1)N2CCC3=C(C2)C(=O)NC(=S)N3,0,1
16682278,382.8,C20H19ClN4O2,72.2,NULL,27,3,6,6,COC1=CC=CC=C1NC2=NC3=CC=CC=C3C(=N2)NCC4=CC=CO4.Cl,0,2
17325415,304.4,C19H20N4,57.4,4.6,23,2,2,4,CCC1=NC2=C(N1)C=C(C=C2)CC3=CC4=C(C=C3)N=C(N4)CC,0,1
20940027,313.4,C19H27N3O,37.3,2.9,23,1,2,5,CC1=C(N(C2=C1C=C(C=C2)C(=O)NCCCN3CCCC3)C)C,0,1
20940117,310.4,C19H22N2O2,47.2,3.4,23,1,2,5,CCN1C(=C(C2=C1C=CC(=C2)C(=O)NCCC3=CC=CO3)C)C,0,1
22582984,315.15,C9H7BrN4O2S,98.2,1.6,17,1,5,2,C1CSC2=NN=C(N21)NC(=O)C3=CC=C(O3)Br,0,1
24762029,312.29,C17H13FN2O3,58.6,2.9,23,1,4,3,COC1=CC=CC(=C1)C=C2C(=O)NN(C2=O)C3=CC=C(C=C3)F,0,1
571692,334.4,C19H18N4O2,86.9,2.3,25,3,3,6,C1=CC=C(C=C1)CNC(=O)C2=C(N=CN2)C(=O)NCC3=CC=CC=C3,0,1
1258368,320.23,C10H11F3N6O3,99.6,0.5,22,2,8,2,CN1C2=C(N=C1NNC(=O)C(F)(F)F)N(C(=O)N(C2=O)C)C,0,1
1502284,258.269,C14H14N2O3,84.6,1.5,19,2,4,2,C1CCN(C1)C(=O)C(=CC2=CC(=C(C=C2)O)O)C#N,0,1
1812398,353.4,C20H19NO5,69,2.5,26,0,5,6,CC1=C(C(=CC2=CC=CO2)C(=O)N1CC3=CC=C(C=C3)OC)C(=O)OC,0,1
3372572,345.4,C18H20FN3OS,76.3,3.3,24,2,3,5,CC1=C(C2=C(N1)C=CC(=C2)F)CCN(CC3=CC=CO3)C(=S)NC,0,1
4068157,371.5,C20H25N3O2S,85.5,3.1,26,2,3,8,CC1=C(C2=CC=CC=C2N1)CCN(CC3=CC=CO3)C(=S)NCCOC,0,1
4096357,385.5,C21H27N3O2S,85.5,3.4,27,2,3,8,CC1=CC2=C(C=C1)NC(=C2CCN(CC3=CC=CO3)C(=S)NCCOC)C,0,1
4162905,316.4,C14H12N4OS2,117,2.6,21,2,4,4,C1=CC=C(C=C1)N2C(=NNC2=S)CNC(=O)C3=CC=CS3,0,1
4235445,339.37,C14H17N3O5S,130,1,23,3,7,8,CCOC1=CC=C(C=C1)S(=O)(=O)NC(CC2=CN=CN2)C(=O)O,0,1
4597757,261.36,C16H23NO2,29.5,3.5,19,0,3,7,CCCCN(CC1=CC=C(O1)C)CC2=CC=C(O2)C,0,1
4602650,346.4,C15H14N4O2S2,126,2.5,23,2,5,5,COC1=CC=C(C=C1)N2C(=NNC2=S)CNC(=O)C3=CC=CS3,0,1
4685800,333.5,C18H27N3OS,76.5,3.4,23,2,2,4,CC1CC(NC(=S)N1CC(=O)NC2=CC=C(C=C2)C(C)C)(C)C,0,1
5392989,331.8,C14H10ClN5OS,111,2.7,22,2,5,4,C1=CC(=CN=C1)C=NNC(=O)C2=NNC(=C2)C3=CC=C(S3)Cl,0,1
7162193,323.4,C17H13N3O2S,82.4,2.6,23,0,6,4,C1OC2=C(O1)C=C(C=C2)C3=NN=C(C=C3)SCC4=CN=CC=C4,0,1
7207422,307.4,C17H13N3OS,81,2.7,22,0,5,5,C1=CC=C(C=C1)C(=O)CSC2=NN=C(C=C2)C3=CC=NC=C3,0,1
7217840,364.8,C18H13ClN6O,85.1,2.5,26,1,5,3,CC1=NN=C2N1N=C(C=C2)C3=CC=C(C=C3)NC(=O)C4=CN=C(C=C4)Cl,0,1
7593506,295.29,C16H13N3O3,77.2,2,22,1,5,4,COC1=NN=C(C=C1)C2=CC(=CC=C2)NC(=O)C3=CC=CO3,0,1
23863715,353.4,C14H15N3O4S2,157,2.1,23,2,7,6,CCC1=CC(=C(S1)N=CC2C(=O)NC(=S)NC2=O)C(=O)OCC,0,1
23975044,339.4,C13H13N3O4S2,157,1.6,22,2,7,5,CCOC(=O)C1=C(SC(=C1)C)N=CC2C(=O)NC(=S)NC2=O,0,1
24748012,285.29,C16H15NO4,57.1,2.7,21,0,5,5,CCOC1=C(C=CC(=C1)C=C2C(=NOC2=O)C)OCC#C,0,1
24748033,289.33,C16H19NO4,57.1,3.4,21,0,5,6,CCCOC1=C(C=C(C=C1)C=C2C(=NOC2=O)C)OCC,0,1
135615569,237.64,C11H8ClNO3,58.9,2.5,16,1,4,1,CC1=NOC(=O)C1=CC2=CC(=C(C=C2)O)Cl,0,1
681195,288.3,C15H13FN2OS,73.2,2.9,20,2,3,3,CC(=O)C1=CC(=CC=C1)NC(=S)NC2=CC=C(C=C2)F,0,1
3089359,344.28,C15H12N4O6,150,1.6,25,2,6,3,CC(=O)NC1=CC=C(C=C1)NC(=O)C2=CC(=CC(=C2)[N+](=O)[O-])[N+](=O)[O-],0,1
5150646,298.4,C17H18N2OS,57.6,4.1,21,1,2,2,CCC(C)NC(=O)N1C2=CC=CC=C2SC3=CC=CC=C31,0,1
2929963,226.32,C11H15FN2S,56.2,3,15,2,2,3,CCC(C)NC(=S)NC1=CC=C(C=C1)F,0,1
5713752,302.5,C16H18N2S2,103,3.6,20,2,4,6,C1=CC=C(C(=C1)N)SCC=CCSC2=CC=CC=C2N,0,1
762646,216.24,C12H12N2O2,61.6,3.1,16,1,2,0,C1CCC2=C(C1)C3=C(N2)C(=CC=C3)[N+](=O)[O-],0,1
793579,258.3,C13H10N2O2S,94.3,3.1,18,1,4,2,C1CC2=C(C1)SC(=C2C#N)NC(=O)C3=CC=CO3,0,1
2166728,293.32,C16H15N5O,83.6,2.3,22,2,4,5,C1=CC=C(C=C1)C(CC(=O)NC2=NNN=N2)C3=CC=CC=C3,0,1
2314619,344.5,C19H24N2O2S,57.8,3.1,24,1,4,5,CC(C)(CN1CCC2=CC=CC=C2C1)NS(=O)(=O)C3=CC=CC=C3,0,1
2403408,253.26,C14H11N3O2,75,1.4,19,1,4,4,C1=CC(=CC=C1C#N)OCC(=O)NC2=CC=NC=C2,0,1
3388975,271.18,C10H11BrN2S,42.6,3.6,14,0,2,3,CCSCC1=C(N2C=CC=CC2=N1)Br,0,1
4194972,324.5,C17H28N2O2S,57.8,3.3,22,1,4,6,CCC1CCCCN1CC(C)(C)NS(=O)(=O)C2=CC=CC=C2,0,1
4825618,245.25,C13H12FN3O,53.2,2.7,18,3,3,3,C1=CC=C(C=C1)NNC(=O)NC2=CC=CC=C2F,0,1
5873109,257.35,C11H19N3O2S,109,0.7,17,2,4,4,CC(=NNC(=S)N)CCC1CC(OC1=O)(C)C,0,1
2094798,272.3,C18H12N2O,52.9,3.7,21,1,2,2,C1=CC=C2C=C(C=CC2=C1)NC(=O)C3=CC=C(C=C3)C#N,0,1
5112352,317.28,C13H12FN7O2,106,2.1,23,2,7,3,CN1C2=C(C(=O)N(C1=O)C)NC(=N2)N=NNC3=CC=CC=C3F,0,1
5337694,349.32,C14H11N3O6S,131,2.2,24,1,8,4,C1OC2=C(O1)C=C(C=C2)C=NNS(=O)(=O)C3=CC=C(C=C3)[N+](=O)[O-],0,1
5342833,290.24,C10H10N8O3,161,-0.1,21,3,7,3,CN1C2=C(C(=O)N(C1=O)C)NC(=N2)NN=C(C#N)C(=O)N,0,1
5396556,331.32,C17H17NO6,83.4,2.3,24,0,7,6,CC1=CC(=NOC(=O)C2=CC(=C(C(=C2)OC)OC)OC)C=CC1=O,0,1
5654285,277.3,C13H11NO4S,81.2,2.1,19,0,5,3,CC1=CC(=NOS(=O)(=O)C2=CC=CC=C2)C=CC1=O,0,1
5777448,305.4,C15H15NO4S,81.2,2.9,21,0,5,3,CC1=CC=C(C=C1)S(=O)(=O)ON=C2C=CC(=O)C(=C2C)C,0,1
5802924,327.3,C14H13N7O3,140,2.4,24,2,8,4,CC1=NN=C(N1N)NN=CC2=CC=C(O2)C3=CC=CC=C3[N+](=O)[O-],0,1
5855786,313.27,C13H11N7O3,140,2,23,2,8,4,C1=CC=C(C(=C1)C2=CC=C(O2)C=NNC3=NN=CN3N)[N+](=O)[O-],0,1
5904845,271.27,C14H13N3O3,79.4,3.9,20,1,5,4,COC1=CC=CC=C1C=NNC2=CC=CC=C2[N+](=O)[O-],0,1
5919012,307.4,C19H21N3O,44.7,3.1,23,1,3,5,CN(C)C1=CC=C(C=C1)C=NNC(=O)C2CC2C3=CC=CC=C3,0,1
6858699,296.28,C15H12N4O3,93.5,2.1,22,1,6,4,CC1=C(C=CC=C1C(=O)O)C2=CC=C(O2)C=NN3C=NN=C3,0,1
6865075,241.24,C13H11N3O2,67.5,1.6,18,1,4,4,C1=CC=NC(=C1)C(=O)NN=CC=CC2=CC=CO2,0,1
6884089,408.4,C22H20N2O6,110,3.3,30,2,7,8,COC1=C(C=C(C=C1)CC(=O)NN=CC2=CC=C(O2)C3=CC(=CC=C3)C(=O)O)OC,0,1
6887785,371.9,C19H22ClN5O,60.8,2.4,26,1,5,6,C1CN(CCN1CC2=CC=CC=C2Cl)CC(=O)NN=CC3=CC=CC=N3,0,1
6890049,326.4,C16H14N4O2S,92.7,2.2,23,1,6,4,CC1=CC=C(C=C1)S(=O)(=O)NN=CC2=CC3=NC=CN=C3C=C2,0,1
9633215,376.4,C21H16N2O3S,115,4.8,27,1,6,4,C1CCC2=C(C1)C(=C(S2)N=CC3=CC=C(O3)C4=CC=CC=C4C(=O)O)C#N,0,1
9690830,397.4,C17H19N9O3,161,0.4,29,3,10,6,C1CCN(C1)CC2=C(N=NN2C3=NON=C3N)C(=O)NN=CC4=CC(=CC=C4)O,0,1
25237443,305.35,C14H15N3O3S,89,1.6,21,1,6,5,CC(=NNS(=O)(=O)C1=CC=C(C=C1)OC)C2=CC=NC=C2,0,1
135411401,271.25,C9H9N3O5S,143,0.2,18,2,8,5,COC(=O)CC=NN=C1NC(=O)C(=CC(=O)O)S1,0,1
135472836,364.4,C17H15F3N4S,71.8,4.2,25,2,5,2,C1CN(NC1=NC(=S)NC2=CC=CC=C2)C3=CC=CC(=C3)C(F)(F)F,0,1
135481566,333.4,C19H19N5O,79.3,3.8,25,2,4,4,CC1=CC(=NC(=N1)N=C(NC2=CC3=CC=CC=C3C=C2)NC(=O)C)C,0,1
135501359,291.22,C12H9N3O6,148,1.1,21,4,7,2,C1=CC(=C(C=C1C=CC2=NC(=C(C(=O)N2)[N+](=O)[O-])O)O)O,0,1
135520006,317.3,C15H15N3O5,109,3.5,23,2,7,5,COC1=CC(=CC(=C1O)OC)C=NNC2=CC=CC=C2[N+](=O)[O-],0,1
135676232,329.74,C16H12ClN3O3,98,3.4,23,4,6,3,C1=CC2=C(C=CN=C2C=C1Cl)NN=CC3=C(C(=C(C=C3)O)O)O,0,1
2726246,317.7,C15H9ClFN3O2,63,4.7,22,1,6,3,C1=CC=C(C=C1)C2=C(C(=O)ON2)N=NC3=C(C=CC=C3Cl)F,0,1
2730458,194.62,C8H7ClN4,54.5,2.1,13,1,3,1,CC1=C(C=C(C=C1)C2=NNN=N2)Cl,0,1
2738327,326.4,C19H22N2O3,79.3,3.6,24,2,4,5,C1CCC(CC1)(CC(=O)NC2=CC3=CC=CC=C3C=N2)CC(=O)O,0,1
2741355,290.36,C15H22N4O2,65.2,3.3,21,0,5,2,C1CCN(CC1)C2=NC(=C(C=C2)[N+](=O)[O-])N3CCCCC3,0,1
2811038,356.4,C18H16N2O4S,117,3.1,25,2,6,6,CC1=CC2=C(C=C1)N=C(S2)C3=CC=C(C=C3)NC(=O)COCC(=O)O,0,1
2811300,297.4,C16H15N3OS,72.9,2.1,21,1,4,2,C1CN(CC2=C1SC3=C2C(=O)NC=N3)CC4=CC=CC=C4,0,1
2812075,291.4,C15H17NO3S,92,3.2,20,1,4,4,CC(C)(C)C1=CC=C(C=C1)C2=NC(=O)C(S2)CC(=O)O,0,1
135418989,318.3,C19H14N2O3,82.7,2.9,24,1,5,4,COC1=CC=C(C=C1)CN=C(C#N)C2=C(C3=CC=CC=C3C2=O)O,0,1
948138,330.4,C17H18N2O3S,83.8,3.2,23,2,4,5,CCOC1=CC=C(C=C1)NC(=S)NCC2=CC3=C(C=C2)OCO3,0,1
1150860,353.4,C13H8FN3O4S2,142,3.2,23,1,8,3,C1=CC(=CC=C1F)S(=O)(=O)NC2=NC3=C(S2)C=C(C=C3)[N+](=O)[O-],0,1
3377198,204.22,C11H12N2O2,49.4,1,15,1,2,1,CC1CC(=O)NN1C(=O)C2=CC=CC=C2,0,1
12221201,306.2,C16H13Cl2NO,33.1,NULL,20,2,2,2,C1=CC=C2C(=C1)C=CN=C2C(C3=CC=C(C=C3)Cl)O.Cl,0,2
868345,219.32,C14H21NO,12.5,3.1,16,0,2,4,CC1=C(C(=CC=C1)C)OCCN2CCCC2,0,1
869237,253.77,C14H20ClNO,12.5,3.8,17,0,2,4,CC1=CC(=C(C(=C1)Cl)OCCN2CCCC2)C,0,1
869329,255.74,C13H18ClNO2,21.7,2.5,17,0,3,4,CC1=C(C=CC(=C1)OCCN2CCOCC2)Cl,0,1
869403,269.77,C14H20ClNO2,21.7,2.9,18,0,3,4,CC1=CC(=C(C(=C1)Cl)OCCN2CCOCC2)C,0,1
869523,235.32,C14H21NO2,21.7,2.6,17,0,3,6,CCOC1=CC=CC=C1OCCN2CCCC2,0,1
977296,307.31,C12H17N7O3,136,-2.1,22,2,9,4,CC1CCN(CC1)CC2=C(N=NN2C3=NON=C3N)C(=O)O,0,1
2474612,305.3,C18H15N3O2,71.1,2.2,23,2,3,3,CC(=O)NC1=CC=CC(=C1)C(=O)NC2=CC=CC3=C2C=CC=N3,0,1
2843814,220.24,C12H13FN2O,27,2.3,16,0,3,5,C1=CC(=CC=C1OCCCN2C=CN=C2)F,0,1
2860885,340.3,C18H16N2O5,92.4,1.9,25,0,5,2,COC1=C(C=CC(=C1)[N+](=O)[O-])N2C(=O)C3C4C=CC(C3C2=O)C5C4C5,0,1
3156890,236.31,C13H20N2O2,54.3,1.6,17,2,3,5,C1CCC(CC1)NCCNC(=O)C2=CC=CO2,0,1
3318371,245.73,C10H12ClNO2S,88.6,-0.6,15,2,4,5,C1=CC=C(C(=C1)CSCC(C(=O)O)N)Cl,0,1
3345752,227.4,C10H13NOS2,75.1,2.5,14,0,4,4,CSCCC1COC(=N1)C2=CC=CS2,0,1
3534238,289.31,C14H11NO4S,126,2.4,20,3,6,4,C1=CC=C(C(=C1)C(=O)O)SC2=C(C=C(C=C2)C(=O)O)N,0,1
4559470,353.5,C21H27N3S,59.4,4.2,25,2,2,5,CC1=CC=C(C=C1)NC(=S)NCC2CCN(C2)C(C)C3=CC=CC=C3,0,1
5086686,312.7,C17H13ClN2O2,65.4,3.8,22,2,3,4,C1=CC=C(C(=C1)CN=CC2=C(NC3=CC=CC=C32)C(=O)O)Cl,0,1
6619138,258.269,C14H14N2O3,66.6,2,19,1,4,2,C1CCN(C1)C(=O)C2=NOC(=C2)C3=CC(=CC=C3)O,0,1
6621345,303.4,C15H17N3O2S,85.7,1,21,2,4,3,COC1=CC=CC(=C1)CN2CCC3=C(C2)C(=O)NC(=S)N3,0,1
6623759,294.35,C17H18N4O,48.3,1.9,22,0,3,1,CC1CCCN(C1)C2=NN3C(=NC4=CC=CC=C4C3=O)C=C2,0,1
135402405,289.29,C14H15N3O4,108,2.9,21,1,6,2,CC1(CC(=C(C(=O)C1)N=NC2=CC(=CC=C2)[N+](=O)[O-])O)C,0,1
2460784,242.32,C15H18N2O,52.9,3.3,18,1,2,3,C1CCC(CC1)CNC(=O)C2=CC=C(C=C2)C#N,0,1
4887421,313.9,C20H24ClN,3.2,5.4,22,0,1,6,C1CCN(C1)CCC(CC2=CC=CC=C2)C3=CC=C(C=C3)Cl,0,1
833994,305.4,C20H19NO2,41.5,4.5,23,2,3,6,C1=CC=C(C=C1)COC2=CC=C(C=C2)CNC3=CC=C(C=C3)O,0,1
828702,289.3,C18H15N3O,43,3.7,22,1,3,4,C1=CC=C(C=C1)N2C=NC3=C2C=CC(=C3)NCC4=CC=CO4,0,1
935400,270.4,C15H14N2OS,76.4,3.6,19,1,4,3,CC1=C(C=CC(=C1)OCC2=NC3=CC=CC=C3S2)N,0,1
1834765,351.5,C23H29NO2,43.7,3.4,26,2,3,7,CC(C)(C)N(CCO)CC#CCC(C1=CC=CC=C1)(C2=CC=CC=C2)O,0,1
2351376,305.4,C19H19N3O,47.3,3,23,0,4,4,C1CN(CCN1CC(=O)C2=CC=C(C=C2)C#N)C3=CC=CC=C3,0,1
577695,277.4,C19H19NO,23.5,4.1,21,1,2,4,CN(CC1=CC=CC=C1)CC2=C(C=CC3=CC=CC=C32)O,0,1
2487110,225.2,C12H7N3O2,75.9,1.1,17,0,5,3,C1=CC(=CC=C1C#N)OC(=O)C2=NC=CN=C2,0,1
2801413,233.25,C10H7N3O2S,96.9,2.3,16,0,5,2,C1=CC=NC(=C1)SC2=NC=C(C=C2)[N+](=O)[O-],0,1
833541,248.35,C13H16N2OS,64.4,2.3,17,1,2,3,CCN(C1=CC=CC=C1)C(=S)NC(=O)C2CC2,0,1
1247098,294.4,C20H26N2,6.5,5.1,22,0,2,2,CC1=C(C(=CC=C1)C)N2CCN(CC2)C3=C(C=CC=C3C)C,0,1
1422830,242.23,C12H10N4O2,79.4,1.8,18,1,3,1,CN1C=CC=C1C2=NC3=C(N2)C=C(C=C3)[N+](=O)[O-],0,1
3613671,226.61,C9H7ClN2O3,70.8,2.8,15,1,3,1,COC1=CC2=C(C=C1)C(=C(N2)Cl)[N+](=O)[O-],0,1
3926171,327.25,C12H13N3O8,167,2,23,1,8,2,C1CCC(C(C1)O)OC2=C(C=C(C=C2[N+](=O)[O-])[N+](=O)[O-])[N+](=O)[O-],0,1
2058901,251.34,C15H22FNO,12.5,3.6,18,0,3,6,C1CCN(CC1)CCCCOC2=CC=CC=C2F,0,1
2168467,230.4,C9H14N2OS2,93.6,1,14,2,3,5,COCCNC(=S)NCC1=CC=CS1,0,1
766779,241.32,C8H15N7S,133,0.9,16,4,6,5,CCNC1=NC(=NC(=N1)NC(=S)N)NCC,0,1
768666,292.31,C13H12N2O4S,111,0.8,20,2,5,4,C1=COC(=C1)C=CC(=O)NC2=CC=C(C=C2)S(=O)(=O)N,0,1
801818,283.4,C12H17N3OS2,95.9,1.8,18,1,4,2,CCN1CCN(CC1)C(=S)NC(=O)C2=CC=CS2,0,1
802125,336.21,C13H10BrN3OS,86.1,3.1,19,2,3,2,C1=CC(=CC(=C1)Br)C(=O)NC(=S)NC2=CN=CC=C2,0,1
813098,312.4,C12H12N2O4S2,121,2,20,2,6,5,COC1=CC=C(C=C1)S(=O)(=O)NNC(=O)C2=CC=CS2,0,1
835019,302.4,C15H14N2O3S,95.6,3,21,2,4,4,COC1=CC=C(C=C1)NC(=S)NC(=O)C=CC2=CC=CO2,0,1
858176,247.34,C14H21N3O,35.6,1.2,18,1,2,3,CCN1CCN(CC1)C(=O)NCC2=CC=CC=C2,0,1
859555,330.4,C16H14N2O2S2,117,4.2,22,1,6,4,CC1=C(SC2=C1C(=NC=N2)SCC3=CC=C(C=C3)C(=O)O)C,0,1
954601,326.4,C19H22N2O3,50.8,3.3,24,1,4,5,COC1=C(C(=CC=C1)OC)C(=O)NC2=CC=C(C=C2)N3CCCC3,0,1
961105,289.29,C14H15N3O4,93.3,1.8,21,2,5,6,CCOC(=O)C1=C(N=CN1)C(=O)NC2=CC(=CC=C2)OC,0,1
1072771,311.33,C17H17N3O3,82.8,2.7,23,0,5,4,CCOC(=O)C1=NN(C(=O)C(=C1C)C#N)C2=CC(=C(C=C2)C)C,0,1
1453037,362.4,C20H18N4O3,93.2,2.5,27,2,5,5,CC1=CC(=NC=C1NC(=O)C2=CC=CC=N2)NC(=O)C3=CC=C(C=C3)OC,0,1
1454908,268.3,C15H12N2OS,65.7,3,19,1,2,3,C1=CC=C(C=C1)OCC2=NC(=S)C3=CC=CC=C3N2,0,1
1554840,305.4,C21H23NO,23.5,3.6,23,1,2,4,C1CCN(C1)CC#CCC(C2=CC=CC=C2)(C3=CC=CC=C3)O,0,1
3141652,337.4,C15H19N3O4S,128,2.9,23,1,6,7,CCN(CC)C(=O)C1=C(C(=C(S1)NC(=O)C(=O)OCC)C#N)C,0,1
3145200,329.4,C13H19N3O3S2,120,1.6,21,3,5,5,CC1=CC=C(C=C1)S(=O)(=O)NNC(=S)NCC2CCCO2,0,1
3155139,279.36,C14H17NO3S,80.7,2.8,19,1,4,5,CCC(C(=O)NC1CCSC1=O)OC2=CC=CC=C2,0,1
3156868,334.4,C17H22N2O5,82,1.6,24,2,6,9,COC1=CC(=C(C=C1CNCCNC(=O)C2=CC=CO2)OC)OC,0,1
3156882,278.35,C14H15FN2OS,69.4,2.1,19,2,4,6,C1=CC=C(C(=C1)C(=O)NCCNCC2=CC=CS2)F,0,1
3156885,250.34,C14H22N2O2,54.3,1.9,18,2,3,5,CC1CCC(CC1)NCCNC(=O)C2=CC=CO2,0,1
5407929,298.34,C17H18N2O3,60.4,3.2,22,1,5,6,CC(=CC(=O)C1=CC=NC=C1)NC2=C(C=CC(=C2)OC)OC,0,1
7333696,233.37,C14H19NS,35.3,3.5,16,0,1,1,CC1=CC=C(C=C1)C(=S)N2CCCCCC2,0,1
135455175,366.4,C19H18N4O4,103,2.8,27,3,6,5,CC1=CC(=CC=C1)N2C(=C(C(=O)NC2=O)C=NNC3=CC=C(C=C3)OC)O,0,1
930322,235.35,C13H17NOS,55.6,2.9,16,1,2,1,CC1CCN(CC1)C(=S)C2=CC(=CC=C2)O,0,1
1861599,257.36,C14H15N3S,72.1,3.1,18,1,3,1,CC1=CC2=C(C=C1)N(C(=C2C3=CSC(=N3)N)C)C,0,1
1924209,251.66,C12H10ClNO3,55.4,2.3,17,1,4,2,C1COC(=O)C(=CC(=O)C2=CC=C(C=C2)Cl)N1,0,1
2385100,246.35,C15H22N2O,23.6,2.2,18,0,3,4,CCN1CCN(CC1)CC(=O)C2=CC=C(C=C2)C,0,1
2546421,345.4,C21H19N3O2,70.2,4.8,26,3,3,5,CC(=O)NC1=CC=C(C=C1)NC(=O)C2=CC=CC=C2NC3=CC=CC=C3,0,1
916878,287.4,C13H9N3OS2,125,3.3,19,2,4,2,C1=CC=C(C(=C1)C#N)NC(=S)NC(=O)C2=CC=CS2,0,1
950924,275.15,C10H8Cl2N2OS,73.4,3.7,16,2,4,3,C1=CSC(=N1)NCC2=C(C(=CC(=C2)Cl)Cl)O,0,1
1378338,320.5,C22H28N2,6.5,4.9,24,0,2,3,C1CC(CCC1C2=CC=CC=C2)N3CCN(CC3)C4=CC=CC=C4,0,1
764640,270.71,C12H15ClN2O3,69.3,2.1,18,1,4,2,C1CN(CCC1O)CC2=CC(=C(C=C2)Cl)[N+](=O)[O-],0,1
794021,298.3,C20H14N2O,41.5,4.5,23,1,2,2,C1=CC=C(C=C1)C(=O)NN=C2C3=CC=CC=C3C4=CC=CC=C42,0,1
4796602,348.4,C20H20N4O2,76,2,26,2,3,5,CC(C1=CC=C(C=C1)N2C=CN=C2)NC(=O)C3=CC(=CC=C3)NC(=O)C,0,1
135519945,212.25,C13H12N2O,44.6,3.2,16,2,3,3,C1=CC=C(C=C1)NN=CC2=CC=C(C=C2)O,0,1
815206,260.31,C13H12N2O2S,84,2.8,18,0,4,4,C1=CC=NC(=C1)CCSC2=CC=C(C=C2)[N+](=O)[O-],0,1
2372273,273.36,C14H15N3OS,78.3,2.4,19,2,3,4,CCOC1=CC=C(C=C1)NC(=S)NC2=CN=CC=C2,0,1
2825309,266.27,C16H11FN2O,45,4.2,20,1,4,2,C1=CC=C2C(=C1)C=CC(=C2N=NC3=CC=CC=C3F)O,0,1
5749406,338.4,C20H22N2O3,62.6,3.2,25,1,3,4,CC1=CC=C(C=C1)C(=O)NC(=CC2=CC=CO2)C(=O)N3CCCCC3,0,1
853225,316.32,C14H16N6O3,115,0.6,23,3,6,5,CN1C2=C(C(=O)NC1=O)N(C(=N2)NN)CCOC3=CC=CC=C3,0,1
868438,235.32,C14H21NO2,21.7,2.3,17,0,3,4,CC1=CC(=CC(=C1)OCCN2CCOCC2)C,0,1
2028146,257.36,C14H15N3S,72.1,3.1,18,1,3,1,CC1=C(C2=CC=CC=C2N1C)C3=C(SC(=N3)N)C,0,1
2058349,302.2,C15H21Cl2NO,12.5,4.7,19,0,2,6,C1CCN(CC1)CCCCOC2=C(C=CC(=C2)Cl)Cl,0,1
2982241,314.32,C14H10N4O3S,137,2.7,22,1,6,4,C1=CC=C(C(=C1)C#N)NC(=O)CSC2=NC=C(C=C2)[N+](=O)[O-],0,1
135436083,263.29,C17H13NO2,49.7,3.2,20,1,3,2,CC1=CC=CC=C1N=CC2=C(C3=CC=CC=C3C2=O)O,0,1
6858465,294.4,C16H14N4S,72.1,3.6,21,1,3,3,CC1=CC=C(C=C1)C=NN2C(=NNC2=S)C3=CC=CC=C3,0,1
869487,260.16,C12H15Cl2NO,12.5,3.7,16,0,2,4,C1CCN(C1)CCOC2=C(C=CC(=C2)Cl)Cl,0,1
941920,308.4,C19H20N2O2,50.4,3.5,23,2,3,4,CC1=CC(=C(C=C1)NCC2=CC3=C(C=CC(=C3)OC)NC2=O)C,0,1
1848773,290.34,C14H14N2O3S,87.8,1.9,20,2,4,4,C1OC2=C(O1)C=C(C=C2)CNC(=S)NCC3=CC=CO3,0,1
2363269,199.25,C8H10FN3S,73.4,1.1,13,2,3,1,CN(C(=S)NC1=CC=C(C=C1)F)N,0,1
2575166,308.6,C9H4Cl3N3OS,83.1,3.3,17,1,4,2,C1=CSC(=N1)NC(=O)C2=NC=C(C(=C2Cl)Cl)Cl,0,1
4791502,348.5,C18H24N2O3S,80.8,4.7,24,1,6,6,COC1=CC(=CC(=C1OC)OC)C2=CSC(=N2)NC3CCCCC3,0,1
4808153,314.34,C16H18N4O3,67.7,1.5,23,0,4,4,CC1=CC=C(C=C1)OCCN2C=NC3=C2C(=O)N(C(=O)N3C)C,0,1
4963437,301.4,C17H23N3O2,46.6,2.2,22,1,5,5,CC1=CC(=C2C=C(C=CC2=N1)OC)NCCN3CCOCC3,0,1
4971710,337.4,C20H23N3O2,57.4,4,25,2,3,6,CCN(CC)C1=CC=C(C=C1)NC(=O)C2=CC3=C(N2)C=CC=C3OC,0,1
7992430,293.32,C17H15N3O2,56.2,3,22,1,3,4,COC1=CN(N=C1C(=O)NC2=CC=CC=C2)C3=CC=CC=C3,0,1
773405,308.29,C17H12N2O4,88.1,3.6,23,1,4,3,C1=CC=C(C=C1)NC(=O)C2=CC=C(O2)C3=CC=C(C=C3)[N+](=O)[O-],0,1
684250,317.34,C17H19NO5,78.6,2.8,23,0,6,7,CCOC(=O)C1=C(N=C(C(=C1C2=CC=CO2)C(=O)OCC)C)C,0,1
751906,285.32,C14H11N3O2S,107,3,20,3,6,3,C1=CC=NC(=C1)NC2=NC(=CS2)C3=C(C=C(C=C3)O)O,0,1
1208567,389.5,C24H24FN3O,35.6,4.3,29,1,4,5,C1CN(CCN1CC2=CC=C(C=C2)C(=O)NC3=CC=CC=C3F)C4=CC=CC=C4,0,1
3393695,321.31,C12H11N5O4S,157,1.6,22,3,6,2,CN1C=CC(=N1)C(=O)NC(=S)NC2=C(C=C(C=C2)[N+](=O)[O-])O,0,1
6401723,232.22,C10H9FN6,81.6,0.7,17,2,6,1,CN1C2=C(C=C(C=C2)F)C3=C1N=C(N=N3)NN,0,1
693636,271.29,C15H14FN3O,53.1,3.5,20,0,5,2,C1CCN(CC1)C2=C(N=C(O2)C3=CC=C(C=C3)F)C#N,0,1
2531339,276.37,C16H24N2O2,62,3.1,20,2,2,4,CC1=C(NC(=C1C(=O)C)C)C(=O)NCC2CCCCC2,0,1
2836593,334.67,C13H7ClN4O5,134,3.3,23,2,8,3,C1=CC=C(C(=C1)C(=O)O)NC2=C(C3=NON=C3C(=C2)Cl)[N+](=O)[O-],0,1
3738115,323.4,C16H21NO4S,68.1,2.9,22,0,5,7,CC(CCC1=CC=CO1)N(C)S(=O)(=O)C2=CC=C(C=C2)OC,0,1
3800031,330.4,C21H18N2O2,49.4,4.1,25,1,3,3,CC1=CC=C(C=C1)N2C(=O)CC(C2=O)NC3=CC=CC4=CC=CC=C43,0,1
4878361,309.4,C19H23N3O,36.4,3.3,23,0,4,4,CC1=CC(=C(C=C1)C(=O)CN2CCN(CC2)C3=CC=CC=N3)C,0,1
4880417,349.4,C16H11N7OS,127,2.1,25,1,7,4,C1=CC=C(C(=C1)C(=O)NC2=NC(=CS2)C3=CC=CC=N3)N4C=NN=N4,0,1
4972923,315.32,C16H17N3O4,80.4,2.6,23,0,6,3,COC1=C(C=C2CN(CCC2=C1)C3=C(C=CC=N3)[N+](=O)[O-])OC,0,1
4975679,310.8,C18H15ClN2O,36.1,4,22,1,1,1,C1CN(CC2=CC=CC=C21)C(=O)C3=CC4=C(N3)C=CC(=C4)Cl,0,1
868362,249.35,C15H23NO2,21.7,2.7,18,0,3,4,CC1=CC(=C(C(=C1)OCCN2CCOCC2)C)C,0,1
868764,260.37,C16H24N2O,23.6,3.1,19,0,2,4,CCC(CC)C(=O)N1CCN(CC1)C2=CC=CC=C2,0,1
2429573,291.8,C14H14ClN3S,68.2,4.4,19,3,2,3,CC1=CC(=CC=C1)NC(=S)NNC2=CC(=CC=C2)Cl,0,1
2841517,220.29,C11H12N2OS,80.8,2.1,15,1,2,2,CC1=CC=CC=C1CC2C(=O)N=C(S2)N,0,1
2872194,248.39,C14H20N2S,53.2,4.2,17,1,3,2,CNC1=NC(=CS1)C23CC4CC(C2)CC(C4)C3,0,1
8017260,300.4,C16H16N2O2S,78.5,3.6,21,2,3,3,CCNC(=S)NC1=C(C=C2C3=CC=CC=C3OC2=C1)OC,0,1
256212,290.3,C18H14N2O2,42.5,4.4,22,2,4,1,C1OC2=C(O1)C=C(C=C2)C3NC4=CC=CC5=C4C(=CC=C5)N3,0,1
946068,273.36,C14H15N3OS,78.2,3.4,19,2,4,3,CC1=C(C2=C(N1)C=CC(=C2)OC)C3=CSC(=N3)NC,0,1
960468,284.33,C17H17FN2O,32.299,3.5,21,1,3,3,C1CCN(C1)C2=CC=CC=C2NC(=O)C3=CC(=CC=C3)F,0,1
2095480,329.8,C17H16ClN3O2,61.4,2,23,2,3,4,C1C(=O)NC2=CC=CC=C2N1C(=O)CNCC3=CC=C(C=C3)Cl,0,1
2329071,276.29,C12H9FN4OS,99,2.2,19,2,5,2,C1=CN=C(N=C1)NC(=S)NC(=O)C2=CC=C(C=C2)F,0,1
2336020,294.3,C17H14N2O3,70.4,2.3,22,0,4,5,CN(C1=CC=CC=C1)C(=O)COC(=O)C2=CC=C(C=C2)C#N,0,1
2414058,329.19,C16H13BrN2O,32.299,3.1,20,1,1,3,C1=CC=C(C=C1)CN2C(=CNC2=O)C3=CC=C(C=C3)Br,0,1
2454463,325.27,C17H11NO6,98.4,3.3,24,0,6,4,C1=CC=C2C(=C1)C(=O)C=C(O2)C(=O)OCC3=CC=C(C=C3)[N+](=O)[O-],0,1
2477775,285.4,C16H19N3S,60.2,2.4,20,1,2,5,CCN(CC1=CC=NC=C1)C(=S)NCC2=CC=CC=C2,0,1
3524009,343.4,C20H25NO4,67.8,2.6,25,2,5,10,CC1=CC=C(C=C1)OCCNCC(COC2=CC=CC(=C2)C(=O)C)O,0,1
4903137,369.4,C19H19N3O5,87.8,2.5,27,0,7,4,C1CN(CCN1CC2=CC3=C(C=C2)OCO3)C4=C(C=C(C=C4)[N+](=O)[O-])C=O,0,1
5932401,240.3,C14H16N4,40.5,2.9,18,1,4,4,CN(C)C1=CC=C(C=C1)C=NNC2=CC=CC=N2,0,1
6869209,275.29,C12H9N3O3S,116,2.7,19,1,5,3,C1=CSC(=C1)C(=O)NN=CC2=CC=C(C=C2)[N+](=O)[O-],0,1
135549825,343.4,C19H25N3O3,83,3.3,25,3,4,4,COC1=C(C=CC(=C1)C=NNC(=O)NC23CC4CC(C2)CC(C4)C3)O,0,1
677773,242.72,C12H16ClFN2,6.5,2.3,16,0,3,2,CN1CCN(CC1)CC2=C(C=CC=C2Cl)F,0,1
2093795,333.2,C14H9BrN2OS,70.2,3.9,19,1,3,2,C1=CC(=CC=C1NC(=O)C2=CC3=C(C=C2)N=CS3)Br,0,1
2431145,272.3,C15H16N2O3,79.2,2,20,1,4,5,C1CCC(C1)NC(=O)COC(=O)C2=CC=C(C=C2)C#N,0,1
2731365,229.69,C8H8ClN3OS,99.2,0.7,14,3,2,1,C1=CC(=CC(=C1)Cl)C(=O)NNC(=S)N,0,1
2970340,296.18,C12H10BrNOS,57.3,3.5,16,1,2,2,CC1=CC(=CS1)C(=O)NC2=CC=C(C=C2)Br,0,1
3973396,279.4,C15H21NO2S,53.8,3.1,19,0,3,5,CCOC1=CC(=C(C=C1)C(=S)N2CCCC2)OCC,0,1
4851588,283.24,C14H9N3O4,104,1.7,21,2,4,2,C1=CC(=CC(=C1)[N+](=O)[O-])C(=O)C2=CC3=C(C=C2)NC(=O)N3,0,1
5157219,257.31,C13H11N3OS,75.3,3,18,1,5,3,COC1=CC=C(C=C1)NC2=C3C=CSC3=NC=N2,0,1
7333697,265.4,C14H19NS2,60.6,3.7,17,0,2,2,CSC1=CC=C(C=C1)C(=S)N2CCCCCC2,0,1
8195637,311.29,C12H10FN3O4S,112,2.7,21,2,7,4,C1=CC=C(C(=C1)F)S(=O)(=O)NNC2=CC(=CC=C2)[N+](=O)[O-],0,1
9154385,309.4,C19H19NO3,47.6,3.6,23,1,4,5,CCOC1=CC=CC=C1NCC2=CC(=O)OC3=C2C=CC(=C3)C,0,1
2095911,314.8,C18H19ClN2O,32.299,3,22,1,2,4,C1CN(CC2=CC=CC=C21)C(=O)CNCC3=CC(=CC=C3)Cl,0,1
2161841,342.4,C17H18N4O2S,101,2.3,24,1,5,3,CC1=C(N=C(N=C1C)SCC(=O)N2CC(=O)NC3=CC=CC=C32)C,0,1
3152209,298.34,C16H18N4O2,84,1.4,22,2,4,7,C1=CC=NC(=C1)C(=O)NCCCCNC(=O)C2=CC=CC=N2,0,1
288875,283.5,C16H29NOS,44.6,4.2,19,0,2,4,CC(C)(CCC(=S)N1CCOCC1)C2CCCCC2,0,1
357770,291.32,C14H13NO4S,80.8,2.4,20,1,4,5,C1=CC=C(C=C1)OCC(=O)NS(=O)(=O)C2=CC=CC=C2,0,1
712465,288.8,C14H9ClN2OS,70.2,3.8,19,1,3,2,C1=CC(=CC=C1NC(=O)C2=CC3=C(C=C2)N=CS3)Cl,0,1
730524,314.4,C16H14N2O3S,92.6,3.5,22,1,5,5,CCOC1=CC=C(C=C1)C2=CSC(=N2)NC(=O)C3=CC=CO3,0,1
742940,290.4,C18H27FN2,6.5,4.6,21,0,3,3,CCC1CCC(CC1)N2CCN(CC2)C3=CC=C(C=C3)F,0,1
776866,325.18,C12H9BrN2O2S,86.4,3.6,18,2,3,2,C1=CC=C(C(=C1)NC(=S)NC(=O)C2=CC=CO2)Br,0,1
845490,329.4,C16H15N3O3S,112,2.7,23,2,5,5,CCOC(=O)C1=CC(=CC=C1)NC(=S)NC(=O)C2=CN=CC=C2,0,1
851643,312.4,C17H16N2O2S,79.5,3.5,22,1,4,5,CCC(=O)NC1=CC=C(C=C1)OCC2=NC3=CC=CC=C3S2,0,1
886330,307.37,C14H17N3O3S,110,2.7,21,1,4,1,CC1CCN(CC1)C(=S)NC(=O)C2=CC(=CC=C2)[N+](=O)[O-],0,1
944986,324.4,C17H16N4OS,85.1,2.8,23,1,4,4,CN1C(=NN=C1SC)C2=CC(=CC=C2)NC(=O)C3=CC=CC=C3,0,1
948613,318.4,C15H18N4O2S,111,2.4,22,3,5,6,CCCC(=O)NC1=CC=C(C=C1)C2=CSC(=N2)NNC(=O)C,0,1
972900,269.32,C14H11N3OS,86.3,3.4,19,2,5,3,C1=CC=NC(=C1)NC2=NC(=CS2)C3=CC=C(C=C3)O,0,1
1147554,274.34,C14H14N2O2S,86.4,1.6,19,2,3,4,CC(=O)NC1=CC(=CC=C1)NC(=O)CC2=CC=CS2,0,1
1541671,330.4,C17H18N2O3S,83.6,2.5,23,2,4,4,CC(=O)NC1=CC=C(C=C1)S(=O)(=O)NC2=CC3=C(CCC3)C=C2,0,1
1860942,349.4,C18H15N5OS,92.4,2.6,25,1,4,3,CC1=CC=C(C=C1)N2C(=NNC2=S)CN3C(=O)C4=CC=CC=C4C=N3,0,1
1952623,281.35,C17H19N3O,50.1,3.4,21,2,3,5,CCCN1C=NC2=C1C=CC(=C2)NCC3=CC=CC=C3O,0,1
2116125,338.4,C18H18N4OS,86.4,3.6,24,1,5,5,CN(C)C1=CC=CC(=C1)C(=O)NC2=NN=C(S2)CC3=CC=CC=C3,0,1
2209298,343.4,C18H21N3O2S,80.8,2,24,1,4,4,CC(=O)C1=CC=C(C=C1)N2CCN(CC2)C(=S)NCC3=CC=CO3,0,1
2213076,323.4,C18H17N3OS,82.3,3.6,23,2,4,5,CC(=O)NC1=CC=C(C=C1)C2=CSC(=N2)NCC3=CC=CC=C3,0,1
2462270,347.5,C16H17N3O2S2,132,2.6,23,3,5,6,CC1=C(C2=CC=CC=C2N1)C3=CSC(=N3)NC(=O)CSCCO,0,1
2569414,289.4,C15H19N3OS,96.2,3.4,20,2,4,6,CCCCCC(=O)NC1=CC=C(C=C1)C2=CSC(=N2)N,0,1
2806492,338.4,C17H14N4O2S,112,3.3,24,2,5,4,CC1=NN=C(S1)NC(=O)C2=CC=CC=C2NC(=O)C3=CC=CC=C3,0,1
2823660,261.279,C13H15N3O3,90.7,2.7,19,2,3,4,CCCCNC(=O)C1=CC2=C(N1)C(=CC=C2)[N+](=O)[O-],0,1
2886575,326.4,C14H18N2O3S2,119,2.3,21,1,5,4,CCOC(=O)C1CCN(CC1)C(=S)NC(=O)C2=CC=CS2,0,1
2905521,277.27,C14H15NO5,89.2,2.6,20,0,5,1,CC1C(OC(=O)C(C1=O)(C)C)C2=CC=C(C=C2)[N+](=O)[O-],0,1
2908637,321.4,C15H19N3O3S,110,3.2,22,1,4,2,CCC1CCCCN1C(=S)NC(=O)C2=CC(=CC=C2)[N+](=O)[O-],0,1
3422926,266.4,C16H14N2S,47.4,3.5,19,1,1,2,CC1=CC=CC=C1C2=CN(C(=S)N2)C3=CC=CC=C3,0,1
3462103,347.4,C20H17N3O3,87,4.5,26,2,4,4,CC1=C(C=CC=C1[N+](=O)[O-])C(=O)NC2=CC=C(C=C2)NC3=CC=CC=C3,0,1
3822763,316.4,C21H20N2O,32.299,4.6,24,1,2,3,C1CCN(C1)C2=CC=CC=C2NC(=O)C3=CC4=CC=CC=C4C=C3,0,1
3890760,229.34,C10H19N3OS,77.7,1,15,2,3,4,COCCNC(=S)NN=C1CCCCC1,0,1
4879803,325.4,C20H23NO3,59.3,4.3,24,1,3,4,CC(=O)C1=CC=C(C=C1)C2=CC=C(O2)C(=O)NC3CCCCCC3,0,1
4968512,209.3,C8H7N3S2,108,1.9,13,2,4,1,C1=CC=C(C(=C1)C2=NNC(=S)S2)N,0,1
5386665,231.2,C12H9NO4,57.1,2,17,0,5,1,CC1=NOC(=O)C1=CC2=CC3=C(C=C2)OCO3,0,1
5758421,304.21,C12H8N4O6,150,1.2,22,2,6,2,C1=CC(=CC=C1C=CC2=C(C(=O)NC(=O)N2)[N+](=O)[O-])[N+](=O)[O-],0,1
135459530,285.16,C10H9BrN2OS,66.8,3,15,1,3,1,CC1=C(C=CC(=C1)Br)N=C2NC(=O)CS2,0,1
2728052,342.4,C19H22N2O4,78.5,3.2,25,1,5,4,COC1=CC=CC=C1C2CCN(CC2)C3=C(C=C(C=C3)CO)[N+](=O)[O-],0,1
2809431,278.8,C12H7ClN2S2,82.3,3.9,17,0,4,2,C1=CC(=CN=C1)C2=NC(=CS2)C3=CC=C(S3)Cl,0,1
2812576,252.72,C11H9ClN2OS,69.4,3.7,16,2,3,3,C1=CSC(=C1)C(=O)NNC2=CC=C(C=C2)Cl,0,1
2818928,261.709,C12H12ClN5,79.4,2.8,18,2,4,3,C1CC1C2=C(C(=NN2)N)N=NC3=CC=C(C=C3)Cl,0,1
1423272,296.35,C14H12N6S,97,2.3,21,1,5,2,CC1=CC(=NN1)C2=NN=C3N2N=C(CS3)C4=CC=CC=C4,0,1
1960296,418.5,C22H18N4O3S,122,3.6,30,2,6,6,CN1C(=NN=C1SCC(=O)O)C2=CC(=CC=C2)NC(=O)C3=CC=CC4=CC=CC=C43,0,1
3647829,296.3,C15H12N4OS,81.5,3,21,0,5,2,CC1=CC=CC=C1C2=NN3C(=NN=C3SC2)C4=CC=CO4,0,1
4972246,382.5,C23H30N2O3,50.8,4.2,28,1,4,7,CCC1=C(C(=CC=C1)CC)NC(=O)CN2CCC3=CC(=C(C=C3C2)OC)OC,0,1
669257,289.4,C16H19NO2S,54.6,3.5,20,1,3,5,CCC1=CC=CC(=C1NS(=O)(=O)CC2=CC=CC=C2)C,0,1
786693,264.35,C13H16N2O2S,77.6,2,18,1,3,2,C1CCN(CC1)C(=S)NC(=O)C=CC2=CC=CO2,0,1
802474,345.4,C18H16FNO3S,70.9,3.1,24,0,5,4,C1COCCN1C(=S)C2=CC=C(C=C2)OC(=O)C3=CC=C(C=C3)F,0,1
804511,345.4,C18H16FNO3S,70.9,3.1,24,0,5,4,C1COCCN1C(=S)C2=CC=C(C=C2)OC(=O)C3=CC=CC=C3F,0,1
808331,309.32,C17H15N3O3,80,4.2,23,1,5,3,CC1=CC(=NC2=C1C=C(C=C2)[N+](=O)[O-])NC3=CC=C(C=C3)OC,0,1
833546,290.4,C14H14N2OS2,92.7,3.1,19,1,3,3,CN(CC1=CC=CC=C1)C(=S)NC(=O)C2=CC=CS2,0,1
2423237,231.28,C11H9N3OS,90.6,1.3,16,1,4,2,C1CSC(=N1)NC(=O)C2=CC=C(C=C2)C#N,0,1
2536119,306.3,C18H14N2O3,75.3,1.6,23,2,3,3,CC(=O)C1=CC(=CC=C1)NC(=O)C2=CC(=O)NC3=CC=CC=C32,0,1
2554237,327.4,C18H21N3O3,62.8,2.2,24,2,4,4,COC1=CC=CC=C1NC(=O)NC2=CC=C(C=C2)N3CCOCC3,0,1
2668546,269.27,C16H12FNO2,42.2,3.8,20,1,3,3,C1=CC=C2C(=C1)C=C(O2)C(=O)NCC3=CC=C(C=C3)F,0,1
2959805,356.21,C14H18BrN3O3,78.2,3.1,21,1,4,3,C1CCCN(CC1)CC(=O)NC2=C(C=C(C=C2)Br)[N+](=O)[O-],0,1
2963805,313.4,C15H11N3OS2,114,3.8,21,2,4,2,C1=CC2=C(C=CC=N2)C(=C1)NC(=S)NC(=O)C3=CC=CS3,0,1
488165,254.33,C16H18N2O,25.2,2.2,19,0,1,0,CC1=CC2=C(C=C1)N3CCN(C4C3=C2CCC4)C=O,0,1
866275,271.74,C15H14ClN3,29.8,3.5,19,1,2,3,CN1C=NC2=C1C=CC(=C2)NCC3=CC=CC=C3Cl,0,1
1895919,332.4,C22H24N2O,26.7,2.6,25,1,3,2,CN1CCN(CC1)CC#CCC2(C3=CC=CC=C3C4=CC=CC=C42)O,0,1
2206515,292.72,C14H13ClN2O3,71.3,2.2,20,2,3,5,C1=CC=C(C(=C1)C(=O)NCCNC(=O)C2=CC=CO2)Cl,0,1
2363267,245.73,C9H12ClN3OS,93.6,0.9,15,3,3,3,C1=CC(=CC=C1NC(=S)N(CCO)N)Cl,0,1
2378398,312.32,C17H16N2O4,92,3.2,23,1,5,5,CC1=C(C=C(C=C1)C(=O)CNC2=CC=CC(=C2)C(=O)C)[N+](=O)[O-],0,1
2422717,266.4,C11H14N4S2,109,3.4,17,3,4,3,CC(C)NC(=S)NNC1=NC2=CC=CC=C2S1,0,1
2440370,214.29,C9H14N2O2S,79.5,1.5,14,1,5,5,CC1=C(SC(=N1)NCCOC)C(=O)C,0,1
2616176,314.4,C17H18N2O2S,83.5,3.7,22,2,3,4,CC1=CC(=C(C=C1)C)SCC(=O)NNC(=O)C2=CC=CC=C2,0,1
4851026,318.73,C12H9ClF2N2O2S,66.6,3.6,20,2,6,4,C1=CC(=CC(=C1)Cl)S(=O)(=O)NNC2=C(C=C(C=C2)F)F,0,1
4908980,325.3,C18H16FN3O2,61.8,2.2,24,1,4,5,C1=CC=C2C(=C1)C(=O)N(C=N2)CCCC(=O)NC3=CC=CC=C3F,0,1
4963523,268.31,C16H16N2O2,49.1,3.8,20,0,3,2,CC1CC2=CC=CC=C2N1CC3=CC(=CC=C3)[N+](=O)[O-],0,1
5930260,282.14,C11H12BrN3O,53.5,2.3,16,2,3,2,C1CC(=NNC2=CC=C(C=C2)Br)C(=O)NC1,0,1
1562989,290.4,C15H18N2O2S,79.5,4.2,20,1,4,5,CCCOC(=O)NC1=NC(=C(S1)C)C2=CC=C(C=C2)C,0,1
1591163,346.32,C14H10N4O5S,153,0.9,24,1,7,4,C1=CC2=C(C(=C1)[N+](=O)[O-])C(=O)N(C2=O)CCC(=O)NC3=NC=CS3,0,1
2738053,355.5,C19H21N3O2S,82.7,3.7,25,1,5,5,CC1=CC=C(C=C1)C2=NN(C(=NC3=CC=C(C=C3)OC)SC2)CCO,0,1
2804980,340.8,C15H14ClFN2O2S,71.6,3,22,0,5,2,CC1=C(C(=NO1)C2=C(C=CC=C2Cl)F)C(=O)N3CCSCC3,0,1
2852313,258.36,C16H22N2O,27,3.5,19,0,2,8,CCC1=CC=C(C=C1)OCCCCCN2C=CN=C2,0,1
24747994,314.8,C18H16ClFN2,17,NULL,22,2,2,1,C1C2=CC=CC=C2N3C=CC=C3C(N1)C4=CC(=CC=C4)F.Cl,0,2
679336,191.26,C9H9N3S,86.8,0.5,13,1,2,2,CN1C=CC=C1C=C(C#N)C(=S)N,0,1
802066,321.8,C14H12ClN3O2S,95.3,3,21,2,4,3,COC1=C(C=C(C=C1)C(=O)NC(=S)NC2=CN=CC=C2)Cl,0,1
826520,314.4,C16H14N2O3S,103,2.7,22,2,4,4,CC(=O)C1=CC=C(C=C1)NC(=S)NC(=O)C=CC2=CC=CO2,0,1
939838,257.36,C14H15N3S,58.1,3,18,1,3,3,CC1=NC2=C(N1C)C=CC(=C2)NCC3=CC=CS3,0,1
944292,294.3,C18H18N2O2,50.4,3.2,22,2,3,4,CC1=CC=CC=C1NCC2=CC3=C(C=CC(=C3)OC)NC2=O,0,1
963386,246.33,C13H14N2OS,70.2,3.2,17,1,4,4,CC1=C(SC(=N1)NCC2=CC=CC=C2)C(=O)C,0,1
1859492,290.23,C12H10N4O5,127,2.2,21,0,6,1,CC1=CC(=NN1C(=O)C2=CC(=CC(=C2)[N+](=O)[O-])[N+](=O)[O-])C,0,1
1905506,325.4,C20H23NO3,63.9,1.5,24,3,4,8,C1=CC=C(C=C1)C(C#CCN(CCO)CCO)(C2=CC=CC=C2)O,0,1
2218435,321.8,C16H16ClNO2S,63.6,3.7,21,1,3,6,COCCSC1=CC=CC=C1C(=O)NC2=CC=C(C=C2)Cl,0,1
2688219,312.4,C18H20N2O3,45.2,2.8,23,1,5,3,C1CN(CCN1CC2=CC3=C(C=C2O)OCO3)C4=CC=CC=C4,0,1
2836605,300.23,C13H8N4O5,134,2.6,22,2,8,3,C1=CC=C(C(=C1)C(=O)O)NC2=CC=C(C3=NON=C23)[N+](=O)[O-],0,1
3560036,324.4,C20H24N2O2,41.6,4.2,24,1,3,5,CC1CCCN(C1)C(=O)COC2=CC=C(C=C2)NC3=CC=CC=C3,0,1
3887429,307.4,C15H15F2N3S,68.2,4.3,21,3,4,3,CC1=CC(=C(C=C1)C)NC(=S)NNC2=C(C=C(C=C2)F)F,0,1
3956211,345.4,C17H19N3O3S,87.8,2,24,1,5,4,C1CCN(CC1)S(=O)(=O)C2=CC=CC(=C2)NC(=O)C3=CC=CC=N3,0,1
4794330,297.3,C15H11N3O2S,117,2.3,21,2,5,3,C1=CC(=CN=C1)C2=NC(=CS2)C3=CC(=C(C=C3)O)C(=O)N,0,1
5738268,208.26,C14H12N2,28.7,2.5,16,0,1,2,CN1C=CC=C1C=C(C#N)C2=CC=CC=C2,0,1
6621436,271.4,C15H17N3S,58.1,3.5,19,1,3,5,CCCN1C=NC2=C1C=CC(=C2)NCC3=CC=CS3,0,1
7759106,313.28,C17H12FNO4,63.7,2.8,23,0,5,5,C1=CC=C2C(=C1)C(=O)N(C2=O)COC(=O)CC3=CC=C(C=C3)F,0,1
782814,273.37,C17H23NO2,29.5,3.1,20,0,3,6,CCOC(=O)C1CCN(CC1)CC=CC2=CC=CC=C2,0,1
6708476,312.32,C14H20N2O6,131,NULL,22,4,8,4,CN1CCCC1C2=CN=CC=C2.C(C(C(=O)O)O)(C(=O)O)O,0,2
564741,262.29,C11H10N4O2S,112,0.6,18,2,5,3,C1=CN=CC=C1CNC(=O)C(=O)NC2=NC=CS2,0,1
722969,320.3,C19H16N2O3,71.3,3.9,24,2,3,4,CC1=CC(=CC=C1)NC(=O)C2=CC=CC=C2NC(=O)C3=CC=CO3,0,1
790333,189.28,C11H11NS,44.1,2.9,13,1,2,0,CC1=C2C(=CC=C1)C(=S)C=C(N2)C,0,1
827419,269.73,C10H16ClN7,72.2,2,18,0,7,5,CN(C)C1=NC(=NC(=N1)N(CCCl)C#N)N(C)C,0,1
880223,325.34,C13H15N3O5S,129,1,22,1,6,2,COC1=C(C=C(C=C1)C(=O)NC(=S)N2CCOCC2)[N+](=O)[O-],0,1
934843,276.4,C15H20N2OS,73.2,4.1,19,2,2,2,CC1=C(C=C(C=C1)NC(=S)NC(=O)C2CCCC2)C,0,1
941901,283.4,C15H13N3OS,70.9,3,20,0,3,3,CCN(C1=CC=CC=C1)C2=NC(=O)C3=C(S2)N=CC=C3,0,1
948133,268.27,C15H12N2O3,69.3,1.2,20,1,3,1,CC1=CC=C(C=C1)C2=[N+](C3=CC=CC=C3N(C2=O)O)[O-],0,1
960374,305.29,C17H11N3O3,81.2,2.6,23,1,5,3,C1=COC(=C1)C(=O)NC2=CC3=C(C=C2)OC(=N3)C4=CC=NC=C4,0,1
965678,324.4,C20H24N2O2,32.8,3.2,24,0,3,4,CC1=CC=C(C=C1)CC(=O)N2CCN(CC2)C3=CC=C(C=C3)OC,0,1
1084412,301.72,C16H12ClNO3,55.4,3.5,21,1,3,4,C1=COC(=C1)CNC(=O)C2=CC=C(O2)C3=CC=C(C=C3)Cl,0,1
1092472,305.4,C14H12FN3S2,94.3,4.5,20,1,6,3,CC1=C(SC(=N1)C)C2=CSC(=N2)NC3=CC=C(C=C3)F,0,1
1094117,301.4,C16H15NO3S,72.9,3.4,21,1,4,4,CCSC1=CC=CC=C1C(=O)NC2=CC3=C(C=C2)OCO3,0,1
1932917,309.4,C12H11N3O3S2,144,2.2,20,3,5,3,C1=COC(=C1)C(=O)NC(=S)NNC(=O)CC2=CC=CS2,0,1
2111399,275.33,C13H13N3O2S,99.3,2,19,2,4,3,CC1=CC=CC=C1CNC(=O)C(=O)NC2=NC=CS2,0,1
2307281,279.27,C11H9N3O4S,129,1.5,19,2,5,2,CC1=C(C(=O)NC(=O)N1)SC2=CC=CC=C2[N+](=O)[O-],0,1
2314834,293.28,C12H15N5O4,99.5,0.3,21,2,6,5,COC1=CC(=CC(=C1OC)OC)NC(=O)NN2C=NN=C2,0,1
2423620,317.4,C15H15N3O3S,115,2.9,22,4,5,5,COC1=CC=C(C=C1)NC(=S)NNC2=CC=C(C=C2)C(=O)O,0,1
2425938,167.21,C8H13N3O,53.5,-0.5,12,2,2,3,C1CC(=NC1)NNC(=O)C2CC2,0,1
2441642,288.4,C17H24N2O2,49.4,2.6,21,1,3,5,CCC(=O)NC1=CC=C(C=C1)C(=O)CN2CCC(CC2)C,0,1
2620735,318.4,C17H22N2O2S,71.6,4.7,22,1,5,5,COC1=CC(=C(C=C1)C2=CSC(=N2)NC3CCCCC3)OC,0,1
2905142,295.76,C15H18ClNO3,46.6,2.7,20,0,3,4,CCOC(=O)C1CCCN(C1)C(=O)C2=CC=C(C=C2)Cl,0,1
2962267,297.31,C16H15N3O3,83.8,1.2,22,2,5,4,C1C(ON=C1C2=CC=CC=C2O)C(=O)NCC3=CN=CC=C3,0,1
2970324,320.4,C15H16N2O4S,112,3.6,22,1,5,5,CCCC1=CC(=CS1)C(=O)NC2=C(C=C(C=C2)OC)[N+](=O)[O-],0,1
2973609,342.3,C18H18N2O5,89.4,2.3,25,2,6,5,COC1=C(C=C(C=C1)NC(=O)C2CC(=NO2)C3=CC=CC=C3O)OC,0,1
2980204,263.4,C15H21NOS,53.4,3.9,18,1,2,4,CCOC1=CC=CC=C1C(=S)NC2CCCCC2,0,1
3149090,334.4,C16H22N4O2S,89.5,2.1,23,0,5,5,CCN1C(=NN=C1SCC(=O)N2CCCCC2C)C3=CC=CO3,0,1
3152540,353.4,C20H19NO5,80,2.8,26,1,5,5,C1CC(OC1)CN2C(C(=C(C2=O)O)C(=O)C3=CC=CO3)C4=CC=CC=C4,0,1
3152692,305.4,C13H8FN3OS2,111,3,20,1,6,3,C1=CC(=CC(=C1)F)C(=O)NC2=NN=C(S2)C3=CC=CS3,0,1
4379471,284.34,C14H12N4OS,96,3,20,1,5,3,CCC1=NN=C(S1)NC(=O)C2=NC3=CC=CC=C3C=C2,0,1
4556994,317.31,C16H16FN3O3,78.2,3.1,23,1,5,5,CN(CC1=CC=CC=C1)CC(=O)NC2=C(C=C(C=C2)F)[N+](=O)[O-],0,1
4589235,274.4,C15H18N2OS,65.7,4.7,19,1,3,3,C1CCC(CC1)C(C2=CC=CC=C2)C3=NNC(=S)O3,0,1
4725596,260.339,C13H20N6,58.9,2.2,19,1,5,6,CCN(CC)C1=CC=C(C=C1)CNC2=NN=NN2C,0,1
4793944,295.72,C13H14ClN3O3,72.9,3.1,20,0,4,4,CC1=C(C(=NN1CCOC2=CC=CC=C2Cl)C)[N+](=O)[O-],0,1
5203808,340.4,C18H20N4O3,91,2.9,25,1,5,3,CC1CCCN(C1)C2=C(C=C(C=C2)C(=O)NC3=CN=CC=C3)[N+](=O)[O-],0,1
7996340,332.3,C15H12N2O5S,112,1.1,23,2,6,3,C1C(=O)NC2=CC=CC=C2N1S(=O)(=O)C3=CC=CC(=C3)C(=O)O,0,1
135501362,309.66,C12H8ClN3O5,128,2.1,21,3,6,2,C1=CC(=C(C=C1C=CC2=NC(=C(C(=O)N2)[N+](=O)[O-])O)Cl)O,0,1
2731753,302.24,C14H10N2O6,132,4.1,22,3,7,4,C1=CC=C(C(=C1)C(=O)O)NC2=C(C=C(C=C2)[N+](=O)[O-])C(=O)O,0,1
5344455,332.8,C17H21ClN4O,41,NULL,23,1,5,4,COC1=CC=CC=C1N2CCN(CC2)N=CC3=CN=CC=C3.Cl,0,2
5344776,337.75,C15H14ClF2N5,75.1,NULL,23,3,5,5,C1=CC(=CC=C1C=NNC(=NN=CC2=CC=C(C=C2)F)N)F.Cl,0,2
548045,282.4,C12H14N2O2S2,95.7,3,18,1,5,3,CC1=CC=C(C=C1)S(=O)(=O)NC2=NC(=C(S2)C)C,0,1
667889,248.66,C12H9ClN2O2,55.1,2.2,17,1,3,3,C1=CC(=C(N=C1)Cl)NC(=O)C=CC2=CC=CO2,0,1
734036,310.71,C14H12ClFN2O3,49.8,1.9,21,0,5,2,C1COCCN1C2=C(C(=O)N(C2=O)C3=CC=CC=C3F)Cl,0,1
738094,287.7,C15H10ClNO3,55.4,2.8,20,1,3,2,C1C2=C(C=C(C=C2)NC(=O)C3=CC=CC=C3Cl)C(=O)O1,0,1
929617,305.4,C16H23N3OS,76.5,3.7,21,2,3,4,CC(C)CC(=O)NC(=S)NC1=CC=CC=C1N2CCCC2,0,1
936618,270.4,C10H14N4OS2,108,0.7,17,1,4,1,CN1C=CC(=N1)C(=O)NC(=S)N2CCSCC2,0,1
1511527,345.4,C21H19N3O2,67,3.9,26,2,3,5,COC1=CC2=C(C=C1)NC=C2CCNC(=O)C3=NC4=CC=CC=C4C=C3,0,1
1858048,248.23,C12H12N2O4,95.5,0.2,18,3,4,3,CC1=CC=CC=C1C(=O)NNC(=O)C=CC(=O)O,0,1
1963150,348.22,C14H10BrN3OS,79.6,3.5,20,1,3,2,CC1=CC(=C(C=C1)NC2=NC(=O)C3=C(S2)N=CC=C3)Br,0,1
2321749,227.3,C14H17N3,20.5,2.4,17,0,2,3,CN1C=CC=C1C=NC2=CC=C(C=C2)N(C)C,0,1
2340247,286.4,C15H14N2O2S,71.1,1.8,20,0,3,3,C1CN(C2=CC=CC=C21)C(=O)CSC3=CC=CC=[N+]3[O-],0,1
2342289,285.8,C11H8ClNO2S2,96.1,3.1,17,0,4,4,C1=CC=[N+](C(=C1)SCC(=O)C2=CC=C(S2)Cl)[O-],0,1
2342471,251.3,C11H9NO2S2,96.1,2.1,16,0,4,4,C1=CC=[N+](C(=C1)SCC(=O)C2=CC=CS2)[O-],0,1
2365086,276.36,C13H16N4OS,87.2,2.2,19,1,4,6,CCN(CC1=CC=CC=C1)C(=O)CSC2=NC=NN2,0,1
2378409,281.31,C16H15N3O2,74.2,2.5,21,2,4,5,COC1=CC=C(C=C1)NC(=O)CNC2=CC=C(C=C2)C#N,0,1
2440658,323.4,C18H17N3OS,82.3,4.3,23,2,4,5,CC1=C(SC(=N1)NCC2=CC=CC=C2)C(=O)NC3=CC=CC=C3,0,1
2496612,307.4,C20H21NO2,32.7,4.1,23,1,3,5,CN(CC1=CC(=CC=C1)OC)CC2=C(C=CC3=CC=CC=C32)O,0,1
2666516,320.33,C13H12N4O4S,145,1.2,22,2,6,5,C1=CC(=CC=C1C(=O)NCCC(=O)NC2=NC=CS2)[N+](=O)[O-],0,1
2902955,339.5,C16H25N3O3S,78.1,1.4,23,1,5,5,CCC(C)N1CCN(CC1)S(=O)(=O)C2=CC=C(C=C2)NC(=O)C,0,1
3111408,327.4,C19H21NO4,75.6,2.4,24,2,4,8,COC1=CC=C(C=C1)CC(CC(=O)O)C(=O)NCC2=CC=CC=C2,0,1
3140401,318.33,C14H11FN4O2S,115,2.2,22,3,5,2,C1=CC=C(C(=C1)C(=O)NNC(=S)NC(=O)C2=CN=CC=C2)F,0,1
3758700,372.3,C17H16N4O6,153,-1.1,27,4,7,7,C1=CC=C(C=C1)C(=O)NNC(CC(=O)O)C(=O)NC2=CC(=CC=C2)[N+](=O)[O-],0,1
4839918,347.5,C22H25N3O,28.6,4.9,26,0,4,3,CC1=CC2=C(C=C1)C(=CC(=N2)N3CCN(CC3)C4=CC=C(C=C4)OC)C,0,1
5303784,231.21,C11H9N3O3,84.7,1.8,17,0,5,2,CC1=NOC(=C1[N+](=O)[O-])C=CC2=CN=CC=C2,0,1
6862493,245.3,C12H11N3OS,82.6,1.7,17,1,4,4,C1=CC=NC(=C1)C=NNC(=O)CC2=CC=CS2,0,1
16682147,263.7,C8H10ClN3O3S,141,NULL,16,4,5,3,C1=CC(=C(C=C1CSC(=N)N)[N+](=O)[O-])O.Cl,0,2
2812886,303.17,C10H8Cl2N4OS,95.2,3.6,18,2,5,3,CC1=C(SN=N1)C(=O)NNC2=C(C=CC=C2Cl)Cl,0,1
694059,272.33,C13H12N4OS,98.1,1.7,19,3,3,2,C1=CC=C(C=C1)NC(=S)NNC(=O)C2=CN=CC=C2,0,1
702132,336.32,C14H12N2O6S,119,2,23,1,7,3,C1COC2=C(O1)C=CC(=C2)NS(=O)(=O)C3=CC=C(C=C3)[N+](=O)[O-],0,1
838899,275.37,C14H17N3OS,91.7,2.1,19,2,3,4,CC(C)OC1=CC=C(C=C1)CC2=C(NC(=S)N=C2)N,0,1
892497,267.33,C16H17N3O,53.1,3.7,20,0,4,2,CC1=CC(=CC=C1)C2=NC(=C(O2)N3CCCCC3)C#N,0,1
931341,322.35,C12H14N6O3S,135,2,22,2,7,4,CN1N=C(N=N1)NC(=S)NC(=O)C2=CC(=CC(=C2)OC)OC,0,1
939075,320.4,C20H20N2O2,49.4,2.6,24,1,2,4,CCC(=O)N(CC1=CC(=O)NC2=CC=CC=C21)C3=CC=CC=C3C,0,1
940212,271.29,C15H14FN3O,53.1,3.5,20,0,5,2,C1CCN(CC1)C2=C(N=C(O2)C3=CC=CC=C3F)C#N,0,1
944274,306.4,C19H18N2O2,49.4,2.1,23,1,2,3,CC1=CC=CC=C1N(CC2=CC(=O)NC3=CC=CC=C32)C(=O)C,0,1
1400652,293.29,C17H12FN3O,51,4.4,22,1,5,2,CC1=NC2=C(C(=N1)NC3=CC=CC=C3F)OC4=CC=CC=C42,0,1
1452890,311.33,C17H17N3O3,80.3,1.6,23,2,4,5,COC1=CC=CC(=C1)C(=O)NC2=CN=C(C=C2)NC(=O)C3CC3,0,1
1796231,265.26,C16H11NO3,58.9,3.5,20,1,4,2,C1=CC=C(C=C1)C2=NOC(=O)C2=CC3=CC=C(C=C3)O,0,1
1839667,349.4,C16H15NO4S2,113,2.5,23,0,6,4,C1COCCN1C(=S)SCC(=O)C2=CC3=CC=CC=C3OC2=O,0,1
1943929,350.4,C13H10N4O4S2,154,2.5,23,1,8,3,CC1=C(C=C(C=C1)NS(=O)(=O)C2=CC=CC3=NSN=C32)[N+](=O)[O-],0,1
2087499,309.8,C14H16ClN3OS,83.1,3.6,20,2,3,4,C1CCC(C1)NC(=O)CSC2=NC3=C(N2)C=C(C=C3)Cl,0,1
2088142,340.76,C14H17ClN4O4,98.5,0.9,23,1,5,3,CC(=O)N1CCN(CC1)CC(=O)NC2=C(C=CC(=C2)[N+](=O)[O-])Cl,0,1
2117341,286.35,C14H14N4OS,98.9,2.3,20,2,4,4,CCC1=NN=C(S1)NC(=O)CC2=CNC3=CC=CC=C32,0,1
2234382,353.24,C14H13BrN2O2S,86.4,4.7,20,2,3,2,CC1=C(C(=CC=C1)C)NC(=S)NC(=O)C2=CC=C(O2)Br,0,1
2249573,331.4,C18H21NO5,58.2,2.5,24,1,6,7,COC1=CC(=C(C=C1CNCC2=CC3=C(C=C2)OCO3)OC)OC,0,1
2348965,340.4,C23H20N2O,34.4,5.4,26,0,2,5,CC1=C(N2C=CC=CC2=C1C(=O)C3=CC=CC=C3)CCC4=CC=CC=N4,0,1
2355284,284.3,C15H12N2O2S,81.3,3.6,20,0,5,4,CC1=NC(=NC=C1)SCC(=O)C2=CC3=CC=CC=C3O2,0,1
2359855,324.3,C19H14F2N2O,45.3,4.4,24,0,4,4,CC1=C(N2C=CC=CC2=C1C(=O)C3=C(C=C(C=C3)F)F)CCC#N,0,1
2396683,299.71,C10H7ClFN5OS,104,2.2,19,2,5,2,C1=CC(=C(C=C1F)Cl)C(=O)NC(=S)NN2C=NN=C2,0,1
2548868,334.4,C21H22N2O2,41.6,3.9,25,1,3,6,CN(CC1=CC=CC=C1OC)CC(=O)NC2=CC=CC3=CC=CC=C32,0,1
2726217,236.29,C11H12N2O2S,88.3,2,16,0,5,4,CCOC(=O)C1=C(C(=NC(=C1)C)SC)C#N,0,1
2731000,215.7,C8H10ClN3S,82.2,0.9,13,3,2,1,CC1=C(C(=CC=C1)Cl)NC(=S)NN,0,1
2737943,222.27,C9H10N4OS,81.3,2.7,15,1,4,3,COC1=CC=CC=C1CN2C(=S)N=NN2,0,1
2739124,226.26,C8H10N4O2S,103,0.3,15,1,5,1,C1CCN(C1)C(=O)NC(=O)C2=CSN=N2,0,1
2739274,364.3,C16H11F3N4OS,95.2,4.1,25,2,8,4,C1=CC=C(C(=C1)C(=O)NNC2=CC=C(C=C2)C3=CSN=N3)C(F)(F)F,0,1
2740205,287.8,C14H10ClN3S,66,4,19,1,4,3,C1=CC(=CC(=C1)Cl)C2=CSC(=N2)NC3=CN=CC=C3,0,1
2784136,324.1,C15H8Cl2FNO2,46.2,4,21,1,3,1,C1=CC=C(C=C1)C2(C(=O)C3=C(C(=C(C=C3)Cl)Cl)NC2=O)F,0,1
2801356,280.28,C16H12N2O3,71.8,4.6,21,0,4,2,CC1=NC(=C(O1)C2=CC=CC=C2)C3=CC=C(C=C3)[N+](=O)[O-],0,1
2801528,319.31,C16H17NO6,98,3.8,23,2,6,7,CCOC(=O)C1=C(C(=C(N1C2=CC=CC=C2)C(=O)OCC)O)O,0,1
2801573,263.36,C14H17NO2S,61.6,2.7,18,0,3,4,CCOC(=O)C1=CC=C(C=C1)C(=S)N2CCCC2,0,1
2803910,272.4,C18H28N2,29.3,4.8,20,1,2,1,CC1=C(C=C2C(=C1N)C(CC2(C)C)(C)C)N3CCCC3,0,1
2805940,328.59,C13H11BrClNO2,29.5,3.8,18,0,3,2,CN(C)C1=C(C(=O)OC(=C1)C2=CC=C(C=C2)Br)Cl,0,1
2809944,298.34,C16H18N4O2,71.9,1.7,22,2,3,6,COC1=CC2=C(C=C1)NC(=C2)C(=O)NCCCN3C=CN=C3,0,1
2810062,292.3,C12H8N2O3S2,125,2.9,19,1,6,2,CC1=CSC2=C1N=C(SC2=O)NC(=O)C3=CC=CO3,0,1
2810063,272.28,C13H8N2O3S,97,2.5,19,1,5,2,C1=CC=C2C(=C1)C(=O)SC(=N2)NC(=O)C3=CC=CO3,0,1
2810627,363.5,C22H25N3O2,46.5,2.9,27,1,3,5,CC1=CN(C2=CC=CC=C12)CCC(=O)NC3=CC=C(C=C3)N4CCOCC4,0,1
2811928,342.4,C20H26N2O3,54.7,3.7,25,1,4,4,CC1=C(C=C(O1)C(C)(C)C)C(=O)NC2=CC=C(C=C2)N3CCOCC3,0,1
2812146,272.32,C16H17FN2O,41.1,4.5,20,2,3,5,CCCC1=CC=C(C=C1)C(=O)NNC2=CC=CC=C2F,0,1
2812580,224.68,C11H13ClN2O,41.1,3,15,2,2,3,C1CC(C1)C(=O)NNC2=CC=C(C=C2)Cl,0,1
2813626,403.3,C17H12Cl2N6S,104,4.1,26,2,4,3,C1=CC=C(C=C1)N2C(=C(C=N2)C3=NNC(=S)N3C4=C(C=C(C=C4)Cl)Cl)N,0,1
2814057,281.4,C11H11N3O2S2,109,1.4,18,1,6,4,C1CC1C2=NN=C(S2)NS(=O)(=O)C3=CC=CC=C3,0,1
2814211,323.4,C20H25N3O,44.4,4.2,24,2,2,3,CC1=CC(=CC(=C1)NC(=O)NC2=CC=C(C=C2)N3CCCCC3)C,0,1
2814216,334.4,C17H19FN2O2S,57.8,3.5,23,1,5,4,C1CCN(CC1)C2=CC=C(C=C2)NS(=O)(=O)C3=CC=CC=C3F,0,1
2814336,360.5,C16H16N4O2S2,112,2.7,24,1,7,5,CN(C)C1=CC=C(C=C1)NS(=O)(=O)C2=CC=C(C=C2)C3=CSN=N3,0,1
2816266,209.24,C10H15N3O2,61.4,0.6,15,2,3,1,C1CCCN(CC1)C2=CNC(=O)NC2=O,0,1
2819709,295.8,C13H10ClNOS2,88.3,3.3,18,0,4,3,CCS(=O)C1=C(C(=CS1)C2=CC=C(C=C2)Cl)C#N,0,1
2821101,327.4,C13H13NO5S2,123,2.1,21,0,7,4,CCOC(=O)C1=C2CCC3=CON=C3C2=C(S1)S(=O)(=O)C,0,1
2821506,337.2,C11H10Cl2N2O2S2,100,4,19,1,5,6,C1=CC(=C(C=C1Cl)Cl)OCCSCC2=NNC(=S)O2,0,1
2822093,290.4,C13H14N4S2,101,2.7,19,2,3,3,CC1=C(C2=CC=CC=C2N1)SCC3=NNC(=S)N3C,0,1
2823252,379.4,C19H20F3N3O2,61.1,5.3,27,1,7,4,C1CN(CCC1NC2=C(C=C(C=C2)C(F)(F)F)[N+](=O)[O-])CC3=CC=CC=C3,0,1
2823672,314.3,C18H16F2N2O,36.1,4.4,23,1,3,3,CCC1=CC2=C(C=C1)NC(=C2)C(=O)N(C)C3=C(C=C(C=C3)F)F,0,1
2823735,223.31,C16H17N,3.2,3.8,17,0,1,1,CC1=CC2=C(CN(C2)C3=CC=CC=C3)C=C1C,0,1
2826651,220.3,C10H12N4S,78.9,3.3,15,1,5,3,CC(C)C1=CC=C(C=C1)NC2=NN=NS2,0,1
2857887,306.4,C15H18N2O3S,103,2.5,21,3,4,4,CC1=C(C=CC(=C1)CC2=C(NC(=S)NC2=O)O)OC(C)C,0,1
2876268,270.26,C10H10N2O5S,141,-0.8,18,3,7,2,C1C(NC(S1)C2=CC(=C(C=C2)O)[N+](=O)[O-])C(=O)O,0,1
3120394,289.4,C15H19N3OS,83.1,3.4,20,1,4,6,CC(C)CC1=NN=C(S1)NC(=O)CCC2=CC=CC=C2,0,1
3151173,289.4,C17H27N3O,36.4,1.9,21,0,3,6,CCCCN(C)C(=O)C1CCN(CC1)CC2=CN=CC=C2,0,1
3535939,332.4,C18H24N2O4,75.7,1.6,24,1,5,7,CCOC(=O)C1CCCN(C1)CC(=O)NC2=CC=CC(=C2)C(=O)C,0,1
3797035,351.2,C16H12Cl2N2O3,60.8,4,23,1,4,3,C1C(C(=O)N(C1=O)C2=CC(=C(C=C2)Cl)Cl)N(C3=CC=CC=C3)O,0,1
3903218,325.4,C18H19N3OS,73.5,4.6,23,1,4,5,CCN(CC)C(=O)C1=CSC(=N1)NC2=CC=CC3=CC=CC=C32,0,1
3949226,334.4,C21H22N2O2,49.4,2.9,25,1,2,5,CCCC(=O)N(CC1=CC(=O)NC2=CC=CC=C21)C3=CC=CC=C3C,0,1
4050346,316.4,C18H24N2O3,75.3,3.3,23,2,3,8,CCCCC(CC)CNC(=O)C(=O)C1C2=CC=CC=C2NC1=O,0,1
4452139,339.4,C15H21N3O4S,96.4,0.7,23,1,6,5,CCOC1=CC=C(C=C1)S(=O)(=O)NN=C2CCN(CC2)C(=O)C,0,1
4483705,247.29,C12H11N2O2S-,107,3.8,17,1,5,0,C1CCC2=NC3=C(C=C2C1)C(=C(S3)C(=O)[O-])N,-1,1
4494608,303.8,C17H18ClNO2,33.4,4.4,21,0,2,2,CC1CCN(CC1)C(=O)C2=CC=C(O2)C3=CC=CC=C3Cl,0,1
4789558,324.4,C18H16N2O2S,80.4,3.2,23,1,4,5,CC(=O)NC1=CC=C(C=C1)SCC2=NC=C(O2)C3=CC=CC=C3,0,1
4881897,316.8,C18H21ClN2O,32.299,3.6,22,1,2,6,CC(C1=CC=CC=C1)NC(=O)CN(C)CC2=CC(=CC=C2)Cl,0,1
4882368,300.4,C18H24N2O2,43.3,3.2,22,1,2,6,CC1=CC=C(N1C)CNC(=O)C2=CC=C(C=C2)OCC(C)C,0,1
6859165,286.4,C15H18N4S,72.1,3.7,20,1,3,3,C1CCC(CC1)C2=NNC(=S)N2N=CC3=CC=CC=C3,0,1
579848,336.3,C19H13FN2O3,74.9,4.6,25,1,4,3,C1=CC=C(C(=C1)C(=O)NC2=CC=C(C=C2)C3=CC=C(C=C3)[N+](=O)[O-])F,0,1
597462,304.26,C13H12N4O5,130,1.6,22,2,6,5,CCOC(=O)C1=C(N=CN1)C(=O)NC2=CC=C(C=C2)[N+](=O)[O-],0,1
620237,318.31,C14H10N2O5S,109,1.9,22,0,5,2,C1=CC=C(C=C1)CN2C(=O)C3=C(S2(=O)=O)C=C(C=C3)[N+](=O)[O-],0,1
628339,311.4,C18H21N3O2,48.3,3.3,23,1,4,5,CC1=NC2=C(N1C)C=CC(=C2)NCC3=C(C(=CC=C3)OC)OC,0,1
686056,327.32,C12H13N3O6S,125,1.7,22,0,7,4,CC1=NC=C(N1S(=O)(=O)C2=CC(=C(C=C2)OC)OC)[N+](=O)[O-],0,1
691572,301.4,C16H15NO3S,67.7,3.1,21,1,4,4,CC1=CC2=C(C=C1)C=CC(=C2)S(=O)(=O)NCC3=CC=CO3,0,1
729588,238.29,C11H18N4O2,61.6,0.2,17,1,5,3,CC1=CC(=NO1)NC(=O)CN2CCN(CC2)C,0,1
737849,270.29,C14H14N4O2,76.1,2,20,2,4,2,CC1=NN(C=C1)C2=CC(=C(C=C2O)N3C=CC(=N3)C)O,0,1
739872,333.7,C14H8ClN3O3S,116,3.8,22,1,5,2,C1=CC=NC(=C1)NC(=O)C2=C(C3=C(S2)C=C(C=C3)[N+](=O)[O-])Cl,0,1
742520,294.82,C16H23ClN2O,23.6,2.9,20,0,2,4,CC(C)CC(=O)N1CCN(CC1)CC2=CC(=CC=C2)Cl,0,1
747695,237.29,C13H19NO3,46.6,0.8,17,0,4,1,CC1(CC(=O)C(=CN2CCOCC2)C(=O)C1)C,0,1
777816,281.31,C16H15N3O2,56.5,2.9,21,0,4,4,CCOC(=O)C1=NN2C(=CC(=NC2=C1)C3=CC=CC=C3)C,0,1
845407,301.3,C15H12FN3OS,105,2.5,21,1,5,4,CC1=CC(=C(N=C1C2=CC=C(C=C2)F)SCC(=O)N)C#N,0,1
866294,257.36,C14H15N3S,58.1,2.9,18,1,3,4,CCN1C=NC2=C1C=CC(=C2)NCC3=CC=CS3,0,1
877310,245.34,C14H15NOS,57.3,4.1,17,1,3,5,CC1=CC=C(C=C1)NCCC(=O)C2=CC=CS2,0,1
877418,300.31,C16H16N2O4,84.2,3.6,22,1,5,6,COC1=CC=CC(=C1)NCCC(=O)C2=CC(=CC=C2)[N+](=O)[O-],0,1
930549,330.4,C17H18N2O3S,89,3,23,0,6,2,CCCC1=NC2=C(C(=O)O1)SC3=C2C=C4COC(CC4=N3)(C)C,0,1
931663,331.4,C16H17N3O3S,97.5,2.7,23,0,5,2,CN1CCN(CC1)C(=S)C2=CC=C(O2)C3=CC(=CC=C3)[N+](=O)[O-],0,1
943720,311.28,C13H8F3N3OS,72.9,3.5,21,1,6,2,C1=CC=C(C(=C1)C(F)(F)F)N2C(=NNC2=S)C3=CC=CO3,0,1
988232,350.3,C16H16BrNOS,48.5,4.6,20,0,2,2,C1CCN(CC1)C(=S)C2=CC=C(O2)C3=CC=C(C=C3)Br,0,1
1346651,383.3,C15H15BrN2O3S,96.5,2.9,22,1,5,7,CCOC(=O)CC1=CSC(=N1)NC(=O)CC2=CC=C(C=C2)Br,0,1
1672531,304.4,C15H16N2O3S,96.5,3.2,21,1,5,5,CCOC(=O)C1=C(SC(=C1C)C)NC(=O)C2=CC=NC=C2,0,1
1838616,355.66,C14H16BrClN4,41,4.6,20,1,4,5,CCN(CC)C1=CC=C(C=C1)NC2=NC(=NC=C2Br)Cl,0,1
1839212,277.73,C11H8ClN5S,88.4,2.4,18,2,3,2,C1=CC=C(C(=C1)N2C(=NNC2=S)C3=CC=NN3)Cl,0,1
1980797,292.29,C14H16N2O5,105,0.7,21,3,5,6,CCOC1=CC=C(C=C1)CC(=O)NNC(=O)C=CC(=O)O,0,1
1982104,288.32,C14H12N2O3S,107,2.7,20,3,4,3,C1=CC=C(C(=C1)NC(=S)NC(=O)C=CC2=CC=CO2)O,0,1
1986175,353.4,C19H19N3O2S,91.5,4.5,25,2,5,7,CC1=C(SC(=N1)NCCOC2=CC=CC=C2)C(=O)NC3=CC=CC=C3,0,1
2014032,319.4,C19H17N3O2,71.2,4.2,24,2,5,5,C1=CC=C(C=C1)C2=NC3=C(C(=N2)NCCCO)OC4=CC=CC=C43,0,1
2021697,334.4,C21H22N2O2,49.4,2.9,25,1,2,4,CCC(=O)N(CC1=CC(=O)NC2=CC=CC=C21)C3=C(C=C(C=C3)C)C,0,1
2086353,348.4,C18H28N4O3,73.9,2.3,25,2,5,5,CC(C)(C)NC(=O)NC(=O)CN1CCN(CC1)C2=CC=C(C=C2)OC,0,1
2119148,340.4,C17H16N4O2S,126,2.5,24,3,4,5,CC1=CC2=C(C=C1)N=C(N2)SCC(=O)NC3=CC=C(C=C3)C(=O)N,0,1
2239474,262.37,C14H18N2OS,64.4,2.9,18,1,2,1,CC(C)(C)C(=O)NC(=S)N1CCC2=CC=CC=C21,0,1
2246462,343.3,C15H9N3O5S,153,2.9,24,2,7,3,C1=CC=C2C(=C1)N=C(S2)NC(=O)C3=C(C=CC=C3[N+](=O)[O-])C(=O)O,0,1
2260892,303.31,C15H17N3O4,82.4,1.1,22,1,5,4,CCOC1=CC=CC=C1N=CC2=C(N(C(=O)N(C2=O)C)C)O,0,1
2264012,339.5,C19H21N3OS,69,4.2,24,1,3,6,CC(C)OC1=CC=C(C=C1)CCC2=NNC(=S)N2C3=CC=CC=C3,0,1
2267474,296.31,C14H11F3N2S,56.2,3.1,20,2,4,2,C1=CC=C(C=C1)NC(=S)NC2=CC=CC=C2C(F)(F)F,0,1
2291466,358.4,C18H18N2O4S,101,3.6,25,2,5,4,CCOC1=CC=CC(=C1)C(=O)NC(=S)NC2=CC3=C(C=C2)OCCO3,0,1
2337453,308.32,C12H12N4O4S,138,1,21,1,6,2,CN1C(=C(C(=O)N(C1=O)C)SC2=CC=CC=C2[N+](=O)[O-])N,0,1
2375549,341.1,C14H10Cl2N2O4,88.5,3.4,22,2,5,5,C1=CC=C(C(=C1)C(=O)OCC(=O)NC2=C(C=C(C=N2)Cl)Cl)O,0,1
2427403,220.15,C7H7F3N4O,70.7,0.9,15,2,6,2,C1CC1C(=O)NC2=NNC(=N2)C(F)(F)F,0,1
2441633,314.4,C17H18N2O2S,66.9,3.2,22,1,4,4,COC1=CC=CC(=C1)NC(=O)CN2CCSC3=CC=CC=C32,0,1
2441961,260.36,C14H16N2OS,70.2,3.5,18,1,4,4,CC1=CC=C(C=C1)CNC2=NC(=C(S2)C(=O)C)C,0,1
2443333,284.33,C13H14F2N2OS,62.4,4.6,19,1,6,5,CCNC1=NC(=C(S1)C)C2=CC=C(C=C2)OC(F)F,0,1
2466853,330.4,C18H19FN2O3,45.2,2.9,24,1,6,3,C1CN(CCN1CC2=CC3=C(C=C2O)OCO3)C4=CC=C(C=C4)F,0,1
2574382,298.4,C17H18N2OS,57.6,3.6,21,1,3,3,CC1=CC(=CC=C1)NC(=O)CN2CCSC3=CC=CC=C32,0,1
2862691,330.4,C16H18N4O2S,126,2.6,23,2,5,4,CCC1CCC2=C(C1)SC(=C2C(=O)N)NC(=O)C3=NC=CN=C3,0,1
2866595,247.22,C12H10FN3O2,73.2,0.3,18,1,5,3,C1C(C(=O)N(C1=O)C2=CC=C(C=C2)F)NCC#N,0,1
2868890,276.24,C13H12N2O5,103,1.2,20,1,5,2,CC(=O)C1=C(C(=O)N(C1C2=CC=CC=C2[N+](=O)[O-])C)O,0,1
2879378,328.3,C16H12N2O4S,113,1.8,23,1,6,4,C1C(C(=O)N(C1=O)C2=CC=CC=C2)SC3=C(C=CC=N3)C(=O)O,0,1
2919611,266.4,C12H14N2OS2,80.9,2.9,17,0,4,2,CC1C(=O)N(C(=S)S1)C2=CC=C(C=C2)N(C)C,0,1
2953277,297.15,C12H13BrN2O2,47.3,1.7,17,1,3,5,C1=CC(=CC=C1OCC(CN2C=CN=C2)O)Br,0,1
2985157,311.5,C12H13N3OS3,134,3.3,19,1,6,6,CSC1=NSC(=N1)SCC(=O)NCC2=CC=CC=C2,0,1
3155704,316.4,C16H13FN2O2S,83.4,3,22,1,5,5,C1=COC(=C1)C(CC(=O)NC2=NC=CS2)C3=CC=C(C=C3)F,0,1
3271364,318.4,C18H26N2O3,58.6,2.6,23,1,4,6,CCOC(=O)C1CCCN(C1)CC(=O)NC2=CC(=CC(=C2)C)C,0,1
3661998,362,C11H12Cl4N2O3,61.8,4.3,20,2,4,5,CCOC(=O)NC(C(Cl)(Cl)Cl)N(C1=CC(=CC=C1)Cl)O,0,1
3742197,284.4,C16H16N2OS,64.4,3.1,20,1,2,3,CN(CC1=CC=CC=C1)C(=S)NC(=O)C2=CC=CC=C2,0,1
3749587,287.4,C15H17N3OS,67.3,3.4,20,1,4,3,CC1=C(C2=C(N1C)C=CC(=C2)OC)C3=CSC(=N3)NC,0,1
4027576,288.4,C16H20N2OS,62.4,4.1,20,1,4,4,CC1=CC=C(C=C1)C2=C(SC(=N2)NCC3CCCO3)C,0,1
4410730,333.4,C19H24FNO3,41.9,2.8,24,1,5,10,CN(CCOC1=CC=CC=C1)CC(COCC2=CC=CC=C2F)O,0,1
4688899,256.26,C14H12N2O3,72.8,1.9,19,3,4,1,C1=CC=C2C(=C1)C(=O)N(C(N2)C3=CC(=CC=C3)O)O,0,1
4779876,321.8,C15H16ClN3OS,86.2,3.2,21,1,3,6,CC(C(=O)N)SC1=NC=C(N1CC=C)C2=CC=C(C=C2)Cl,0,1
4785222,329.74,C16H12ClN3O3,92.1,2.7,23,1,5,5,CC(C(=O)NC1=NC=C(C=C1)Cl)OC(=O)C2=CC=C(C=C2)C#N,0,1
4836021,357.5,C19H23N3O2S,89.6,2.4,25,2,4,6,CC(=O)C1=CC=C(C=C1)NC(=S)NCC(C2=CC=CO2)N3CCCC3,0,1
4880624,345.5,C18H23N3O2S,61.9,2.7,24,0,5,5,CCN(CC)S(=O)(=O)C1=CN=C(C=C1)N2CCC3=CC=CC=C3C2,0,1
4882693,327.4,C18H21N3O3,71.5,1.5,24,1,4,7,CCOC1=CC=CC=C1C(=O)NCC(=O)N(C)CC2=CN=CC=C2,0,1
4894827,369.8,C20H20ClN3O2,48.6,4,26,1,3,3,COC1=CC=CC(=C1)N2CCN(CC2)C(=O)C3=CC4=C(N3)C=CC(=C4)Cl,0,1
4969955,288.34,C15H20N4O2,59.4,0,21,1,4,4,CC(=O)NC1=CC2=C(C=C1)N3CCN(CC3=N2)CCOC,0,1
4972021,353.4,C20H20FN3O2,48.6,3.5,26,1,4,3,COC1=CC2=C(C=C1)C=C(N2)C(=O)N3CCN(CC3)C4=CC=C(C=C4)F,0,1
4976455,332.33,C17H17FN2O4,67.5,3.4,24,0,6,3,COC1=C(C=C2CN(CCC2=C1)C3=C(C=C(C=C3)F)[N+](=O)[O-])OC,0,1
5022150,341.5,C13H15N3O2S3,142,3.2,21,2,6,5,COC1=CC=C(C=C1)NC(=O)NC2=C(SN=C2SC)SC,0,1
5195682,312.4,C12H16N4O2S2,123,0.2,20,3,4,4,CNC(=S)NC1=CC(=CC=C1)S(=O)(=O)NC2=NCCC2,0,1
5342813,309.4,C18H23N5,35,3.1,23,0,5,4,CN(C)C1=CC=C(C=C1)C=NN2CCN(CC2)C3=CC=CC=N3,0,1
6474087,304.3,C18H16N4O,66.4,3.1,23,2,4,5,C1=CC=C2C=C(C=CC2=C1)NCC(=O)NN=CC3=CC=NC=C3,0,1
6498967,329.3,C18H19NO5,66,2.9,24,1,5,5,CC(C(=O)NC1=CC2=C(C=C1)OCCO2)OC3=CC=CC=C3OC,0,1
6518520,249.25,C9H7N5O2S,152,2.7,17,2,6,3,C1=CC=C(C(=C1)NN=C(C#N)C(=S)N)[N+](=O)[O-],0,1
6884695,290.32,C17H14N4O,67.2,2.8,22,1,4,3,CC1=NC2=CC=CC=C2C(=C1)C(=O)NN=CC3=CC=CC=N3,0,1
6885425,304.3,C18H16N4O,66.4,3.4,23,2,4,5,C1=CC=C2C=C(C=CC2=C1)NCC(=O)NN=CC3=CC=CC=N3,0,1
8924146,339.4,C18H17N3O2S,92.4,3.5,24,1,5,5,CC1=CC(=CC(=C1)OCC(=O)NC2=NC(=CS2)C3=CC=CC=N3)C,0,1
9184438,347.33,C15H20F3N3O3,70.3,3.5,24,1,8,4,CC(C)(CNC1=C(C=C(C=C1)C(F)(F)F)[N+](=O)[O-])N2CCOCC2,0,1
753550,346.4,C20H14N2O2S,99.3,4.3,25,1,5,5,C1=CC=C(C=C1)C2=CC(=NC(=C2C#N)SCC(=O)O)C3=CC=CC=C3,0,1
782887,262.3,C14H18N2O3,69.3,2.1,19,1,4,3,C1CN(CCC1O)CC=CC2=CC=CC=C2[N+](=O)[O-],0,1
969997,330.4,C21H18N2O2,59.1,2.9,25,1,3,6,C1=CC=C(C=C1)C2=CC=C(C=C2)C(=O)CCC(=O)NC3=CN=CC=C3,0,1
971320,317.2,C11H10Cl2N4OS,88.8,2.2,19,2,3,3,CN1C(=NNC1=S)CC(=O)NC2=CC(=C(C=C2)Cl)Cl,0,1
972224,335.4,C15H17N3O2S2,124,3.6,22,2,5,5,CCC1=C(SC(=C1C(=O)OC)NC(=S)NC2=CN=CC=C2)C,0,1
1250602,321.3,C19H15NO4,86.6,3.7,24,3,4,4,C1=CC=C2C(=C1)C=CC=C2CC(=O)NC3=C(C=C(C=C3)O)C(=O)O,0,1
2302060,370.4,C23H18N2O3,75.2,4.6,28,2,4,6,C1=CC=C(C=C1)C2=C(N=C(N2)C3=CC=CC=C3OCC(=O)O)C4=CC=CC=C4,0,1
2827725,309.34,C14H15NO5S,109,1.4,21,1,6,6,CCOC1=CC=C(C=C1)N2C(=O)CC(C2=O)SCC(=O)O,0,1
2959658,313.35,C17H19N3O3,87,4,23,2,4,6,CC1=CC=C(C=C1)C(=O)NCCCNC2=CC=CC=C2[N+](=O)[O-],0,1
2984647,331.32,C16H17N3O5,101,1.4,24,1,6,4,C1COCCN1C2=C(C=C(C=C2)[N+](=O)[O-])C(=O)NCC3=CC=CO3,0,1
135495483,302.4,C16H18N2O2S,83.8,3.1,21,1,4,4,CC1=CC(=C(C(=C1)C)C(=O)CSC2=NC(=CC(=O)N2)C)C,0,1
750631,341.5,C14H19N3O3S2,118,2.9,22,1,7,6,CC(C)(C)CC1=NN=C(S1)NS(=O)(=O)C2=CC=C(C=C2)OC,0,1
791415,223.74,C13H18ClN,3.2,4.1,15,0,1,2,C1CCCN(CC1)CC2=CC(=CC=C2)Cl,0,1
825411,320.4,C15H16N2O4S,91.6,3,22,0,5,2,C1CCN(CC1)S(=O)(=O)C2=CC=CC3=C2C=CC=C3[N+](=O)[O-],0,1
935974,278.29,C10H10N6O2S,130,1.6,19,2,6,3,CN1N=C(N=N1)NC(=S)NC(=O)C=CC2=CC=CO2,0,1
938399,327.4,C17H17N3O2S,78.2,3.1,23,1,4,5,COC1=CC=C(C=C1)CN2C(=NNC2=S)C3=CC=C(C=C3)OC,0,1
940083,281.35,C17H19N3O,53.1,4.2,21,0,4,2,CC1CCN(CC1)C2=C(N=C(O2)C3=CC=CC=C3C)C#N,0,1
944360,334.4,C21H22N2O2,49.4,3.1,25,1,2,4,CC1=CC=C(C=C1)N(CC2=CC(=O)NC3=CC=CC=C32)C(=O)C(C)C,0,1
947598,334.4,C21H22N2O2,49.4,3.1,25,1,2,4,CC1=CC=CC=C1N(CC2=CC(=O)NC3=CC=CC=C32)C(=O)C(C)C,0,1
950565,297.35,C17H19N3O2,62.3,3.6,22,0,5,4,CC1=CC=C(C=C1)OCC2=NC(=C(O2)N3CCCCC3)C#N,0,1
951305,345.19,C16H13BrN2O2,69.1,4.6,21,1,4,2,CC1=CC(=NC2=C1C(=C(O2)C(=O)C3=CC=C(C=C3)Br)N)C,0,1
959863,306.35,C12H14N6O2S,130,2.4,21,2,6,5,CCCN1N=C(N=N1)NC(=S)NC(=O)C=CC2=CC=CO2,0,1
1503539,303.34,C13H13N5O2S,107,1.8,21,2,5,4,COC1=CC(=C(C=C1)OC)N2C(=NNC2=S)C3=CC=NN3,0,1
1591624,339.4,C18H17N3O2S,74.4,3.1,24,0,4,3,C1CN(CCN1C2=CC=CC=C2)C3=NC(=O)C(=CC4=CC=CO4)S3,0,1
1714069,326.1,C12H8BrNO5,92.7,2.4,19,2,5,4,C1=COC(=C1)C=C(C(=O)O)NC(=O)C2=CC=C(O2)Br,0,1
1927956,315.3,C18H18FNO3,47.6,3.9,23,1,5,7,COC1=C(C=C(C=C1)C(=O)C=CNCC2=CC=C(C=C2)F)OC,0,1
2171879,250.25,C15H10N2O2,51.6,2.8,19,0,4,2,C1=CC=C(C=C1)C2=NOC(=O)C2=CC3=CN=CC=C3,0,1
2200364,331.8,C15H10ClN3O2S,94.8,3.5,22,2,4,3,C1=CC=C(C(=C1)C(=O)NC2=CC=C(C=C2)C3=NNC(=S)O3)Cl,0,1
2318350,336.3,C14H16N4O6,125,1.3,24,2,8,7,COC1=CC(=CC(=C1OC)OC)C(=O)NC2=NNC(=N2)C(=O)OC,0,1
2388124,318.4,C16H18N2O3S,88.7,3.2,22,1,5,5,COC1=CC=C(C=C1)OCC(=O)NC2=NC3=C(S2)CCCC3,0,1
2390981,355.4,C18H17N3O3S,109,3,25,2,5,7,COC(=O)C1=CC=C(C=C1)CNC(=O)CSC2=NC3=CC=CC=C3N2,0,1
2442329,336.5,C16H24N4O2S,109,3.5,23,2,5,4,CC1=C(N=C(N=C1C)SCC(=O)NC(=O)NC2CCCCC2)C,0,1
2450646,335.4,C15H17N3O2S2,124,3.6,22,2,5,5,CCOC(=O)C1=C(SC(=C1C)C)NC(=S)NC2=CN=CC=C2,0,1
2464348,316.4,C16H13FN2O2S,83.4,3.3,22,1,5,4,CC1=CC=C(O1)C2=CSC(=N2)NC(=O)CC3=CC=C(C=C3)F,0,1
2464957,328.4,C16H22F2N2OS,57.6,4.4,22,1,5,6,CN(CC(=O)NC1=CC=C(C=C1)SC(F)F)C2CCCCC2,0,1
2475628,247.36,C13H17N3S,58.1,3.2,17,1,3,4,CC1=CC(=C(N1CC=C)C)C2=CSC(=N2)NC,0,1
2506041,270.26,C10H8F2N4OS,110,2.1,18,2,7,4,C1=CC(=C(C=C1F)C(=O)CSC2=NNC(=N2)N)F,0,1
2519122,304.4,C13H12N4OS2,111,2.9,20,1,5,4,C1CC1N2C(=O)NN=C2SCC3=NC4=CC=CC=C4S3,0,1
2521169,341.4,C18H15NO4S,86,3.8,24,1,5,4,CSCC1=C(OC2=CC=CC=C21)C(=O)NC3=CC4=C(C=C3)OCO4,0,1
2564498,332.33,C17H17FN2O4,77,3.2,24,0,5,5,CC1=CC(=C(N1C2CC2)C)C(=O)COC3=C(C=CC(=C3)F)[N+](=O)[O-],0,1
2823668,244.33,C15H20N2O,44.9,3.6,18,2,1,4,CCCCNC(=O)C1=CC2=C(C=C(C=C2N1)C)C,0,1
2853709,265.4,C12H11NO2S2,94.8,2.8,17,0,4,3,CCN1C(=O)C(SC1=S)C(=O)C2=CC=CC=C2,0,1
2907454,298.34,C17H18N2O3,74.9,3.7,22,1,3,5,CC1=CC(=C(C=C1)NC(=O)CCCC2=CC=CC=C2)[N+](=O)[O-],0,1
2926831,344.3,C15H12N4O4S,134,1.9,24,0,7,3,CC1=NC(=NC=C1)SC2CC(=O)N(C2=O)C3=CC=C(C=C3)[N+](=O)[O-],0,1
2981779,310.4,C11H10N4O3S2,154,2.2,20,1,7,4,CC1=CSC(=N1)NC(=O)CSC2=NC=C(C=C2)[N+](=O)[O-],0,1
3312436,373.4,C17H23N7O3,125,2.7,27,2,9,5,CCOC1=CC=C(C=C1)NC2=NC(=C(C(=N2)N3CCN(CC3)C)[N+](=O)[O-])N,0,1
3473949,339.5,C21H29N3O,44.4,3.4,25,2,3,8,CC(C)C1=CC=C(C=C1)NC(=O)CNCC(C2=CC=CC=C2)N(C)C,0,1
3570124,330.4,C17H22N4O3,90.2,2,24,0,5,1,C1CCC2(CC1)N=C3C(=[N+]2[O-])C=CC(=C3N4CCCCC4)[N+](=O)[O-],0,1
3588620,355.3,C16H16Cl2N2OS,51.7,4.1,22,0,3,2,CN1CCN(CC1)C(=S)C2=CC=C(O2)C3=C(C=CC(=C3)Cl)Cl,0,1
3677354,390.19,C16H12BrN3O4,87.7,3.5,24,0,5,2,CC(=O)N1C(OC(=N1)C2=CC(=CC=C2)[N+](=O)[O-])C3=CC=C(C=C3)Br,0,1
3764835,258.269,C14H14N2O3,85.4,-1,19,2,5,2,CC1=C2CC(OC2=C3C=C(C=CC3=N1)C(=O)O)CN,0,1
3803832,348.5,C21H20N2OS,65.4,3.8,25,2,2,4,C=CCOC1=CC=C(C=C1)C2C3=C(C4=CC=CC=C4CC3)NC(=S)N2,0,1
3832832,355.18,C14H15BrN2O4,84.5,2.4,21,2,4,2,C1CCC2C(C1)C2C(=O)NNC(=O)C3=COC(=O)C(=C3)Br,0,1
4043107,301.4,C16H19N3OS,71.2,3.5,21,1,4,5,CCNC1=NC(=CS1)C2=C(N(C(=C2)C)CC3=CC=CO3)C,0,1
4374275,377.5,C24H27NO3,41.9,4.7,28,1,4,10,CN(CC1=CC=C(C=C1)OCC=C)CC(COC2=CC=CC3=CC=CC=C32)O,0,1
4793492,330.4,C20H18N4O,55,3.6,25,0,5,4,CC1=CC=C(O1)CN(C)C2=NC(=NC3=CC=CC=C32)C4=CN=CC=C4,0,1
4877804,340.5,C20H24N2OS,57.6,4.4,24,1,3,6,CC(CCC1=CC=CC=C1)NC(=O)CN2CCSC3=CC=CC=C32,0,1
5032828,307.3,C18H17N3O2,71.1,4.3,23,1,5,6,COCCNC1=C(N=C(O1)CC2=CC=CC3=CC=CC=C32)C#N,0,1
5132152,354.9,C17H23ClN2O2S,73.7,2.8,23,1,3,5,CN(C(=S)NCCOC)C1(CCCCC1=O)C2=CC=CC=C2Cl,0,1
5301172,307.73,C14H14ClN3O3,65.4,2.5,21,1,4,3,CC1=C(C(=NN1CC(=O)NC2=CC3=C(C=C2)OCO3)C)Cl,0,1
5424428,249.23,C9H11N7O2,124,0.7,18,2,7,4,CC1=CC=C(O1)C=NNC(=O)CN2N=C(N=N2)N,0,1
6859205,296.28,C15H12N4O3,93.5,2.1,22,1,6,4,CC1=C(C=CC(=C1)C(=O)O)C2=CC=C(O2)C=NN3C=NN=C3,0,1
6864747,314.8,C15H11ClN4S,72.1,3.9,21,1,3,3,C1=CC=C(C=C1)C2=NNC(=S)N2N=CC3=CC=C(C=C3)Cl,0,1
6884995,286.29,C14H14N4O3,92.2,1.4,21,1,4,4,CN1C=CC=C1CC(=O)NN=CC2=CC=C(C=C2)[N+](=O)[O-],0,1
717250,312.32,C17H16N2O4,75.4,3.2,23,0,4,3,C1CC2=CC=CC=C2N(C1)C(=O)COC3=CC=CC=C3[N+](=O)[O-],0,1
755166,311.4,C17H17N3OS,83.1,3.5,22,2,3,5,CC1=CC=C(C=C1)CNC(=O)CSC2=NC3=CC=CC=C3N2,0,1
760948,288.17,C13H15Cl2NO2,38.3,3.1,18,1,2,3,C1COCCC1CC(=O)NC2=CC(=C(C=C2)Cl)Cl,0,1
763011,302.23,C12H16BrNOS,37.8,2.8,16,0,3,3,COC1=C(C=C(C=C1)Br)CN2CCSCC2,0,1
763396,250.41,C14H22N2S,31.8,2.4,17,0,3,3,CN1CCCN(CC1)CC2=CC=C(C=C2)SC,0,1
764311,298.22,C14H20BrNO,12.5,3.6,17,0,2,3,COC1=C(C=C(C=C1)Br)CN2CCCCCC2,0,1
765015,251.39,C14H21NOS,37.8,2.9,17,0,3,3,CC1=C(C=CC(=C1C)OC)CN2CCSCC2,0,1
765089,299.33,C15H17N5O2,78.1,1.8,22,0,6,3,C1CN(CCN1CC2=CC=C(C=C2)[N+](=O)[O-])C3=NC=CC=N3,0,1
765577,232.36,C15H24N2,6.5,2.7,17,0,2,2,CC1=CC(=C(C=C1)CN2CCCN(CC2)C)C,0,1
773311,339.27,C16H23BrN2O,23.6,3,20,0,2,4,CC(C)CC(=O)N1CCN(CC1)CC2=CC=C(C=C2)Br,0,1
783587,231.33,C15H21NO,12.5,3.2,17,0,2,4,COC1=CC=CC=C1C=CCN2CCCCC2,0,1
783742,249.37,C14H19NOS,37.8,2.8,17,0,3,4,COC1=CC=CC=C1C=CCN2CCSCC2,0,1
783812,252.27,C11H9FN2O2S,86.1,3.4,17,1,5,3,C1=CC(=CC(=C1)F)NCC2=CC=C(S2)[N+](=O)[O-],0,1
783957,268.72,C11H9ClN2O2S,86.1,3.9,17,1,4,3,C1=CC(=CC(=C1)Cl)NCC2=CC=C(S2)[N+](=O)[O-],0,1
784093,332.2,C17H18BrNO,21.3,4.9,20,1,2,4,COC1=C(C=C(C=C1)CNC2=CC3=C(CCC3)C=C2)Br,0,1
784234,268.72,C11H9ClN2O2S,86.1,3.9,17,1,4,3,C1=CC(=CC=C1NCC2=CC=C(S2)[N+](=O)[O-])Cl,0,1
791168,310.4,C19H22N2O2,24.9,3.5,23,0,4,3,CC1=CC=CC=C1N2CCN(CC2)CC3=CC4=C(C=C3)OCO4,0,1
791209,324.4,C20H24N2O2,24.9,3.9,24,0,4,3,CC1=C(C(=CC=C1)N2CCN(CC2)CC3=CC4=C(C=C3)OCO4)C,0,1
791221,292.4,C19H20N2O,28.3,3.4,22,1,2,3,COC1=CC=CC=C1CN2CCC3=C(C2)NC4=CC=CC=C34,0,1
791371,235.39,C14H21NS,28.5,3.5,16,0,2,3,CSC1=CC=C(C=C1)CN2CCCCCC2,0,1
791441,299.33,C15H17N5O2,78.1,1.8,22,0,6,3,C1CN(CCN1CC2=CC(=CC=C2)[N+](=O)[O-])C3=NC=CC=N3,0,1
791948,336.4,C21H24N2O2,37.5,3.8,25,1,3,5,CCOC1=C(C=CC(=C1)CN2CCC3=C(C2)NC4=CC=CC=C34)OC,0,1
794439,271.23,C12H9N5O3,123,2.1,20,2,6,1,C1=CC2=NN(N=C2C=C1N)C3=C(C=CC(=C3)[N+](=O)[O-])O,0,1
796777,335.24,C16H19BrN2O,19.6,3.8,20,0,3,3,CC1=CC=CC=C1N2CCN(CC2)CC3=CC=C(O3)Br,0,1
797744,236.66,C10H9ClN4O,70.7,2.1,16,2,3,2,CC1=C(C=CC=C1Cl)NC(=O)C2=NC=NN2,0,1
803546,267.4,C18H21NO,12.5,4,20,0,2,5,C1CCN(C1)CCOC2=CC=CC=C2C3=CC=CC=C3,0,1
803748,247.25,C12H13N3O3,72.9,1.8,18,0,4,4,CC1=CC(=C(C=C1)OCCN2C=CN=C2)[N+](=O)[O-],0,1
829673,311.4,C13H17N3O2S2,109,2.9,20,1,6,4,CC1=CC=C(C=C1)S(=O)(=O)NC2=NN=C(S2)C(C)(C)C,0,1
844431,298.4,C18H22N2O2,36.7,3.5,22,0,3,2,CC1=C(C(=CC=C1)N2CCN(CC2)C(=O)C3=CC=C(O3)C)C,0,1
868366,238.75,C13H19ClN2,15.3,3.5,16,1,2,3,CCN1CCC(CC1)NC2=CC=C(C=C2)Cl,0,1
960709,311.33,C17H17N3O3,78.2,3.2,23,1,4,3,C1CCN(C1)C2=CC=C(C=C2)NC(=O)C3=CC=CC=C3[N+](=O)[O-],0,1
1334525,375.3,C18H19BrN2O2,41.6,4,23,1,3,4,COC1=C(C=C(C=C1)C(=O)NC2=CC=C(C=C2)N3CCCC3)Br,0,1
1375742,363.4,C21H21N3O3,65.4,3.9,27,0,5,4,C1CN(CCN1CC2=CC=C(O2)C3=CC(=CC=C3)[N+](=O)[O-])C4=CC=CC=C4,0,1
1377068,262.2,C11H13Cl2NS,28.5,3.7,15,0,2,2,C1CSCCN1CC2=C(C=C(C=C2)Cl)Cl,0,1
1377199,321.76,C15H16ClN3O3,65.4,3.2,22,0,5,3,C1CN(CCN1CC2=CC=C(O2)[N+](=O)[O-])C3=CC=CC=C3Cl,0,1
1377244,262.2,C11H13Cl2NS,28.5,3.4,15,0,2,2,C1CSCCN1CC2=C(C(=CC=C2)Cl)Cl,0,1
1377280,239.4,C12H17NS2,53.8,2.7,15,0,3,3,CSC1=CC=C(C=C1)CN2CCSCC2,0,1
1632882,332.4,C14H12N4O2S2,158,3.1,22,3,8,4,CC1=C(SC(=N1)N)C2=CSC(=N2)NC3=CC=CC(=C3)C(=O)O,0,1
2058153,230.35,C15H22N2,6.5,2.8,17,0,2,3,CC(=CC1=CC=CC=C1)CN2CCN(CC2)C,0,1
2245071,248.3,C12H12N2O2S,86.1,3.6,17,1,4,3,CC1=CC(=CC=C1)NCC2=CC=C(S2)[N+](=O)[O-],0,1
2289519,342.4,C12H14N4O4S2,154,2.4,22,1,8,4,CC(C)(C)C1=NN=C(S1)NS(=O)(=O)C2=CC=C(C=C2)[N+](=O)[O-],0,1
2843930,258.36,C16H22N2O,27,3.6,19,0,2,6,CC(C)(C)C1=CC=C(C=C1)OCCCN2C=CN=C2,0,1
2845240,343.26,C15H23BrN2O2,24.9,2.6,20,0,4,4,CN1CCCN(CC1)CC2=CC(=C(C=C2Br)OC)OC,0,1
2845539,298.34,C16H18N4O2,65.2,2.1,22,0,5,3,C1CN(CCN1CC2=CC=NC=C2)C3=CC=C(C=C3)[N+](=O)[O-],0,1
2845669,260.37,C16H24N2O,15.7,2.5,19,0,3,5,CN1CCCN(CC1)CC2=CC=CC=C2OCC=C,0,1
2845974,295.4,C19H25N3,19.4,3.8,22,0,3,5,CC(CCN1CCN(CC1)C2=CC=CC=N2)C3=CC=CC=C3,0,1
2846385,256.399,C17H24N2,6.5,3.6,19,0,2,2,C1CC2CC1CC2N3CCN(CC3)C4=CC=CC=C4,0,1
2848730,233.2,C11H8FN3O2,70.7,2.7,17,1,5,2,C1=CC(=CC(=C1)F)NC2=NC=C(C=C2)[N+](=O)[O-],0,1
2851209,343.4,C19H21NO5,87.1,NULL,25,2,6,5,CN(C)CCOC1C2=CC=CC=C2C3=CC=CC=C13.C(=O)(C(=O)O)O,0,2
2888897,327.3,C18H14FNO4,77.8,2.6,24,2,5,3,CC(=O)C1=C(C(=O)N(C1C2=CC=CC=C2F)C3=CC=C(C=C3)O)O,0,1
2889223,343.8,C18H14ClNO4,77.8,3.2,24,2,4,3,CC(=O)C1=C(C(=O)N(C1C2=CC=C(C=C2)Cl)C3=CC=C(C=C3)O)O,0,1
2890303,312.29,C17H13FN2O3,70.5,2.3,23,1,5,3,CC(=O)C1=C(C(=O)N(C1C2=CC(=CC=C2)F)C3=CC=CC=N3)O,0,1
2922439,258.36,C16H22N2O,27,3.5,19,0,2,6,CC1=CC(=CC(=C1)OCCCN2C=CN=C2)C(C)C,0,1
2922618,295.17,C13H15BrN2O,27,3,17,0,2,5,CC1=CC(=C(C=C1)OCCCN2C=CN=C2)Br,0,1
3752897,261.36,C15H23N3O,35.6,1.1,19,1,3,3,CC(=O)NC1=CC=C(C=C1)CN2CCCN(CC2)C,0,1
3817787,300.4,C19H28N2O,23.6,3.9,22,0,3,4,CC(=O)C1=CC=C(C=C1)N2CCN(CC2)CC3CCCCC3,0,1
5719535,265.78,C15H20ClNO,12.5,NULL,18,1,2,3,CN1CCC(=CC1)C=CC2=CC=C(C=C2)OC.Cl,0,2
5721756,345.4,C19H27N3O3,69.4,2.9,25,0,4,6,CCN(CC)C(=O)C1CCCN(C1)CC=CC2=CC=CC=C2[N+](=O)[O-],0,1
622907,270.19,C11H12BrNS,35.3,3.2,14,0,1,1,C1CCN(C1)C(=S)C2=CC=C(C=C2)Br,0,1
674720,243.37,C11H21N3OS,68.6,1.6,16,2,3,2,C1CCC(CC1)NC(=S)NN2CCOCC2,0,1
684887,299.76,C12H18ClN5O2,80.2,2.9,20,1,7,5,CC1CCN(CC1)C2=NC(=NC(=N2)NCC(=O)OC)Cl,0,1
703140,311.4,C18H21N3O2,48.3,3.3,23,1,4,5,CC1=NC2=C(N1C)C=CC(=C2)NCC3=C(C=CC(=C3)OC)OC,0,1
827173,243.3,C15H17NO2,42.2,2.4,18,1,2,5,CC1=CC=C(O1)CCC(=O)NCC2=CC=CC=C2,0,1
2788327,242.38,C12H22N2OS,65.4,2.2,16,2,2,3,C1CCC(CC1)NC(=S)NCC2CCCO2,0,1
2811011,259.13,C11H12Cl2N2O,41.1,3.7,16,2,2,3,C1CC(C1)C(=O)NNC2=C(C=CC(=C2)Cl)Cl,0,1
2812875,226.22,C11H12F2N2O,41.1,2.6,16,2,4,3,C1CC(C1)C(=O)NNC2=C(C=C(C=C2)F)F,0,1
16304770,307.76,C13H10ClN3O2S,83.2,2.7,20,2,4,3,C1=CC=C(C(=C1)S(=O)(=O)NC2=CC3=C(C=C2)NN=C3)Cl,0,1
686819,327.4,C15H13N5O2S,126,1.9,23,3,5,4,C1CC1C2=CC(=NN2)C3=NNC(=S)N3C4=CC=C(C=C4)C(=O)O,0,1
767653,324.4,C17H16N4OS,118,2.1,23,1,5,4,C1CCC2=C(C1)C(=C(C(=N2)SCC(=O)N)C#N)C3=CC=NC=C3,0,1
818969,291.37,C14H17N3O2S,78.2,2.2,20,1,4,2,CC1(CC2=CC(=C(C=C2C3=NNC(=S)N31)OC)OC)C,0,1
915527,348.4,C22H24N2O2,34.5,3.7,26,0,3,4,CC1=C(C2=C(N1C)C=CC(=C2)OC)C(=O)CN3CCC4=CC=CC=C4C3,0,1
1102888,350.4,C19H18N4O3,83.4,4.1,26,1,6,6,CCOC(=O)C1=CC=C(C=C1)N=NC2=C(NN(C2=O)C3=CC=CC=C3)C,0,1
1258345,325.8,C13H9ClFN3S2,88,3.6,20,1,4,3,C1=CSC(=C1)CC2=NNC(=S)N2C3=CC(=C(C=C3)F)Cl,0,1
1264139,318.4,C14H18N6OS,116,1.6,22,2,6,4,C1CN(CCN1C2=CC=CC=C2)C(=O)CSC3=NNC(=N3)N,0,1
1971353,373.9,C19H20ClN3OS,69,4.5,25,1,3,6,CC(C)OC1=C(C=C(C=C1)CC2=NNC(=S)N2CC3=CC=CC=C3)Cl,0,1
1994994,295.34,C17H17N3O2,63.1,2.6,22,2,2,2,CC1=CC(=CC=C1)N2C(=CC(=C2C)C=C3C(=O)NC(=O)N3)C,0,1
2036931,335.8,C14H11ClFN5S,88.4,3.1,22,2,4,3,C1CC1C2=CC(=NN2)C3=NNC(=S)N3C4=CC(=C(C=C4)F)Cl,0,1
2037556,319.74,C14H14ClN5O2,78.3,1.6,22,2,3,4,CC1=C(C(=O)N2C(=N1)N=C(N2)NCC3=CC=C(C=C3)OC)Cl,0,1
2162155,319.4,C15H17N3O3S,102,3.4,22,1,6,4,CC(C)(C)CC1=NN=C(S1)NC(=O)C2=CC3=C(C=C2)OCO3,0,1
2401418,323.37,C13H17N5O3S,140,1.3,22,3,7,7,COC1=C(C=C(C=C1)CNC(=O)CSC2=NNC(=N2)N)OC,0,1
2525116,361.5,C17H23N5O2S,120,2.8,25,2,6,6,COC1=CC=C(C=C1)C2=NN=C(N2N)SCC(=O)NC3CCCCC3,0,1
2927350,295.4,C15H21NO3S,94.6,4.2,20,2,4,4,CC(C)CC(=O)NC1=C(C2=C(S1)CCCCC2)C(=O)O,0,1
2952491,376.4,C23H18F2N2O,32.7,4.9,28,0,4,3,CC1=CC=C(C=C1)C2=NN(C(C2)C3=CC=CC=C3F)C(=O)C4=CC=CC=C4F,0,1
2963372,336.3,C19H16N2O4,68.2,2.8,25,0,5,4,COC1=CC=CC(=C1)C2=NN(C(C2)C3=CC=CO3)C(=O)C4=CC=CO4,0,1
2991601,361.4,C17H20FN5OS,81.4,1.9,25,0,7,5,CCN1C2=C(C=C(C=C2)F)C3=C1N=C(N=N3)SCCN4CCOCC4,0,1
3528048,316.4,C16H16N2O3S,95.7,3.2,22,2,5,3,CC1=C(SC2=C1C(=O)NC(N2)C3=CC=C(C=C3)C(=O)OC)C,0,1
3768777,352.4,C19H20N4O3,91.4,2.2,26,2,5,5,CC(C)C1=CC=C(C=C1)N2C(=O)CC(C2=O)NNC(=O)C3=CN=CC=C3,0,1
3921109,312.4,C18H20N2O3,68.3,3,23,1,4,6,CCCNC(=O)COC(=O)C1=C2CCCC2=NC3=CC=CC=C31,0,1
3995658,342.4,C17H22N6O2,104,4,25,1,7,3,CC1CCCN(C1)C2=NC(=NC(=C2[N+](=O)[O-])N)N(C)C3=CC=CC=C3,0,1
4202652,369.4,C19H19N3O5,97,3.4,27,0,6,4,CC(=O)N1C(OC(=N1)C2=CC=C(C=C2)[N+](=O)[O-])(C)CC3=CC=C(C=C3)OC,0,1
4574984,300.4,C16H20N4S,68.4,4.4,21,0,4,4,CCCC1=CC=C(C=C1)C2=NN3C(=NN=C3SC2)C(C)C,0,1
4880380,355.4,C20H25N3O3,70.7,2.4,26,2,4,8,CC(C1=CC=CC=C1)NC(=O)CN(C)CC(=O)NC2=CC(=CC=C2)OC,0,1
4882807,277.4,C11H11N5S2,123,2.6,18,1,6,3,CC1=CC=CC2=NC(=CN12)CSC3=NN=C(S3)N,0,1
4971891,401.4,C20H23N3O6,106,2.4,29,1,7,6,COC1=C(C=C2CN(CCC2=C1)CC(=O)NC3=C(C=C(C=C3)[N+](=O)[O-])OC)OC,0,1
5185807,293.4,C13H15N3OS2,122,3.4,19,1,6,4,CC1=CC(=C(C(=C1)C)C(=O)CSC2=NN=C(S2)N)C,0,1
5335657,288.3,C14H16N4O3,84.3,1.1,21,2,5,5,CC1=CN=C(NC1=O)NN=CC2=C(C(=CC=C2)OC)OC,0,1
5336159,338.4,C17H14N4O2S,109,3.2,24,2,5,4,CC1=CC=C(C=C1)C2=NNC(=S)N2N=CC3=CC=C(C=C3)C(=O)O,0,1
5351082,313.4,C15H15N5OS,86.2,2.3,22,1,4,4,CN1C=CC=C1C=NN2C(=NNC2=S)C3=CC=C(C=C3)OC,0,1
5414770,314.27,C16H11FN2O4,79.6,1.8,23,1,5,3,C1=CC(=CC=C1CN2C(=O)C(=CC3=COC=C3)C(=O)NC2=O)F,0,1
5852660,326.4,C17H14N2OS2,90.6,3.8,22,0,4,3,CC(C1=CC=CC=C1)N2C(=O)C(=CC3=CC=NC=C3)SC2=S,0,1
6244004,306.4,C16H22N2O2S,66.9,3.4,21,1,4,5,CC1=CC=C(C=C1)S(=O)(=O)NN=C2CCCC(C2)CC=C,0,1
6457568,341.5,C13H15N3O2S3,143,3.3,21,1,7,7,COC1=CC=C(C=C1)CNC(=O)CSC2=NC(=NS2)SC,0,1
6485810,287.27,C13H13N5O3,99.3,0.9,21,2,4,4,CCCC1=CC(=O)N2C(=N1)N=C(N2)NC(=O)C3=CC=CO3,0,1
6532884,327.3,C19H18FNO3,47.6,3.5,24,1,5,4,COC1=C(C=C2C(=C1)CCNC2=CC(=O)C3=CC=C(C=C3)F)OC,0,1
6546218,327.8,C17H14ClN3S,59.7,4,22,1,2,3,C1C(C1C2=NNC(=S)N2C3=CC=CC=C3Cl)C4=CC=CC=C4,0,1
6858317,285.33,C13H11N5OS,98.1,2,20,1,5,3,CC1=CC=C(O1)C=NN2C(=NNC2=S)C3=CN=CC=C3,0,1
6858327,304.4,C15H17FN4S,72.1,3.8,21,1,4,3,C1CCC(CC1)C2=NNC(=S)N2N=CC3=CC=C(C=C3)F,0,1
6859118,324.4,C17H16N4OS,81.3,3.7,23,1,4,5,CC1=CC=CC=C1C=NN2C(=NNC2=S)COC3=CC=CC=C3,0,1
6859166,330.4,C17H22N4OS,81.3,4,23,1,4,5,CCOC1=CC=CC=C1C=NN2C(=NNC2=S)C3CCCCC3,0,1
6859255,338.4,C18H18N4OS,81.3,4.1,24,1,4,6,CCC1=CC=C(C=C1)C=NN2C(=NNC2=S)COC3=CC=CC=C3,0,1
6859328,304.76,C13H9ClN4OS,85.2,3.3,20,1,4,3,C1=COC(=C1)C=NN2C(=NNC2=S)C3=CC=C(C=C3)Cl,0,1
6859377,330.4,C16H18N4O2S,109,3.2,23,2,5,4,C1CCC(CC1)C2=NNC(=S)N2N=CC3=CC=CC=C3C(=O)O,0,1
6859889,376.5,C18H24N4O3S,99.8,3.6,26,1,6,6,COC1=CC(=C(C(=C1)OC)C=NN2C(=NNC2=S)C3CCCCC3)OC,0,1
6859998,356.5,C17H16N4OS2,107,3.8,24,1,5,6,CSC1=CC=C(C=C1)C=NN2C(=NNC2=S)COC3=CC=CC=C3,0,1
6860013,324.4,C17H16N4OS,81.3,3.7,23,1,4,5,CC1=CC=C(C=C1)C=NN2C(=NNC2=S)COC3=CC=CC=C3,0,1
6860015,352.5,C19H20N4OS,81.3,4.4,25,1,4,6,CC(C)C1=CC=C(C=C1)C=NN2C(=NNC2=S)COC3=CC=CC=C3,0,1
6860238,315.8,C14H10ClN5S,85,2.8,21,1,4,3,C1=CC(=CC(=C1)Cl)C=NN2C(=NNC2=S)C3=CC=NC=C3,0,1
6860805,302.4,C15H18N4OS,92.3,3.3,21,2,4,3,C1CCC(CC1)C2=NNC(=S)N2N=CC3=CC(=CC=C3)O,0,1
6860825,370.4,C18H18N4O3S,99.8,3.2,26,1,6,7,COC1=C(C=C(C=C1)C=NN2C(=NNC2=S)COC3=CC=CC=C3)OC,0,1
6861246,304.76,C13H9ClN4OS,85.2,3.3,20,1,4,3,C1=CC(=CC(=C1)Cl)C=NN2C(=NNC2=S)C3=CC=CO3,0,1
6862911,314.4,C15H14N4S2,100,4,21,1,4,3,CC1=CC=C(C=C1)C2=NNC(=S)N2N=CC3=C(C=CS3)C,0,1
6866426,328.4,C16H13FN4OS,81.3,3.4,23,1,5,5,C1=CC=C(C=C1)OCC2=NNC(=S)N2N=CC3=CC=CC=C3F,0,1
6870063,344.8,C16H13ClN4OS,81.3,3.9,23,1,4,5,C1=CC=C(C=C1)OCC2=NNC(=S)N2N=CC3=CC=C(C=C3)Cl,0,1
6878238,353.4,C20H23N3O3,63.2,5,26,1,5,7,CCOC(=O)C(=NNC1=CC=C(C=C1)OC)N2CCCC3=CC=CC=C32,0,1
6878992,306.4,C18H18N4O,58.4,3.2,23,2,3,5,CN1C=CC=C1C=NNC(=O)CNC2=CC3=CC=CC=C3C=C2,0,1
6885653,328.4,C16H13FN4OS,81.3,3.4,23,1,5,5,C1=CC=C(C=C1)OCC2=NNC(=S)N2N=CC3=CC=C(C=C3)F,0,1
6889670,388.4,C22H17FN4O2,68.5,4,29,1,5,6,C1=CC2=C(C(=C1)OCC(=O)NN=CC3=CC=CN3C4=CC=C(C=C4)F)N=CC=C2,0,1
7472371,363.5,C18H25N3O3S,103,3.9,25,1,6,8,CC(C)SC1=NN=C(O1)C(CC2=CC=CC=C2)NC(=O)OC(C)(C)C,0,1
9631512,395.4,C19H17N5O5,135,3.3,29,2,8,7,COC1=C(C=C(C=C1)C=NNC2=CC=CC=C2C(=O)O)CN3C=C(C=N3)[N+](=O)[O-],0,1
135592665,353.29,C16H11N5O5,130,1.8,26,2,7,3,C1OC2=C(O1)C=C(C(=C2)C=NNC3=NC4=CC=CC=C4C(=O)N3)[N+](=O)[O-],0,1
618885,372.24,C14H14BrNO4S,89.9,4.3,21,1,5,3,C1CCC(CC1)NC(=O)OC2=C(C=C3C(=C2)OC(=O)S3)Br,0,1
684231,237.29,C13H19NO3,38.8,1.3,17,0,4,1,C1CCC2(CC1)C(=CC(=O)O2)N3CCOCC3,0,1
693639,281.35,C17H19N3O,53.1,4.2,21,0,4,2,CC1CCN(CC1)C2=C(N=C(O2)C3=CC=C(C=C3)C)C#N,0,1
695695,316.4,C17H20N2O2S,100,3.7,22,2,3,6,CCCC(=O)NC1=C(C(=C(S1)CC2=CC=CC=C2)C)C(=O)N,0,1
704272,333.4,C18H27N3O3,61.9,1.8,24,1,4,6,CCOC(=O)N1CCN(CC1)CCC(=O)NC2=C(C=CC(=C2)C)C,0,1
708056,321.4,C20H19NO3,51.5,3.7,24,1,3,6,COC1=CC=C(C=C1)N2C(=CC=C2C3=CC=CC=C3)CCC(=O)O,0,1
716917,337.4,C19H19N3OS,87.5,4.2,24,1,4,1,CC1=CC(=NC2=C1C(=C(S2)C(=O)N3CCC4=CC=CC=C4C3)N)C,0,1
717962,283.71,C12H14ClN3O3,69.4,1.8,19,0,4,1,CN1CCN(CC1)C(=O)C2=C(C=CC(=C2)[N+](=O)[O-])Cl,0,1
719203,322.23,C13H12BrN3S,69,3.1,18,2,2,2,CC1=C(C=CC(=C1)NC(=S)NC2=CN=CC=C2)Br,0,1
729609,340.4,C20H24N2O3,50.8,3.3,25,1,4,5,CC1=CC(=C(C=C1)C)OCC(=O)NC2=CC=C(C=C2)N3CCOCC3,0,1
741694,305.8,C16H16ClNOS,48.5,4.5,20,0,2,2,C1CCN(CC1)C(=S)C2=CC=C(O2)C3=CC(=CC=C3)Cl,0,1
742528,339.27,C16H23BrN2O,23.6,3,20,0,2,4,CC(C)CC(=O)N1CCN(CC1)CC2=CC=CC=C2Br,0,1
743083,336.8,C14H13ClN4O2S,88,2.4,22,1,3,2,CN1C2=C(NC1=S)N(C(=O)N(C2=O)CC3=CC=CC=C3Cl)C,0,1
751820,311.4,C17H17N3OS,75.3,4.5,22,1,5,4,CC1=NC(=CC=C1)NC2=NC(=CS2)C3=CC(=C(C=C3)OC)C,0,1
751859,299.3,C15H13N3O2S,107,3.4,21,3,6,3,CC1=NC(=CC=C1)NC2=NC(=CS2)C3=CC(=C(C=C3)O)O,0,1
751866,299.3,C15H13N3O2S,107,3.4,21,3,6,3,CC1=CC(=NC=C1)NC2=NC(=CS2)C3=CC(=C(C=C3)O)O,0,1
751911,299.3,C15H13N3O2S,107,3.4,21,3,6,3,CC1=NC(=CC=C1)NC2=NC(=CS2)C3=C(C=C(C=C3)O)O,0,1
754084,283.21,C13H19BrN2,6.5,2.6,16,0,2,2,CN1CCCN(CC1)CC2=CC=CC=C2Br,0,1
755396,338.5,C21H26N2S,38.6,5.2,24,0,2,3,CC(C)(C)C1=CC=C(C=C1)C(=S)N2CCN(CC2)C3=CC=CC=C3,0,1
757991,322.4,C20H22N2O2,37.5,3.4,24,1,3,4,COC1=CC(=CC(=C1)CN2CCC3=C(C2)NC4=CC=CC=C34)OC,0,1
763760,300.8,C18H21ClN2,6.5,4.3,21,0,2,3,CC1=CC(=CC=C1)CN2CCN(CC2)C3=CC=C(C=C3)Cl,0,1
764335,311.4,C17H17N3OS,69,4,22,1,3,4,CC1=CC=C(C=C1)N2C(=NNC2=S)COC3=CC=CC(=C3)C,0,1
764598,298.22,C14H20BrNO,12.5,3.6,17,0,2,3,COC1=C(C=C(C=C1)CN2CCCCCC2)Br,0,1
764610,241.33,C16H19NO,23.5,2.8,18,1,2,2,C1CN(CCC1O)CC2=CC3=CC=CC=C3C=C2,0,1
764789,332.2,C17H18BrNO,12.5,3.9,20,0,2,3,COC1=C(C=C(C=C1)CN2CCC3=CC=CC=C3C2)Br,0,1
765855,278.39,C16H26N2O2,24.9,1.9,20,0,4,5,CN1CCC(CC1)N(C)CC2=CC(=C(C=C2)OC)OC,0,1
774956,315.32,C16H17N3O4,91.3,3.3,23,1,5,3,C1CCN(CC1)C2=CC=C(C=C2)NC(=O)C3=CC=C(O3)[N+](=O)[O-],0,1
776880,287.34,C14H13N3O2S,95.3,2.4,20,2,4,3,COC1=CC=CC(=C1)NC(=S)NC(=O)C2=CN=CC=C2,0,1
777370,337.4,C20H19NO2S,55.4,3.5,24,0,3,5,C1CC2=CC=C(C3=CC=CC1=C23)CS(=O)(=O)CCC4=CC=NC=C4,0,1
779364,281.4,C16H15N3S,59.7,3.9,20,1,2,2,CC1=CC(=C(C=C1)N2C(=NNC2=S)C3=CC=CC=C3)C,0,1
784316,346.8,C16H11ClN2O3S,99.6,3.6,23,2,4,4,C1=COC(=C1)C(=O)NC2=CC(=C(C=C2)Cl)NC(=O)C3=CC=CS3,0,1
785711,301.34,C16H19N3O3,65.4,3,22,0,5,3,CC1=CC=CC=C1N2CCN(CC2)CC3=CC=C(O3)[N+](=O)[O-],0,1
791158,344.3,C19H22BrN,3.2,5.2,21,0,1,4,C1CN(CCC1CC2=CC=CC=C2)CC3=CC=CC=C3Br,0,1
791351,333.77,C15H16ClN5O2,78.1,2.4,23,0,6,3,C1CN(CCN1CC2=C(C=CC(=C2)[N+](=O)[O-])Cl)C3=NC=CC=N3,0,1
792536,283.4,C19H22FN,3.2,4.6,21,0,2,4,C1CN(CCC1CC2=CC=CC=C2)CC3=CC(=CC=C3)F,0,1
793820,307.3,C19H17NO3,63.2,2.9,23,1,3,4,CCCC(=O)NC1=CC=C(C=C1)C2C(=O)C3=CC=CC=C3C2=O,0,1
796792,304.3,C19H16N2O2,61.7,3.3,23,2,3,3,CC(=O)NC1=CC=C(C=C1)N=CC2=C(C=CC3=CC=CC=C32)O,0,1
805432,279.32,C12H13N3O3S,110,1.9,19,1,4,1,C1CCN(C1)C(=S)NC(=O)C2=CC(=CC=C2)[N+](=O)[O-],0,1
830472,309.4,C19H23N3O,39.1,3.4,23,1,4,4,CCN1CCN(CC1)C2=CC=C(C=C2)N=CC3=CC=CC=C3O,0,1
836132,265.73,C14H16ClNO2,29.5,3.5,18,0,3,3,CCN(CC)C1=CC2=C(C=C1)C(=C(C(=O)O2)Cl)C,0,1
846498,288.4,C15H16N2O2S,74.6,3.3,20,2,3,4,COC1=CC(=C(C=C1)NC(=S)NC2=CC=CC=C2)OC,0,1
847303,277.36,C15H23N3O2,44.8,0.8,20,1,4,5,CN1CCN(CC1)CCC(=O)NC2=CC=CC=C2OC,0,1
853539,267.4,C15H13N3S,73.4,2.4,19,2,2,2,C1=CC=C(C=C1)C2=CN(C(=S)N2)C3=CC=C(C=C3)N,0,1
854799,311.4,C17H17N3OS,69,3.5,22,1,3,5,CC1=CC(=CC=C1)OCC2=NNC(=S)N2CC3=CC=CC=C3,0,1
855255,306.39,C13H18N6OS,101,1.7,21,1,6,6,CCN1C(=NN=N1)SCC(=O)NC2=CC=C(C=C2)N(C)C,0,1
857392,296.39,C12H20N6OS,127,0.1,20,2,7,4,CCN1CCN(CC1)C(=O)CSC2=NC(=CC(=N2)N)N,0,1
864180,327.4,C17H17N3O2S,78.2,3.1,23,1,4,6,COC1=CC=CC=C1OCC2=NNC(=S)N2CC3=CC=CC=C3,0,1
864561,297.4,C16H15N3OS,69,3.1,21,1,3,4,COC1=CC=CC=C1C2=NNC(=S)N2CC3=CC=CC=C3,0,1
865402,292.36,C13H16N4O2S,119,1.8,20,2,6,6,CC1=CC(=C(C=C1)NCC2=NN=C(O2)SCC(=O)N)C,0,1
866327,282.4,C16H14N2OS,56.6,3.1,20,1,2,3,COC1=CC=CC=C1N2C=C(NC2=S)C3=CC=CC=C3,0,1
869541,233.35,C15H23NO,12.5,3.5,17,0,2,5,CC(C)C1=CC(=CC=C1)OCCN2CCCC2,0,1
871326,307.4,C20H21NO2,30.5,4,23,1,3,6,COC1=CC(=CC(=C1)CNCC2=CC=CC3=CC=CC=C32)OC,0,1
877511,311.4,C15H13N5OS,108,2.3,22,2,6,4,CC(=O)NC1=CC=CC(=C1)C2=CSC(=N2)NC3=NC=CC=N3,0,1
910973,284.27,C16H8N6,133,1.2,22,2,6,1,C1=CC=C(C=C1)C2=C(C(=C(C#N)C#N)NC(=C2C#N)N)C#N,0,1
913333,316.33,C14H25N2O4P,77.9,-0.4,21,1,4,4,C1CCC(=O)N(CC1)CP(=O)(CN2CCCCCC2=O)O,0,1
915653,295.25,C16H9NO5,100,2.3,22,1,5,1,C1=CC=C2C(=C1)C(=C(C(=O)C2=O)C3=CC(=CC=C3)[N+](=O)[O-])O,0,1
916087,306.4,C19H18N2O2,58.6,3.4,23,1,4,3,C1CCC2=C(C1)C3=C(O2)C=CC(=C3C=NCC4=CC=NC=C4)O,0,1
934271,332.19,C16H14BrNO2,29.5,3.7,20,0,2,3,C1CN(C2=CC=CC=C21)C(=O)COC3=CC=C(C=C3)Br,0,1
950772,331.4,C20H17N3O2,53,3.4,25,0,2,1,CC1=CC(=C(C=C1)C)N2C3=CC=CC=C3C=C4C2=NC(=O)N(C4=O)C,0,1
970861,290.34,C14H14N2O3S,87.8,1.8,20,2,4,3,C1COC2=C(O1)C=CC(=C2)NC(=S)NCC3=CC=CO3,0,1
971566,289.35,C14H15N3O2S,87.5,2,20,2,4,4,COC1=CC(=C(C=C1)NC(=S)NC2=CN=CC=C2)OC,0,1
1067862,359.4,C20H25NO5,60.4,2.8,26,1,6,6,COC1=CC(=CC(=C1O)OC)CN2CCC3=CC(=C(C=C3C2)OC)OC,0,1
1070617,293.27,C14H15NO6,82.1,0.5,21,0,6,4,COC1=CC(=CC(=C1OC)OC)C(=O)N2C(=O)CCC2=O,0,1
1102628,353.4,C20H19NO3S,90.6,4.3,25,2,5,5,CCOC1=CC=C(C=C1)CC2=C(NC3=C(C2=S)C=C(C=C3)C(=O)O)C,0,1
1115305,382.4,C19H18N4O5,116,1.7,28,1,6,5,CN(C)C1=CC=C(C=C1)NC(=O)CCN2C(=O)C3=C(C2=O)C(=CC=C3)[N+](=O)[O-],0,1
1127228,357.4,C19H19NO4S,80.1,3,25,0,5,5,COC1=C(C=C(C=C1)C(=S)N2CCOCC2)OC(=O)C3=CC=CC=C3,0,1
1131573,354.4,C16H22N2O5S,113,2.3,24,1,6,5,CC1=C(SC(=C1C(=O)OC)NC(=O)C(C)C)C(=O)N2CCOCC2,0,1
1168066,354.5,C14H18N4O3S2,111,0.7,23,0,7,4,CN1C(=NN=C1SC)C2=CC=C(C=C2)S(=O)(=O)N3CCOCC3,0,1
1225605,316.4,C21H20N2O,42,4.4,24,1,2,3,CC1=CC(=C(C=C1)C)C2=NC3=CC=CC=C3C(=C2)C(=O)NC4CC4,0,1
1247646,314.2,C12H12BrNO2S,70.5,3.3,17,1,3,4,CCC1=C(C=C(S1)C(=O)NCC2=CC=CO2)Br,0,1
1266385,261.35,C12H15N5S,89.9,0.9,18,3,6,0,CN1CCC2(CC1)C(=C(NC(=C2C#N)S)N)C#N,0,1
1375723,352.4,C20H20N2O4,78.5,4.5,26,1,5,5,CN(CC1=CC=CC2=CC=CC=C21)CC3=CC(=C(C(=C3)OC)O)[N+](=O)[O-],0,1
1377120,309.4,C21H27NO,12.5,4.8,23,0,2,6,CCOC1=CC=C(C=C1)CN2CCC(CC2)CC3=CC=CC=C3,0,1
1377232,301.4,C19H21F2N,3.2,4.7,22,0,3,4,C1CN(CCC1CC2=CC=CC=C2)CC3=CC(=C(C=C3)F)F,0,1
1378406,308.5,C21H28N2,6.5,4.2,23,0,2,6,CCN(CC1=CC=CC=C1)C2CCN(CC2)CC3=CC=CC=C3,0,1
1652712,327.4,C17H13NO4S,91.8,3.2,23,2,5,4,C1=CC=C2C(=C1)C=CC=C2NS(=O)(=O)C3=CC=CC(=C3)C(=O)O,0,1
1849949,327.5,C17H17N3S2,93.5,3.3,22,0,5,4,CN1CCC2=C(C1)C(=C(C(=N2)SCC=C)C#N)C3=CSC=C3,0,1
1947746,303.4,C17H21NO2S,75.5,4.5,21,1,4,7,CCCCC1=C(C2=CC=CC=C2N=C1C)SCCC(=O)O,0,1
1974066,334.4,C17H22N2O3S,91.7,2.4,23,2,4,7,CCOCC1=C(C(=O)NC(=S)N1)CC2=CC=C(C=C2)OC(C)C,0,1
2170787,294.4,C15H22N2O2S,74.6,3.3,20,2,3,4,COC1=CC(=C(C=C1)NC(=S)NC2CCCCC2)OC,0,1
2228786,350.5,C16H18N2O3S2,122,2.8,23,1,6,9,CCOC(=O)CC1=CSC(=N1)NC(=O)CCSC2=CC=CC=C2,0,1
2265088,332.29,C13H8N4O5S,153,1,23,1,7,3,C1=CC2=C(C=C1[N+](=O)[O-])C(=O)N(C2=O)CC(=O)NC3=NC=CS3,0,1
2274691,283.08,C10H7BrN2O3,66.5,1.3,16,1,3,1,C1C(=O)NC(=O)N(C1=O)C2=CC(=CC=C2)Br,0,1
2311860,261.36,C15H23N3O,28.1,2.1,19,0,3,5,CCN(CC)C1=CC=C(C=C1)N=CN2CCOCC2,0,1
2357468,313.31,C16H15N3O4,97.4,1.1,23,2,5,6,CC(=O)NC1=CC=C(C=C1)NC(=O)COC(=O)C2=CC=CC=N2,0,1
2372589,296.28,C16H12N2O4,95.4,1.7,22,1,5,5,C1=CC=C2C(=C1)C(=CC(=N2)C3=CC=CO3)C(=O)OCC(=O)N,0,1
2374353,273.4,C15H15NO2S,58.8,2.6,19,0,3,4,C1CN(C2=CC=CC=C21)C(=O)CSCC3=CC=CO3,0,1
2377842,263.4,C14H21N3S,59.4,2.9,18,2,2,3,CCNC(=S)NC1=CC=C(C=C1)N2CCCCC2,0,1
2381938,326.19,C14H16BrNO3,55.4,3,19,1,3,5,C1CCC(C1)NC(=O)COC(=O)C2=CC=CC=C2Br,0,1
2407309,258.269,C14H14N2O3,70.4,1.2,19,0,4,4,C1CCN(C1)C(=O)COC(=O)C2=CC=C(C=C2)C#N,0,1
2725833,269.32,C14H11N3OS,77.3,2.1,19,1,3,1,CC1=CC2=C(C=C1)NC(=S)N(C2=O)C3=CN=CC=C3,0,1
2732531,288.4,C15H16N2O2S,97.1,3.5,20,1,4,4,CC(C(C1=CC=CC=C1)SC2=CC=CC=C2N)[N+](=O)[O-],0,1
2732777,298.4,C14H22N2O3S,117,0.5,20,5,4,5,CC1=CC(=C(C(=C1)C)NC(=S)NC(CO)(CO)CO)C,0,1
2733053,303.4,C15H13NO2S2,90.9,3.4,20,0,4,3,CC1=CC=C(C=C1)N2C(=O)CC(C2=O)SC3=CC=CS3,0,1
2737842,294.4,C19H19FN2,15.6,4.5,22,0,3,1,CN1C(C2CCCC3=CC=CC=C3C2=N1)C4=CC=C(C=C4)F,0,1
2737866,319.4,C21H25N3,18.8,4.6,24,0,3,2,CN1C(C2CCCC3=CC=CC=C3C2=N1)C4=CC=C(C=C4)N(C)C,0,1
2742916,301.4,C17H23N3O2,57.4,2.5,22,2,3,5,COC1=CC2=C(C=C1)NC(=C2)C(=O)NCCN3CCCCC3,0,1
2788032,283.4,C18H21NO2,38.3,3.9,21,1,2,5,CC1=CC(=CC(=C1)OCC(=O)NC(C)C2=CC=CC=C2)C,0,1
2792755,300.27,C13H12N6O3,132,0.9,22,2,6,2,CC1=C(C(N2C(=NC=N2)N1)C3=CC=CC=C3[N+](=O)[O-])C(=O)N,0,1
2809890,394.4,C21H19FN4O3,74.3,3.3,29,0,5,3,C1CN(CCN1C2=C(C=C(C=C2)[N+](=O)[O-])N3C=CC=C3)C(=O)C4=CC=C(C=C4)F,0,1
2810151,334.8,C15H8ClFN2O2S,83.8,3.8,22,1,5,2,C1=CC=C2C(=C1)C(=O)SC(=N2)NC(=O)C3=C(C=C(C=C3)F)Cl,0,1
2811478,333.4,C21H23N3O,44.4,3.9,25,2,2,5,CCN(CC)C1=CC=C(C=C1)NC(=O)NC2=CC=CC3=CC=CC=C32,0,1
2811740,300.35,C17H20N2O3,54.7,2.4,22,1,4,3,CC1=CC(=C(O1)C)C(=O)NC2=CC=CC=C2N3CCOCC3,0,1
2812599,366.4,C21H23FN4O,44.4,3.4,27,1,5,5,COC1=CC=C(C=C1)C2=C(C=NN2)CN3CCN(CC3)C4=CC=C(C=C4)F,0,1
2812681,309.4,C17H19N5O,62.2,2.6,23,2,3,3,CN1C2=C(C(=CC=C2)N(C)C)C(=N1)NC(=O)NC3=CC=CC=C3,0,1
2813124,310.31,C16H14N4O3,107,0.6,23,1,6,6,C1=CC=C(C=C1)CN(CCC#N)C(=O)C2=NC=CN=C2C(=O)O,0,1
2813373,352.4,C17H18F2N2O2S,57.8,3.6,24,1,6,4,C1CCN(CC1)C2=CC=C(C=C2)NS(=O)(=O)C3=C(C=C(C=C3)F)F,0,1
2813498,311.4,C17H17N3OS,72.6,3.6,22,2,3,3,CN(C)C1=CC=C(C=C1)NC(=O)NC2=CSC3=CC=CC=C32,0,1
2813625,298.37,C14H14N6S,104,1.9,21,2,4,4,C=CCN1C(=NNC1=S)C2=C(N(N=C2)C3=CC=CC=C3)N,0,1
2813991,351.8,C14H14ClN5O2S,90.2,1.8,23,1,5,4,CN1C=C(N=C1)S(=O)(=O)NC2=CC(=NN2C)C3=CC=C(C=C3)Cl,0,1
2823642,296.3,C18H17FN2O,44.9,4.4,22,2,2,2,CC1=C(C=C(C=C1)NC(=O)C2=CC3=C(C=C(C=C3N2)C)C)F,0,1
2823648,361.2,C17H14BrFN2O,44.9,4.8,22,2,2,3,CCC1=CC2=C(C=C1)NC(=C2)C(=O)NC3=C(C=C(C=C3)F)Br,0,1
2823673,308.3,C18H16N2O3,63.4,3.8,23,2,3,2,CC1=CC(=C2C(=C1)C=C(N2)C(=O)NC3=CC4=C(C=C3)OCO4)C,0,1
2831285,265.22,C11H11N3O5,127,0.3,19,4,5,1,CC1=C(C(NC(=O)N1)C2=CC(=C(C=C2)O)O)[N+](=O)[O-],0,1
2838057,339.4,C21H25NO3,38.8,4,25,0,4,7,CCOC(=O)C1CCCN(C1)CC2=CC(=CC=C2)OC3=CC=CC=C3,0,1
2838498,342.35,C17H18N4O4,98.1,3,25,0,6,3,C1CN(CCN1CC2=CC=C(C=C2)[N+](=O)[O-])C3=CC=C(C=C3)[N+](=O)[O-],0,1
2838539,253.36,C13H19NO2S,47,2.1,17,0,4,4,COC1=CC(=C(C=C1)OC)CN2CCSCC2,0,1
2839125,297.27,C14H11N5O3,135,1.3,22,2,6,3,CC1=C(C(=O)NN1)C(C2=CC=CC=C2[N+](=O)[O-])C(C#N)C#N,0,1
2845686,262.39,C16H26N2O,26.7,2,19,1,3,6,CC(CCN1CCN(CC1)CCO)C2=CC=CC=C2,0,1
2845965,261.36,C16H23NO2,29.5,2.9,19,0,3,6,CCOC(=O)C1CCCN(C1)CCC2=CC=CC=C2,0,1
2847946,233.31,C14H19NO2,30.5,3.9,17,1,3,2,C1CCCC(CC1)NC2=CC3=C(C=C2)OCO3,0,1
2889869,352.5,C17H24N2O4S,75.3,1.4,24,0,5,3,CC1CCCCN1S(=O)(=O)C2=CC=C(C=C2)C(=O)N3CCOCC3,0,1
3127020,203.23,C5H9N5O2S,129,0.7,13,1,7,3,CN(CCC1=NN=C(S1)N)[N+](=O)[O-],0,1
3128113,247.33,C15H21NO2,50.1,3.4,18,0,3,3,CCOC(=O)C(=C1CC2CCC1(C2(C)C)C)C#N,0,1
3128206,286.24,C13H10N4O4,106,2.5,21,1,7,3,COC1=CC=CC(=C1)NC2=CC=C(C3=NON=C23)[N+](=O)[O-],0,1
3128213,300.23,C13H8N4O5,134,2.1,22,2,8,3,C1=CC(=CC(=C1)NC2=CC=C(C3=NON=C23)[N+](=O)[O-])C(=O)O,0,1
3147391,289.28,C15H15NO5,84.9,0.5,21,2,5,4,COC1=CC=C(C=C1)NC(=O)C2C3C=CC(C2C(=O)O)O3,0,1
3147393,287.31,C16H17NO4,75.6,1.3,21,2,4,3,CC1=CC(=C(C=C1)C)NC(=O)C2C3C=CC(C2C(=O)O)O3,0,1
3149917,307.3,C18H17N3O2,68.8,3,23,1,5,4,COC1=C(C=CC(=C1)C(C#N)N2CCC(=N2)C3=CC=CC=C3)O,0,1
3163459,353.5,C15H19N3O3S2,126,2.5,23,1,6,6,CC(C)(C)C1=NN=C(S1)NC(=O)CCS(=O)(=O)C2=CC=CC=C2,0,1
3296222,339.3,C18H17N3O4,104,3.7,25,2,5,4,CCC1=CC(=C(C=C1OC)O)C2=C(C=NN2)C3=CC=C(C=C3)[N+](=O)[O-],0,1
3419952,214.22,C11H10N4O,67.8,0.6,16,1,4,2,CC1=CN=C(C=C1)NC(=O)C2=NC=CN=C2,0,1
3515582,272.32,C14H12N2O2S,83.2,3.8,19,1,4,1,CC1(NC2=CC=CC=C2S1)C3=CC=C(C=C3)[N+](=O)[O-],0,1
3590761,329.35,C17H19N3O4,95.2,1.7,24,1,4,1,CC1(CC2=C(C(NC(=O)N2C)C3=CC=CC=C3[N+](=O)[O-])C(=O)C1)C,0,1
3649400,270.4,C15H14N2OS,66.4,3.6,19,2,3,2,CC1=CC=C(C=C1)NC2C(=O)NC3=CC=CC=C3S2,0,1
3746857,302.4,C17H22N2OS,85,3.5,21,1,3,0,CC1(CC2=C(C(=O)C1)C3(CCCCC3)C(C(=S)N2)C#N)C,0,1
3774250,319.4,C16H21N3O2S,121,1.8,22,2,5,4,CCC1C(=C(NC2=C1C(=O)CC(C2)(C)C)SCC(=O)N)C#N,0,1
4027872,315.3,C11H13N3O6S,150,0,21,3,6,2,C1CS(=O)(=O)CC1NC(=O)NC2=C(C=CC(=C2)[N+](=O)[O-])O,0,1
4064683,352.4,C19H17FN4S,65.2,2.4,25,1,3,2,C1CN(C(C2=CC=CN21)C3=CN=CC=C3)C(=S)NC4=CC(=CC=C4)F,0,1
4104337,292.36,C14H16N2O3S,87.4,1.3,20,1,4,4,CC(=O)N=C1N(C=CS1)CC(C2=CC=C(C=C2)OC)O,0,1
4237829,262.33,C13H14N2O2S,99.3,2.8,18,1,5,3,CC1=C2CCCCC2=C(C(=N1)SCC(=O)O)C#N,0,1
4283361,364.5,C20H20N4OS,74.4,2.3,26,1,3,3,COC1=CC=CC=C1NC(=S)N2CCN3C=CC=C3C2C4=CN=CC=C4,0,1
4365941,203.22,C6H9N3O3S,109,0.3,13,1,5,3,CN1C=NC(=C1SCCO)[N+](=O)[O-],0,1
4371773,290.4,C18H30N2O,26.7,3,21,1,3,8,CCCN(CCO)C1CCN(CC1)CCC2=CC=CC=C2,0,1
4401326,241.33,C16H19NO,32.299,3.5,18,2,2,4,CC1=CC(=C(C=C1)C)NCC(C2=CC=CC=C2)O,0,1
4662022,183.19,C5H5N5OS,112,1.3,12,1,6,1,CC1=C(SC(=N1)N)C(=O)N2N=N2,0,1
4984233,349.21,C13H9BrN4OS,96,2.6,20,1,5,2,CC1=C(C2=NSN=C2C=C1)NC(=O)C3=CC(=CN=C3)Br,0,1
5044301,295.4,C12H13N3O2S2,135,1.6,19,2,5,5,C1CSC(=N1)SCC(=O)NC2=CC=CC=C2C(=O)N,0,1
5111058,340.5,C19H24N4S,65.2,2.6,24,1,2,2,C1CCC(CC1)NC(=S)N2CCN3C=CC=C3C2C4=CN=CC=C4,0,1
5336824,352.3,C19H16N2O5,103,3.1,26,1,5,2,CC1=CC=C(C=C1)C(=C2C(N(C(=O)C2=O)C)C3=CC(=CC=C3)[N+](=O)[O-])O,0,1
6408839,322.4,C19H19FN4,32.299,3.1,24,0,5,2,CN1CCN(CC1)C2=NN=C(C3=CC=CC=C32)C4=CC=C(C=C4)F,0,1
6486916,332.4,C17H20N2O3S,85.8,2.9,23,1,5,8,COC1=C(C=C(C=C1)CCNC(=O)CSC2=CC=CC=N2)OC,0,1
6488188,271.7,C14H10ClN3O,58.7,2.4,19,1,3,1,C1=CC=C(C=C1)C2=NC3=C(C=CC(=C3)Cl)C(=O)N2N,0,1
7095488,269.3,C10H11N3O2S2,122,2.6,17,1,6,4,CC(C)SC1=NN=C(S1)NC(=O)C2=CC=CO2,0,1
7095929,358.4,C18H18N2O4S,119,3.1,25,2,5,5,CC1=C(SC(=C1C(=O)N)NC(=O)C2CC2)CC3=CC4=C(C=C3)OCO4,0,1
16003600,320.73,C15H13ClN2O4,95.2,4.4,22,2,5,5,C1=CC(=CC=C1CCNC2=C(C=C(C=C2)C(=O)O)[N+](=O)[O-])Cl,0,1
16303108,324.4,C12H12N4O3S2,153,2,21,2,8,4,CC(C(=O)NC1=CC2=C(C=C1)OCO2)SC3=NN=C(S3)N,0,1
16525183,307.34,C16H21NO5,73.9,1.8,22,1,5,8,CC1CC1C(=O)OCC(=O)NCC2=CC(=C(C=C2)OC)OC,0,1
17283667,320.8,C15H13ClN2O2S,74.6,3.4,21,2,3,2,C1COC2=C(O1)C=CC(=C2)NC(=S)NC3=CC=CC=C3Cl,0,1
19687026,263.32,C11H13N5OS,96.1,1.4,18,2,4,4,CCOC1=CC=CC=C1NC(=S)NN2C=NN=C2,0,1
54694101,246.22,C12H10N2O4,86.4,1.9,18,1,4,0,C1CC2=C3C(=CC=C2)C(=C(C(=O)N3C1)[N+](=O)[O-])O,0,1
135403971,341.3,C15H11N5O3S,165,1.5,24,4,7,2,COC1=C(C=CC(=C1)C2=C(C(=NC3=C2C(=O)NC(=S)N3)N)C#N)O,0,1
135433308,339.14,C12H11BrN4O3,104,3,20,2,4,2,CC1=C(C(=CC=C1)NC(=O)C2=NNC(=C2Br)[N+](=O)[O-])C,0,1
135460593,332.4,C14H12N4O2S2,137,2.3,22,2,6,4,CC1=CC(=O)NC(=N1)SCC(=O)NC2=NC3=CC=CC=C3S2,0,1
786178,325.32,C17H15N3O4,81.5,3.9,24,1,7,5,COC1=CC=C(C=C1)C2=C(C(=O)ON2)N=NC3=CC=C(C=C3)OC,0,1
1503698,281.31,C15H15N5O,76.7,2.1,21,1,5,3,CC1=CC(=CC(=C1O)C)CN2C(=NN=N2)C3=CC=NC=C3,0,1
2827513,242.27,C14H14N2O2,41.9,3.4,18,0,4,4,COC1=CC=C(C=C1)N(CC2=CC=CC=C2)N=O,0,1
555075,308.33,C17H16N4O2,66.3,3.8,23,1,5,4,CC1=C(C(=O)N(N1)C2=CC=CC=C2)N=NC3=CC(=CC=C3)OC,0,1
615977,232.24,C11H12N4O2,75.1,2.1,17,2,5,3,CC1=C(C(=O)NN1)N=NC2=CC=CC=C2OC,0,1
628838,315.28,C15H13N3O5,117,3,23,1,7,5,CCOC1=CC(=CC(=C1O)N=NC2=CC(=CC=C2)[N+](=O)[O-])C=O,0,1
677491,298.32,C14H10N4O2S,106,3,21,1,4,2,C1=CC=C(C=C1)N2C(=NNC2=S)C3=CC(=CC=C3)[N+](=O)[O-],0,1
684335,280.4,C11H12N4OS2,113,1.8,18,2,4,2,CN(C)C(=S)NC1=CC=CC(=C1)C2=NNC(=S)O2,0,1
684956,341.4,C19H23N3O3,79.5,3.6,25,3,3,5,CC1=C(C=C(C=C1)C(C)C)OCC(=O)NNC(=O)NC2=CC=CC=C2,0,1
687156,310.26,C16H10N2O5,105,3.4,23,1,6,2,C1=CC=C(C(=C1)C=C2C(=NOC2=O)C3=CC=C(C=C3)[N+](=O)[O-])O,0,1
690884,275.4,C12H9N3OS2,139,2.7,18,2,5,2,C1=CSC(=C1)C2=NC3=C(C=C2)C(=C(S3)C(=O)N)N,0,1
695112,309.3,C18H15NO4,68.1,3.9,23,1,5,4,CCOC1=C(C=CC(=C1)C=C2C(=NOC2=O)C3=CC=CC=C3)O,0,1
698101,287.27,C15H13NO5,85.6,1.8,21,1,5,4,CC(=O)N1C=C(C2=CC=CC=C21)C=C(C(=O)O)OC(=O)C,0,1
699493,337.33,C17H15N5O3,102,2.7,25,2,7,3,C1COC2=C(O1)C=CC(=C2)N=NC3=C(NN(C3=O)C4=CC=CC=C4)N,0,1
702158,247.25,C13H13NO4,68.1,2.2,18,1,5,3,CCOC1=C(C=CC(=C1)C=C2C(=NOC2=O)C)O,0,1
703798,296.3,C16H13FN4O,57.1,3.9,22,1,5,3,CC1=C(C(=O)N(N1)C2=CC=CC=C2)N=NC3=CC=C(C=C3)F,0,1
707601,291.26,C13H13N3O5,110,2.5,21,1,6,3,CC1=C(N(C(=N1)C2=CC(=C(C=C2)OC)[N+](=O)[O-])O)C(=O)C,0,1
711768,297.3,C17H15NO4,75.6,2.3,22,2,4,6,C1=CC=C(C=C1)COC2=CC=C(C=C2)NC(=O)C=CC(=O)O,0,1
712467,272.3,C14H9FN2OS,70.2,3.3,19,1,4,2,C1=CC=C(C(=C1)NC(=O)C2=CC3=C(C=C2)N=CS3)F,0,1
719034,319.4,C15H21N5OS,97.5,2.9,22,1,5,4,CC1=CC(=NC2=NC(=NN12)SCC(=O)NC3CCCCC3)C,0,1
734035,336.77,C16H17ClN2O4,59.1,2.2,23,0,5,4,CCOC1=CC=C(C=C1)N2C(=O)C(=C(C2=O)Cl)N3CCOCC3,0,1
738047,265.35,C17H19N3,29.8,3.7,20,1,2,3,CC1=CC=C(C=C1)CNC2=CC3=C(C=C2)N(C(=N3)C)C,0,1
743909,300.4,C15H12N2OS2,110,4,20,1,5,4,C1=CC=C(C=C1)C(=O)CSC2=NC3=C(S2)C=C(C=C3)N,0,1
745324,342.4,C16H14N4OS2,122,3.6,23,3,4,3,CC1=CC=C(C=C1)NC(=S)NC2=CC=CC(=C2)C3=NNC(=S)O3,0,1
746617,332.22,C14H10BrN3S,66,4.1,19,1,4,3,C1=CC(=CN=C1)C2=CSC(=N2)NC3=CC=C(C=C3)Br,0,1
748665,336.3,C18H16N4O3,83.4,3.7,25,1,6,5,CC1=C(C(=O)N(N1)C2=CC=CC=C2)N=NC3=CC=C(C=C3)C(=O)OC,0,1
761589,307.7,C18H10ClNO2,47,4,22,0,3,1,CC(=O)C1=C2C3=CC=CC=C3C(=O)C4=C2C(=CC=C4)N=C1Cl,0,1
769155,325.5,C14H19N3O2S2,109,3.2,21,1,6,5,CC1=CC=C(C=C1)S(=O)(=O)NC2=NN=C(S2)CC(C)(C)C,0,1
776928,302.4,C15H14N2O3S,95.6,3,21,2,4,4,COC1=CC=CC(=C1)NC(=S)NC(=O)C=CC2=CC=CO2,0,1
783192,311.4,C20H25NO2,21.7,3.9,23,0,3,8,CN(CCC1=CC(=C(C=C1)OC)OC)CC=CC2=CC=CC=C2,0,1
786238,302.8,C15H11ClN2OS,85,2.3,20,1,3,2,CC1=C(C(=C(C(=S)N1)C#N)C2=CC=C(C=C2)Cl)C(=O)C,0,1
791302,258.18,C13H17Cl2N,3.2,4.2,16,0,1,2,C1CCCN(CC1)CC2=CC(=C(C=C2)Cl)Cl,0,1
792368,333.4,C20H22F3N,3.2,5.3,24,0,4,4,C1CN(CCC1CC2=CC=CC=C2)CC3=CC=CC=C3C(F)(F)F,0,1
792495,261.31,C12H14F3NS,28.5,3.1,17,0,5,2,C1CSCCN1CC2=CC(=CC=C2)C(F)(F)F,0,1
797118,313.4,C19H23NO3,47.6,3.7,23,1,3,7,CC1=CC(=C(C=C1)OC)NC(=O)CCCC2=CC=C(C=C2)OC,0,1
806288,294.76,C13H11ClN2O2S,86.4,3.2,19,2,3,3,C1=CC(=CC(=C1)Cl)C(=O)NC(=S)NCC2=CC=CO2,0,1
832057,277.75,C14H16ClN3O,46.9,2.8,19,1,2,3,CCN1C(=C(C(=N1)C)NC(=O)C2=CC=C(C=C2)Cl)C,0,1
832423,333.22,C16H17BrN2O,41.1,4.2,20,2,2,4,CC1=C(C=C(C=C1)NCC(=O)NC2=CC=C(C=C2)Br)C,0,1
838905,306.34,C14H14N2O4S,120,1.1,21,3,5,4,CC(=O)C1=CC(=C(C=C1)OC)CC2=C(NC(=S)NC2=O)O,0,1
844711,282.32,C12H14N2O4S,138,1.5,19,3,5,5,CCC1=C(SC(=C1C(=O)N)NC(=O)C=CC(=O)O)C,0,1
845476,301.32,C14H11N3O3S,123,2.2,21,3,5,3,C1=CC(=CN=C1)C(=O)NC(=S)NC2=CC=C(C=C2)C(=O)O,0,1
852962,319.4,C18H13N3OS,82.6,3.3,23,1,4,2,CC1=C(C2=C(S1)N=C(NC2=O)C3=CN=CC=C3)C4=CC=CC=C4,0,1
855977,322.32,C16H14N6O2,102,2.4,24,2,5,4,C1=CC=C(C=C1)C2=NN(N=N2)CC(=O)NNC(=O)C3=CC=CC=C3,0,1
863792,346.4,C17H22N4O2S,85.9,2.5,24,1,6,5,CC1=CSC(=N1)NC(=O)CN2CCN(CC2)C3=CC=C(C=C3)OC,0,1
864839,328.3,C15H12N4O3S,115,3.1,23,1,5,4,C1=CC=C(C=C1)N2C(=NNC2=S)COC3=CC=C(C=C3)[N+](=O)[O-],0,1
865878,319.4,C15H17N3O3S,105,2.3,22,1,6,4,C1CCN(CC1)C(=O)CSC2=NN=C(O2)C3=CC=CC=C3O,0,1
866271,285.77,C16H16ClN3,29.8,3.8,20,1,2,4,CCN1C=NC2=C1C=CC(=C2)NCC3=CC=C(C=C3)Cl,0,1
867238,216.28,C13H16N2O,27,2.7,16,0,2,5,CCC1=CC=C(C=C1)OCCN2C=CN=C2,0,1
868460,216.28,C13H16N2O,27,2.3,16,0,2,4,CC1=CC(=C(C=C1)OCCN2C=CN=C2)C,0,1
870118,329.4,C16H15N3O3S,103,4.1,23,2,5,3,CC1=CC(=C(C=C1)C)S(=O)(=O)N=NC2=C(NC3=CC=CC=C32)O,0,1
874587,255.31,C16H17NO2,42.2,3.1,19,1,2,5,CC1=CC=C(O1)C=CC(=O)NCCC2=CC=CC=C2,0,1
879823,260.24,C13H12N2O4,77,2.3,19,0,4,4,COC(=O)CN1C=C(C2=CC=CC=C21)C=C[N+](=O)[O-],0,1
879917,301.3,C19H15N3O,45.2,4.2,23,1,3,2,CC1=CC(=C2C(=N1)NN(C2=O)C3=CC=CC=C3)C4=CC=CC=C4,0,1
891629,294.33,C13H14N2O4S,96.8,0.8,20,2,5,6,C1=CC=C(C=C1)S(=O)(=O)NCC(=O)NCC2=CC=CO2,0,1
894360,348.4,C20H16N2O4,88.4,2.7,26,2,4,5,CC(=O)C1=CC(=CC=C1)NC(=O)C2=CC(=CC=C2)NC(=O)C3=CC=CO3,0,1
912209,252.3,C9H8N4OS2,136,1.2,16,3,4,2,C1=CC(=CC(=C1)NC(=S)N)C2=NNC(=S)O2,0,1
919521,253.28,C10H11N3O3S,116,1.7,17,2,5,3,C1CN=C(N1)SCC2=CC(=C(C=C2)O)[N+](=O)[O-],0,1
921948,189.22,C9H11N5,56.6,2.5,14,1,4,2,CN(C)N=NC1=CC2=C(C=C1)N=CN2,0,1
929434,337.4,C19H19N3OS,70.9,4.2,24,0,4,2,CC1=CC=CC=C1N2C(=O)C3=C(N=C4CCCCC4=C3)N=C2SC,0,1
934550,282.4,C15H14N4S,84.8,3.4,20,3,2,2,CC1=CC(=NN1)NC(=S)NC2=CC=CC3=CC=CC=C32,0,1
935692,296.78,C12H13ClN4OS,94.1,2.7,19,3,3,3,CC1=CC(=NN1)NC(=S)NC2=CC(=C(C=C2)OC)Cl,0,1
936761,312.78,C12H13ClN4O2S,119,1.5,20,2,6,6,C1=CC(=CC(=C1)Cl)NC(=O)CSC2=NN=C(O2)CCN,0,1
937085,311.4,C19H25N3O,39.3,2.7,23,1,2,2,CC1=CC2=C(C=C1)NC3=C2CN(CC3)C(=O)CN4CCCCC4,0,1
937377,324.4,C20H24N2O2,32.8,3.2,24,0,3,5,COC1=CC=C(C=C1)N2CCN(CC2)C(=O)CCC3=CC=CC=C3,0,1
940400,339.28,C16H10FN5O3,105,0.6,25,1,8,3,C1=CC(=CC(=C1)F)N2C(=O)C3C(C2=O)NN=C3C(=O)C4=NC=CN=C4,0,1
943470,320.4,C20H20N2O2,49.4,2.5,24,1,2,3,CC1=CC(=C(C=C1)N(CC2=CC(=O)NC3=CC=CC=C32)C(=O)C)C,0,1
947014,328.32,C17H16N2O5,76.8,1.3,24,0,5,4,COC1=C(C=C(C=C1)C2=[N+](C3=CC=CC=C3N(C2=O)OC)[O-])OC,0,1
948415,264.37,C13H24N6,78.8,4.2,19,2,5,2,C1CCCCCC(=NNC2=NNN=N2)CCCCC1,0,1
948526,286.3,C15H11FN2OS,85,1.8,20,1,4,2,CC1=C(C(=C(C(=S)N1)C#N)C2=CC=C(C=C2)F)C(=O)C,0,1
950433,295.31,C17H14FN3O,44.7,3.5,22,1,4,3,CC1=C(C(=O)N(N1)C2=CC=CC=C2)C=NC3=CC(=CC=C3)F,0,1
950568,345.73,C13H7ClF3N3OS,72.9,4.1,22,1,6,2,C1=COC(=C1)C2=NNC(=S)N2C3=C(C=CC(=C3)C(F)(F)F)Cl,0,1
951453,350.4,C19H14N2O3S,111,4.3,25,3,4,3,C1=CC=C2C=C(C=CC2=C1)C(=O)NC(=S)NC3=CC=CC=C3C(=O)O,0,1
951884,247.36,C13H17N3S,59.7,2.8,17,1,2,5,CCCN1C(=NNC1=S)CCC2=CC=CC=C2,0,1
951945,349.5,C21H23N3S,43.5,3.5,25,0,2,3,CN1CCN(CC1)C(=S)C2=CN(C3=CC=CC=C32)CC4=CC=CC=C4,0,1
952243,326.2,C15H13Cl2NO3,42.7,3.3,21,0,3,2,C1COCCN1C(=O)C2=CC=C(O2)C3=C(C(=CC=C3)Cl)Cl,0,1
959599,277.25,C13H12FN3O3,84.1,1.9,20,2,5,5,CCOC(=O)C1=C(N=CN1)C(=O)NC2=CC=C(C=C2)F,0,1
961861,271.4,C16H17NOS,54.4,4,19,1,2,3,CC1=C(C(=CC=C1)C)NC(=O)C2=CC=CC=C2SC,0,1
961962,303.4,C16H17NO3S,72.9,3.2,21,1,4,5,COC1=CC(=C(C=C1)NC(=O)C2=CC=CC=C2SC)OC,0,1
963393,320.4,C16H20N2O3S,88.7,3.6,22,1,6,7,CC1=C(SC(=N1)NCCC2=CC(=C(C=C2)OC)OC)C(=O)C,0,1
963834,312.4,C18H20N2O3,45.9,2.5,23,0,4,4,COC1=CC=C(C=C1)N2CCN(CC2)C(=O)C=CC3=CC=CO3,0,1
970217,345.4,C17H19N3O3S,98.8,1.2,24,2,4,4,C1COCCN1C(=O)C2=CC=C(C=C2)NC(=S)NCC3=CC=CO3,0,1
970323,295.4,C12H13N3O2S2,127,1.4,19,3,4,4,C1=COC(=C1)CNC(=S)NNC(=O)CC2=CC=CS2,0,1
970893,267.74,C11H10ClN3OS,82.2,2,17,2,3,3,C1=COC(=C1)CNC(=S)NC2=NC=C(C=C2)Cl,0,1
971253,298.77,C13H19ClN4O2,56.8,1.6,20,2,4,3,CN1CCN(CC1)NC(=O)NC2=C(C=CC(=C2)Cl)OC,0,1
971328,275.33,C13H13N3O2S,112,1,19,3,3,4,C1=COC(=C1)CNC(=S)NC2=CC=C(C=C2)C(=O)N,0,1
971388,321.32,C12H14F3N3O2S,106,1.9,21,4,6,2,CC(C)(C(=O)NNC(=S)NC1=CC=CC(=C1)C(F)(F)F)O,0,1
971419,311.4,C19H21NOS,55.6,4.3,22,1,2,3,C1CN(CCC1CC2=CC=CC=C2)C(=S)C3=CC(=CC=C3)O,0,1
971432,330.4,C16H14N2O4S,93.1,2.6,23,2,5,2,C1COC2=C(O1)C=CC(=C2)NC(=S)NC3=CC4=C(C=C3)OCO4,0,1
971504,332.75,C13H11ClF2N2O2S,78.5,3.7,21,2,5,5,C1=COC(=C1)CNC(=S)NC2=CC(=C(C=C2)OC(F)F)Cl,0,1
971659,337.5,C17H27N3O2S,77.8,3,23,2,4,6,CCCN1CCC(CC1)NC(=S)NC2=CC(=C(C=C2)OC)OC,0,1
971757,294.38,C13H18N4O2S,105,1.9,20,2,4,2,CN1CCC(CC1)NC(=S)NC2=CC(=CC=C2)[N+](=O)[O-],0,1
971874,304.17,C9H10BrN3O2S,94.5,2.1,16,3,3,2,COC(=O)NNC(=S)NC1=CC=C(C=C1)Br,0,1
972287,341.8,C13H12ClN3O2S2,123,3.3,21,3,4,3,COC1=C(C=C(C=C1)Cl)NC(=S)NNC(=O)C2=CC=CS2,0,1
972296,295.36,C13H17N3O3S,104,1.6,20,3,4,4,COC1=CC(=CC(=C1)C(=O)NNC(=S)NC2CC2)OC,0,1
972339,311.9,C15H22ClN3S,59.4,3.5,20,2,2,4,CC1CCN(CC1)CCNC(=S)NC2=CC=C(C=C2)Cl,0,1
972486,347.4,C20H17N3O3,80.3,2.5,26,2,4,5,COC1=CC=C(C=C1)C(=O)NC2=CC=C(C=C2)C(=O)NC3=CN=CC=C3,0,1
974724,345.8,C17H16ClN3OS,69,3.7,23,1,3,5,COC1=C(C=C(C=C1)CC2=NNC(=S)N2CC3=CC=CC=C3)Cl,0,1
975200,341.5,C14H19N3O3S2,113,1.5,22,1,6,6,CCN(CC)S(=O)(=O)C1=CC=CC(=C1)C(=O)NC2=NCCS2,0,1
975535,295.4,C13H10FNO2S2,86.6,3,19,1,4,3,C1=CC=C(C=C1)C(=S)NS(=O)(=O)C2=CC=C(C=C2)F,0,1
975545,344.8,C19H21ClN2O2,32.8,3.5,24,0,3,4,COC1=CC=C(C=C1)N2CCN(CC2)C(=O)CC3=CC=C(C=C3)Cl,0,1
975714,241.33,C15H19N3,28.2,3.2,18,1,3,4,CC1=NC(=CC=C1)NCC2=CC=C(C=C2)N(C)C,0,1
976107,245.32,C14H19N3O,39.9,3.1,18,0,3,5,CC1=C(C=C(C=C1)C(C)C)OCCN2C=NC=N2,0,1
976994,322.4,C17H18N6O,67.2,1.4,24,0,5,2,CN1C2=C(C=C(C=C2)C(=O)N3CCN(CC3)C4=CC=CC=N4)N=N1,0,1
1009770,387.4,C17H13N3O6S,150,3.3,27,3,7,4,C1=CC=C2C(=C1)C=CC(=C2O)C(=O)NNS(=O)(=O)C3=CC=C(C=C3)[N+](=O)[O-],0,1
1019255,373.4,C23H23N3O2,71.1,4.6,28,2,3,4,CC1=C(C(=CC=C1)NC(=O)C2=NC(=CC=C2)C(=O)NC3=CC=CC(=C3C)C)C,0,1
1079281,369.28,C17H11N3O7,150,1.1,27,2,7,3,CN1C(=O)C2=C(C1=O)C=C(C=C2)NC(=O)C3=C(C=CC=C3[N+](=O)[O-])C(=O)O,0,1
1084779,328.5,C13H20N4O2S2,129,1.9,21,1,6,6,CCCC(=O)NC1=NN=C(S1)SCC(=O)N2CCCCC2,0,1
1084824,274.4,C15H18N2OS,65.4,2.8,19,2,2,3,CC1(C=C(NC(=S)N1)C=CC2=CC=C(C=C2)OC)C,0,1
1088126,294.14,C12H9Cl2N5,55.1,3.6,19,1,4,2,CC1=NC2=NC=NN2C(=C1)NC3=C(C=C(C=C3)Cl)Cl,0,1
1092442,327.4,C17H17N3O2S,84.5,4.1,23,1,6,5,CC1=CN=C(C=C1)NC2=NC(=CS2)C3=CC(=C(C=C3)OC)OC,0,1
1096450,307.4,C19H21N3O,39.1,3.8,23,1,3,6,CCOC1=CC=C(C=C1)CNC2=NC=C(N2C)C3=CC=CC=C3,0,1
1142407,353.4,C20H19NO3S,70.9,3.4,25,0,4,5,C1COCCN1C(=S)C2=CC=CC=C2OC(=O)C=CC3=CC=CC=C3,0,1
1163059,366.3,C19H14N2O6,122,2.3,27,3,6,6,C1=COC(=C1)C=C(C(=O)NC2=CC=C(C=C2)C(=O)O)NC(=O)C3=CC=CO3,0,1
1214172,357.5,C18H15NO3S2,107,4.1,24,1,5,4,COC1=CC(=C(C=C1)O)C=C2C(=O)N(C(=S)S2)CC3=CC=CC=C3,0,1
1224504,351.4,C18H17N5O3,105,3.2,26,2,5,4,CC1=NN(C(=C1[N+](=O)[O-])C(=O)NC2=CC=CC(=C2)NC3=CC=CC=C3)C,0,1
1224578,285.33,C14H21F2N3O,46.9,3.1,20,1,4,4,CC1=CC(=NN1CC(=O)NC2CCCCCC2)C(F)F,0,1
1245763,285.21,C13H7N3O5,107,1.8,21,0,6,1,C1=CN(N=C1)C(=O)C2=CC3=C(C=CC(=C3)[N+](=O)[O-])OC2=O,0,1
1245805,219.27,C10H9N3OS,83.1,1.5,15,1,4,2,CC1=CN=C(S1)NC(=O)C2=CC=NC=C2,0,1
1247685,314.4,C16H14N2O3S,92.6,3.2,22,1,5,4,CC1=C(C=CO1)C(=O)NC2=NC(=CS2)C3=CC=C(C=C3)OC,0,1
1252181,229.73,C9H12ClN3S,73.4,2.3,14,2,2,1,CC1=C(C=C(C=C1)NC(=S)N(C)N)Cl,0,1
1258496,322.4,C13H14N4O2S2,138,2.4,21,2,6,4,CC1=CC(=NC(=N1)SCC(=O)NNC(=O)C2=CC=CS2)C,0,1
1265701,279.4,C15H21NO2S,53.8,3.4,19,0,3,5,CCOC1=C(C=C(C=C1)C(=S)N2CCCC2)OCC,0,1
1269420,264.3,C12H12N2O3S,110,1.9,18,2,4,3,CCOC1=C(C=CC(=C1)C=C2C(=O)N=C(S2)N)O,0,1
1294515,371.5,C24H25N3O,29.8,5.4,28,0,3,4,COC1=CC=C(C=C1)C2=C(N3C=CC4=CC=CC=C4C3=N2)CN5CCCCC5,0,1
1296008,355.5,C16H25N3O2S2,105,3.7,23,1,5,6,CCCN1CCN(CC1)C(=S)NC2=C(C=C(S2)CC)C(=O)OC,0,1
1298255,300.3,C12H8N6O2S,139,2.1,21,1,7,3,C1=CC(=NC=C1[N+](=O)[O-])SC2=NNC(=N2)C3=CC=NC=C3,0,1
1300897,378.8,C17H15ClN2O4S,120,4,25,3,5,5,CCOC1=CC=CC(=C1)C(=O)NC(=S)NC2=C(C=C(C=C2)Cl)C(=O)O,0,1
1302924,355.5,C19H21N3O2S,80.8,2.9,25,1,4,4,C1CN(CCN1CC=CC2=CC=CC=C2)C(=S)NC(=O)C3=CC=CO3,0,1
1325392,381.4,C21H20FN3O3,69.7,3.3,28,1,5,5,CN(C)C1=CC=C(C=C1)C=C2C(=O)NC(=O)N(C2=O)CCC3=CC=C(C=C3)F,0,1
1329648,372.4,C18H16N2O5S,117,2.8,26,0,6,4,C1COCCN1C(=S)C2=CC=C(C=C2)OC(=O)C3=CC(=CC=C3)[N+](=O)[O-],0,1
1329828,380.22,C14H10BrN3O3S,123,2.7,22,3,5,3,C1=CC=C(C(=C1)C(=O)O)NC(=S)NC(=O)C2=CC(=CN=C2)Br,0,1
1339855,361.4,C22H23N3O2,52.3,4.1,27,0,4,4,C1CN(CCN1CC2=CC3=CC=CC=C3C=C2)CC4=CC=CC=C4[N+](=O)[O-],0,1
1348641,328.4,C17H16N2O3S,85.6,3.4,23,1,4,3,CC1=CC(=C(N1C2=CC=C(C=C2)OC)C)C=C3C(=O)NC(=O)S3,0,1
1348878,328.4,C17H16N2O3S,87.8,3.2,23,1,4,2,CC1=CC(=C(N1C2=CC=C(C=C2)O)C)C=C3C(=O)N(C(=O)S3)C,0,1
1376447,310.5,C21H30N2,6.5,4.1,23,0,2,5,CC(=C)C1CCC(=CC1)CN2CCN(CC2)CC3=CC=CC=C3,0,1
1377164,258.18,C13H17Cl2N,3.2,4.2,16,0,1,2,C1CCCN(CC1)CC2=C(C(=CC=C2)Cl)Cl,0,1
1395238,304.37,C13H16N6OS,117,2.8,21,2,5,5,CCCN1N=C(N=N1)NC(=S)NC(=O)CC2=CC=CC=C2,0,1
1397666,329.31,C16H15N3O5,119,1,24,3,6,5,CC(=NC1=CC=CC(=C1)C(=O)O)C2=C(N(C(=O)NC2=O)CC=C)O,0,1
1432270,340.4,C18H20N4OS,87.2,3.2,24,1,4,6,CCN(CC)C(=O)CSC1=C(C=CC=N1)C2=NC3=CC=CC=C3N2,0,1
1433832,283.4,C15H13N3OS,91.1,2.7,20,1,4,4,C1CC1NC(=O)CSC2=NC3=CC=CC=C3C=C2C#N,0,1
1438773,316.8,C17H17ClN2O2,36.2,3.6,22,0,2,5,CCOC(=O)C1=CC2=C(N1CC3=CC=CC=C3Cl)C=CN2C,0,1
1438796,316.8,C17H17ClN2O2,36.2,3.6,22,0,2,5,CCOC(=O)C1=CC2=C(N1CC3=CC=C(C=C3)Cl)C=CN2C,0,1
1449812,307.3,C18H17N3O2,60,2.7,23,0,3,5,CCOC(=O)C1=CC2=C(N1CC3=CC=C(C=C3)C#N)C=CN2C,0,1
1451531,251.3,C10H9N3OS2,111,1.7,16,1,5,3,C1CC1C(=O)NC2=NN=C(S2)C3=CC=CS3,0,1
1452908,361.4,C21H19N3O3,80.3,2.8,27,2,4,6,COC1=CC=C(C=C1)C(=O)NC2=NC=C(C=C2)NC(=O)CC3=CC=CC=C3,0,1
1499172,322.34,C13H14N4O4S,131,2.4,22,2,7,6,CCOC(=O)C1=C(SN=N1)NC(=O)NC2=CC=C(C=C2)OC,0,1
1504760,287.36,C16H21N3O2,67.6,1,21,1,4,4,CC1=C(C(=O)N(C(=C1CN2CCCCC2)O)CC=C)C#N,0,1
1508394,283.3,C17H14FNO2,42.2,4.6,21,1,4,5,C1=CC=C2C(=C1)C=C(O2)C(=O)CCNC3=CC(=CC=C3)F,0,1
1511617,240.26,C10H16N4O3,92.7,0.4,17,1,4,5,CC(C)NC(=O)CCCN1C=C(C=N1)[N+](=O)[O-],0,1
1514485,358.34,C14H13F3N4O2S,112,3,24,2,8,4,CC(C)C1=NN=C(S1)NC(=O)C2=CC(=CC=C2)NC(=O)C(F)(F)F,0,1
1514690,353.4,C20H19NO3S,70.9,3.4,25,0,4,5,C1COCCN1C(=S)C2=CC(=CC=C2)OC(=O)C=CC3=CC=CC=C3,0,1
1520108,266.4,C12H14N2OS2,102,3.4,17,2,3,0,C1CCCC2=C(CC1)C3=C(S2)NC(=S)NC3=O,0,1
1537229,246.35,C15H22N2O,32.299,3.3,18,1,2,3,CC1=CC(=CC=C1)NC(=O)CN2CCCCCC2,0,1
1567287,312.39,C13H20N4O3S,101,-0.7,21,1,6,4,CN1C(=C(C(=O)N(C1=S)C)C=NCCN2CCOCC2)O,0,1
1607515,316.31,C16H16N2O5,84.9,1,23,1,5,4,C1COCCN1C(=O)C(=CC2=CC=CO2)NC(=O)C3=CC=CO3,0,1
1625554,343.4,C18H21N3O2S,84.7,3.1,24,1,4,2,CN1C(=O)C(=CC2=CC=C(C=C2)N3CCCCCC3)C(=O)NC1=S,0,1
1627491,307.3,C14H17N3O5,125,1.7,22,4,5,6,CCCC(=O)NNC(=O)CC(=O)NC1=CC=CC=C1C(=O)O,0,1
1695600,295.29,C17H13NO4,78.6,2.9,22,1,4,4,C1=CC=C(C=C1)C2=CC(=O)C3=C(O2)C=CC(=C3)OCC(=O)N,0,1
1820334,351.4,C20H21N3O3,72.9,2.6,26,2,5,5,C1CN(CCN1C2=CC=CC=C2)C3=CC=CC=C3NC(=O)C=CC(=O)O,0,1
1849030,295.4,C13H17N3OS2,128,2.8,19,3,3,4,C=CCNC(=S)NC1=C(C2=C(S1)CCCC2)C(=O)N,0,1
1851222,332.31,C16H16N2O6,97.7,2.4,24,0,6,3,COC1=C(C=C2CN(CCC2=C1)C(=O)C3=CC=C(O3)[N+](=O)[O-])OC,0,1
1872660,238.7,C9H7ClN4S,107,1.9,15,2,4,3,C1=CC(=C(N=C1)Cl)NC=C(C#N)C(=S)N,0,1
1891764,389.9,C20H24ClN3O3,69.7,3.2,27,1,4,5,CC(C)(C)N1C(=O)C(=CC2=CC3=C(C=C2)N(CC3)CCCCl)C(=O)NC1=O,0,1
1894260,381.3,C19H15N3O6,122,2.9,28,1,6,4,CCOC1=CC=C(C=C1)N2C(=O)C(=CC3=CC=CC=C3[N+](=O)[O-])C(=O)NC2=O,0,1
1902078,253.28,C14H7NO2S,74.4,3.1,18,1,3,0,C1=CC=C2C(=C1)C3=CC4=C(C=C3S2)C(=O)C(=O)N4,0,1
1902752,337.29,C17H11N3O5,112,2.5,25,1,5,2,C1=CC=C(C=C1)N2C(=O)C(=CC3=CC=CC=C3[N+](=O)[O-])C(=O)NC2=O,0,1
1911817,330.4,C17H18N2O3S,94.7,2.9,23,1,4,4,C1CCC(=CC1)CCN2C(=O)C(=CC3=CC=CS3)C(=O)NC2=O,0,1
1917125,322.3,C18H14N2O4,79.6,2.8,24,1,4,3,CC1=CC(=CC=C1)N2C(=O)C(=CC=CC3=CC=CO3)C(=O)NC2=O,0,1
1924086,396.2,C20H14BrNO3,66.4,4.1,25,2,3,4,C1=CC=C(C(=C1)C2=CC=CC=C2C(=O)O)C(=O)NC3=CC(=CC=C3)Br,0,1
1925457,326.4,C18H22N4O2,82.3,5.6,24,4,4,4,CC1=CC(=C(C=C1)C)NNC(=O)C(=O)NNC2=C(C=CC(=C2)C)C,0,1
1927662,302.4,C16H18N2O2S,67.2,2.9,21,0,3,3,CCC1=CC=C(C=C1)C=C2C(=O)N=C(S2)N3CCOCC3,0,1
1932902,318.33,C14H11FN4O2S,115,2.2,22,3,5,2,C1=CC(=CN=C1)C(=O)NNC(=S)NC(=O)C2=CC=C(C=C2)F,0,1
1933194,306.4,C12H10N4O2S2,143,2.1,20,3,5,2,C1=CC(=CN=C1)C(=O)NNC(=S)NC(=O)C2=CC=CS2,0,1
1936414,350.4,C20H18N2O4,84.5,2.7,26,2,4,6,CC1=CC=C(C=C1)C(=O)NC(=CC2=CC=CO2)C(=O)NCC3=CC=CO3,0,1
1945070,307.3,C13H10FN3O3S,116,2.6,21,3,5,2,C1=COC(=C1)C(=O)NNC(=S)NC(=O)C2=CC=C(C=C2)F,0,1
1953182,358.5,C21H30N2O3,54.7,3.8,26,1,4,8,CCCCN1C(=C(C2=C1C=CC(=C2CN3CCCC3)O)C(=O)OCC)C,0,1
1962541,442.5,C20H18N4O4S2,175,3.5,30,3,8,7,CC1=C(C(=CC=C1)C)NC(=O)CSC2=NN=C(S2)NC(=O)C3=CC=CC=C3C(=O)O,0,1
1972867,366.21,C16H16BrNO4,51.9,3.3,22,0,4,3,COC1=C(C=C2CN(CCC2=C1)C(=O)C3=CC=C(O3)Br)OC,0,1
1977109,323.3,C19H17NO4,59.8,2.5,24,0,4,5,CC1=C(C(=CC2=CC=CO2)C(=O)N1CC3=CC=CC=C3)C(=O)OC,0,1
1994587,306.32,C17H14N4O2,82.9,3.6,23,2,5,3,CC1=CC=C(C=C1)C2=C(C(=O)C(=O)NN2)N=NC3=CC=CC=C3,0,1
2033398,243.33,C13H13N3S,82.9,3.2,17,2,3,1,CC1=C(C2=CC=CC=C2N1)C3=C(SC(=N3)N)C,0,1
2045736,347.4,C14H9N3O2S3,148,2.8,22,1,6,2,C1=CC(=CN=C1)C(=O)NN2C(=O)C(=CC3=CC=CS3)SC2=S,0,1
2062636,265.33,C12H15N3O2S,102,1.7,18,3,3,3,CC(=O)NC(=S)NNC(=O)CCC1=CC=CC=C1,0,1
2083345,335.4,C20H21N3O2,57.4,2.5,25,2,3,4,C1COCCN1C2=CC=C(C=C2)NC(=O)CC3=CNC4=CC=CC=C43,0,1
2084095,309.5,C14H19N3OS2,95.9,1.9,20,1,4,3,CCN1CCN(CC1)C(=S)NC(=O)C=CC2=CC=CS2,0,1
2102350,347.5,C18H25N3O2S,82.3,3,24,0,5,7,CC1=CC(=C(N1CCOC)C)C(=O)CSC2=NC(=C(C(=N2)C)C)C,0,1
2111513,295.34,C17H17N3O2,62.4,2.7,22,3,3,6,C=CCOC1=CC=CC=C1CNC2=CC3=C(C=C2)NC(=O)N3,0,1
2118298,243.33,C13H13N3S,82.9,3.2,17,2,3,2,CCC1=C2C(=CC=C1)C(=CN2)C3=CSC(=N3)N,0,1
2121892,301.4,C16H15NO3S,72.9,3.1,21,1,4,4,C1COC2=C(O1)C=CC(=C2)NC(=O)CSC3=CC=CC=C3,0,1
2122512,297.26,C15H11N3O4,84.5,2.7,22,0,6,5,C1=CC=C2C(=C1)C(=O)N(N=N2)COC(=O)C=CC3=CC=CO3,0,1
2123393,317.4,C16H19N3O2S,84.7,1.9,22,1,4,4,CCCC(=O)NC(=S)C1=C(N(N(C1=O)C2=CC=CC=C2)C)C,0,1
2163740,273.3,C16H16FNO2,30.5,3.2,20,1,4,5,C1OC2=C(O1)C=C(C=C2)CCNCC3=CC=CC=C3F,0,1
2168368,301.34,C17H19NO4,60.7,2.6,22,1,4,7,COC1=C(C=C(C=C1)CCNC(=O)C=CC2=CC=CO2)OC,0,1
2175392,354.3,C9H5F3N4O4S2,154,1.6,22,1,11,3,C1=CC(=CC=C1[N+](=O)[O-])S(=O)(=O)NC2=NN=C(S2)C(F)(F)F,0,1
2185288,332.26,C15H12N2O7,131,1.8,24,1,7,7,C1=COC(=C1)C(=O)NCC(=O)OCC(=O)C2=CC=C(C=C2)[N+](=O)[O-],0,1
2188299,281.26,C16H11NO4,79.1,3.2,21,2,5,2,C1=CC=C(C=C1)C2=NOC(=O)C2=CC3=CC(=C(C=C3)O)O,0,1
2197748,353.8,C17H17ClFNO2S,63.6,3.8,23,1,4,7,COC1=CC=CC=C1C(=O)NCCSCC2=C(C=CC=C2Cl)F,0,1
2199037,245.32,C14H19N3O,39.9,3,18,0,3,6,CC1=CC(=CC(=C1)OCCCCN2C=NC=N2)C,0,1
2207942,323.42,C14H21N5O2S,111,0.1,22,3,5,5,C1COCCN1CCCNC(=S)NNC(=O)C2=CC=NC=C2,0,1
2208264,363.5,C22H25N3O2,52.6,3.5,27,1,3,5,CN(C)C1=CC=C(C=C1)C=C(C(=O)N2CCCC2)NC(=O)C3=CC=CC=C3,0,1
2208666,293.32,C17H15N3O2,75,2.9,22,1,4,5,CCOC1=CC=CC(=C1)NC(=O)C(=CC2=CN=CC=C2)C#N,0,1
2210686,292.29,C14H16N2O5,84.6,1,21,0,5,4,C1COCCN1C(=O)COC2=CC=C(C=C2)C=C[N+](=O)[O-],0,1
2210788,341.5,C20H23NO2S,53.8,4.3,24,0,3,5,CC1=CC=C(C=C1)COC2=C(C=C(C=C2)C(=S)N3CCCC3)OC,0,1
2212069,370.5,C21H26N2O2S,65.8,4.4,26,1,3,5,COC1=C(C=C(C=C1)NC(=S)N2CCC(CC2)CC3=CC=CC=C3)OC,0,1
2212682,376.2,C15H10BrN3O2S,94.8,3.6,22,2,4,3,C1=CC=C(C(=C1)C(=O)NC2=CC=C(C=C2)C3=NNC(=S)O3)Br,0,1
2213235,358.5,C24H26N2O,26.7,4.6,27,1,3,5,C1CN(CCN1CC=CC2=CC=CC=C2)CC3=C(C=CC4=CC=CC=C43)O,0,1
2215747,302.4,C15H18N4OS,82.4,1.4,21,1,4,1,CC1=C(N=C2C=C(C=CC2=N1)NC(=S)N3CCOCC3)C,0,1
2218434,315.4,C18H21NO2S,63.6,3.8,22,1,3,6,CC1=CC(=CC(=C1)NC(=O)C2=CC=CC=C2SCCOC)C,0,1
2218442,366.3,C16H16BrNO2S,63.6,3.8,21,1,3,6,COCCSC1=CC=CC=C1C(=O)NC2=CC=C(C=C2)Br,0,1
2218450,329.5,C19H23NO2S,63.6,4.2,23,1,3,7,CC(C)C1=CC=CC=C1NC(=O)C2=CC=CC=C2SCCOC,0,1
2218454,362.4,C17H18N2O5S,119,2.9,25,1,6,7,COCCSC1=CC=CC=C1C(=O)NC2=C(C=CC(=C2)[N+](=O)[O-])OC,0,1
2218779,308.4,C15H20N2O3S,99.5,3.6,21,2,4,5,CC(C)(C)C1=CC=C(C=C1)C(=O)NC(=S)NCC(=O)OC,0,1
2222168,331.5,C18H25N3OS,67.7,3.2,23,1,3,2,C1CCC(CC1)N2CCN(CC2)C(=S)NC(=O)C3=CC=CC=C3,0,1
2227693,324.6,C14H11BrClNO,29.1,4.6,18,1,2,4,C1=CC=C(C(=C1)NCC(=O)C2=CC=C(C=C2)Br)Cl,0,1
2228893,302.4,C15H14N2O3S,100,3.5,21,1,4,3,CC1=C(C=C(C=C1)[N+](=O)[O-])NC(=O)C2=CC=CC=C2SC,0,1
2229662,323.4,C16H13N5OS,111,2.7,23,1,5,2,C1CCC2=C(C1)C(=C(S2)NC(=O)C3=C4N=CC=CN4N=C3)C#N,0,1
2230845,283.71,C16H10ClNO2,39.2,3.5,20,0,3,2,C1=CC(=CN=C1)C=C2C=C(OC2=O)C3=CC=C(C=C3)Cl,0,1
2233087,289.27,C12H7N3O4S,124,2.1,20,0,6,1,CC1=CN=C(S1)N2C(=O)C3=C(C2=O)C=C(C=C3)[N+](=O)[O-],0,1
2235821,305.4,C13H11N3O2S2,138,3.4,20,2,5,2,CC1=C(SC(=C1C#N)NC(=S)NC(=O)C2=CC=CO2)C,0,1
2247700,273.3,C16H16FNO2,30.5,3.3,20,1,4,5,C1OC2=C(O1)C=C(C=C2)CCNCC3=CC=C(C=C3)F,0,1
2258498,322.4,C19H18N2O3,58.6,3.5,24,1,3,3,CC1=C(C=C(C=C1)N2C(=O)C(=CC3=CC(=CC=C3)OC)C(=O)N2)C,0,1
2267786,336.3,C19H16N2O4,84.5,2.7,25,2,4,6,C1=CC=C(C=C1)CNC(=O)C(=CC2=CC=CO2)NC(=O)C3=CC=CO3,0,1
2271739,295.31,C13H13NO5S,102,2.2,20,0,6,5,CCOC(=O)CN1C(=O)C(=CC2=CC=C(O2)C)SC1=O,0,1
2274404,311.3,C18H17NO4,64.599,4,23,1,5,7,COC1=CC=C(C=C1)NC(=CC(=O)C2=CC=CC=C2)C(=O)OC,0,1
2303787,297.38,C13H19N3O3S,98.8,1.4,20,2,5,5,C1COCCN1CCCNC(=S)NC(=O)C2=CC=CO2,0,1
2304848,390.5,C16H14N4O2S3,161,3,25,1,7,5,CC1=NN=C(S1)NC(=O)CCN2C(=O)C(=CC3=CC=CC=C3)SC2=S,0,1
2307517,280.26,C10H8N4O4S,159,0.7,19,3,6,2,C1=CC=C(C(=C1)[N+](=O)[O-])SC2=C(N=C(NC2=O)N)O,0,1
2310843,330.3,C11H8F2N4O2S2,144,2.9,21,3,8,4,C1=CC(=CC=C1N=NC2=C(NC(=S)NC2=O)O)SC(F)F,0,1
2313868,236.29,C16H14NO+,17,3.8,18,0,1,2,C[N+]1=C(OC(=C1)C2=CC=CC=C2)C3=CC=CC=C3,1,1
2317221,269.25,C15H11NO4,76,3.3,20,0,4,4,C1=COC(=C1)C=CC(=O)C=CC2=CC=C(C=C2)[N+](=O)[O-],0,1
2318428,281.29,C11H11N3O4S,148,-0.3,19,2,6,6,CCOC(=O)C1=CC(=C(NC1=O)SCC(=O)N)C#N,0,1
2323380,269.34,C17H19NO2,29.5,1.9,20,0,3,3,C1CC(=C(C1=CC2=CC=CC=C2)N3CCOCC3)C=O,0,1
2323666,314.29,C12H9F3N4OS,95,3.5,21,1,8,3,CC(=O)NC1=NC=C(S1)N=NC2=CC=CC(=C2)C(F)(F)F,0,1
2324886,285.31,C17H16FNO2,33.4,3.2,21,0,3,3,C1CCN(C1)C(=O)C=CC2=CC=C(O2)C3=CC=C(C=C3)F,0,1
2325678,246.26,C13H14N2O3,58.6,2.3,18,1,4,4,CCOC(=O)C1=CNN(C1=O)C2=CC=C(C=C2)C,0,1
2325697,339.3,C19H17NO5,82.6,2.8,25,0,6,8,CCOC(=O)C(=CC1=CC=C(C=C1)OC(=O)C2=CC=NC=C2)C(=O)C,0,1
2337135,271.27,C15H13NO4,70.8,2,20,1,4,4,CN(C1=CC=CC=C1C(=O)O)C(=O)C=CC2=CC=CO2,0,1
2340491,327.4,C18H21N3OS,73.5,2.9,23,1,4,4,C1CC(C1)C(=O)NC2=NC3=C(S2)CN(CC3)CC4=CC=CC=C4,0,1
2341267,279.74,C13H10ClNO2S,67.8,2.7,18,0,3,4,C1=CC=[N+](C(=C1)SCC(=O)C2=CC=C(C=C2)Cl)[O-],0,1
2351439,333.3,C19H15N3O3,98.7,3.5,25,1,4,5,C1=CC=C(C=C1)CNC(=O)C(=CC=CC2=CC=CC=C2[N+](=O)[O-])C#N,0,1
2352756,271.27,C15H13NO4,68.5,2.2,20,1,4,6,C1=CC=C(C=C1)NC(=O)COC(=O)C=CC2=CC=CO2,0,1
2356790,268.4,C11H16N4S2,112,1.5,17,4,2,2,CC1=C(C=C(C=C1)NC(=S)NC)NC(=S)NC,0,1
2360119,336.37,C13H16N6O3S,129,0.6,23,2,7,4,C1CCN(CC1)S(=O)(=O)C2=CC=C(C=C2)C(=O)NC3=NNN=N3,0,1
2361974,250.3,C11H10N2OS2,96.4,2.9,16,0,5,4,CC1=NC(=NC=C1)SCC(=O)C2=CC=CS2,0,1
2362437,301.27,C15H12FN3O3,81.2,1.8,22,1,6,6,C1=CC(=CC(=C1)F)C=CC(=O)OCC(=O)NC2=NC=CC=N2,0,1
2363010,290.39,C14H18N4OS,76.3,1.7,20,0,4,6,CCN(CC1=CC=CC=C1)C(=O)CSC2=NN=CN2C,0,1
2364621,355.18,C14H15BrN2O4,91.6,1.7,21,2,5,6,COCCNC(=O)C(=CC1=CC(=C(C(=C1)Br)O)OC)C#N,0,1
2367271,234.28,C11H10N2O2S,81.5,1.1,16,1,3,2,C1C(=O)NC(=S)N(C1=O)CC2=CC=CC=C2,0,1
2373458,321.5,C15H19N3OS2,99.6,3.6,21,0,5,7,CCCN(CC1CC1)C(=O)CSC2=NC=NC3=C2C=CS3,0,1
2374884,256.29,C12H8N4OS,107,2.4,18,1,5,3,C1=CC=C(C=C1)C=C(C#N)C(=O)NC2=NN=CS2,0,1
2386881,337.4,C20H19NO4,55.8,3.4,25,0,4,5,CCOC=C1C2=CC=CC=C2C(=O)N(C1=O)C3=CC=C(C=C3)OCC,0,1
2392581,301.4,C16H19N3OS,80.2,3.7,21,1,4,5,CC1=CC(=NC(=N1)C(C)C)SCNC(=O)C2=CC=CC=C2,0,1
2393080,266.32,C11H14N4O2S,107,0,18,4,3,4,COCCNC(=S)NC1=CC2=C(C=C1)NC(=O)N2,0,1
2397339,289.31,C14H11NO4S,113,2.2,20,2,6,5,C1=CC=C(C(=C1)CSC2=C(C=CC=N2)C(=O)O)C(=O)O,0,1
2403674,350.32,C16H18N2O7,117,2.1,25,0,7,8,CC1=CC(=C(N1CCOC)C)C(=O)COC(=O)C2=CC=C(O2)[N+](=O)[O-],0,1
2406329,353.5,C17H27N3O3S,87.1,1.9,24,2,5,7,CC1=CC(=C(C=C1NC(=S)NCCCN2CCOCC2)OC)OC,0,1
2407021,301.2,C14H18Cl2N2O,23.6,3.1,19,0,3,4,CCN1CCN(CC1)CC(=O)C2=C(C=CC(=C2)Cl)Cl,0,1
2409212,291.37,C14H17N3O2S,90,1.6,20,1,4,2,CC1=C(SC2=C1C(=O)NC(=N2)CC(=O)N3CCCC3)C,0,1
2415782,309.32,C17H15N3O3,95.2,2.9,23,2,5,5,CCOC1=C(C=CC(=C1)C=C(C#N)C(=O)NC2=CC=CC=N2)O,0,1
2418131,293.23,C13H9F2N3O3,81.2,1.5,21,1,7,5,C1=CN=C(N=C1)NC(=O)COC(=O)C2=C(C=C(C=C2)F)F,0,1
2420318,356.5,C20H28N4S,62.6,4,25,2,3,7,CC(C)N(C1=CC=CC=C1)C2=CC=C(C=C2)NC(=S)NCCN(C)C,0,1
2422550,373.5,C19H23N3O3S,86.6,3.6,26,0,6,7,CC1=CC(=NN1CCC2=NC(=CS2)C3=CC(=C(C(=C3)OC)OC)OC)C,0,1
2422711,334.4,C16H22N4O2S,114,2.4,23,4,3,3,CC(=O)C1=CC=C(C=C1)NC(=S)NNC(=O)NC2CCCCC2,0,1
2426208,305.5,C19H31NO2,21.7,4.5,22,0,3,8,CC1=CC(=C(C=C1)C(C)C)OCCCCCN2CCOCC2,0,1
2429607,298.4,C15H14N4OS,97.3,2.1,21,4,2,2,CC1=CC=CC=C1NC(=S)NC2=CC3=C(C=C2)NC(=O)N3,0,1
2431349,274.27,C14H14N2O4,79.6,0.6,20,0,5,4,C1COCCN1C(=O)COC(=O)C2=CC=C(C=C2)C#N,0,1
2432653,286.33,C16H18N2O3,70.4,2,21,0,4,4,C1CCCN(CC1)C(=O)COC(=O)C2=CC=C(C=C2)C#N,0,1
2436038,295.34,C17H17N3O2,61.4,1.4,22,2,3,4,C1C(=O)NC2=CC=CC=C2N1C(=O)CNCC3=CC=CC=C3,0,1
2442413,316.4,C19H28N2O2,49.4,3.4,23,1,3,6,CC1CCN(CC1)CC(=O)C2=CC=C(C=C2)NC(=O)CC(C)C,0,1
2443329,276.36,C14H16N2O2S,79.5,3.2,19,1,5,5,CC1=C(SC(=N1)NCC2=CC=CC=C2OC)C(=O)C,0,1
2444065,305.4,C15H19N3O2S,82.7,2.9,21,1,5,5,CC1=C(SC(=N1)NCC2=CC=CC=C2OC)C(=O)N(C)C,0,1
2448376,318.8,C15H11ClN2O2S,67.4,3.3,21,1,4,3,C1=CC=C2C=C(C=CC2=C1)S(=O)(=O)NC3=C(C=NC=C3)Cl,0,1
2449777,271.3,C12H9N5OS,109,1.2,19,1,6,2,CC1=NN=C(S1)NC(=O)C2=CC3=NC=CN=C3C=C2,0,1
2452878,243.41,C12H25N3S,59.4,2.1,16,2,2,4,CC1CCC(CC1)NC(=S)NCCN(C)C,0,1
2455483,302.4,C17H22N2OS,69.4,3.5,21,2,3,7,CCC1=C(C(=CC=C1)CC)NC(=O)CNCC2=CC=CS2,0,1
2455907,248.71,C13H13ClN2O,34,2.4,17,1,1,3,CN1C=CC=C1C(=O)NCC2=CC=C(C=C2)Cl,0,1
2456191,234.29,C13H18N2O2,58.2,1.6,17,2,2,3,C1CCC(CC1)CNC(=O)C2=CNC(=O)C=C2,0,1
2456357,275.37,C14H17N3OS,56.8,3,19,0,5,3,COC1=CC=C(C=C1)N2CCN(CC2)C3=NC=CS3,0,1
2457247,326.4,C15H22N2O4S,95.1,-0.7,22,2,6,9,CCN(CC)CCNS(=O)(=O)C1=CC=C(C=C1)C=CC(=O)O,0,1
2460275,292.3,C10H8N6OS2,150,2.3,19,1,8,3,C1=CC=C2C(=C1)C(=O)N(N=N2)CSC3=NN=C(S3)N,0,1
2461309,421.3,C20H19Cl2FN4O,39.2,2.8,28,0,5,3,CC1=C(C2=NC(=CC(=O)N2C=C1Cl)CN3CCN(CC3)C4=CC=C(C=C4)F)Cl,0,1
2465409,342.4,C19H22N2O4,54.4,2.8,25,1,6,4,COC1=CC=CC=C1N2CCN(CC2)CC3=CC4=C(C=C3O)OCO4,0,1
2465521,419.5,C20H25N3O5S,143,2.4,29,2,7,8,CCOC(=O)C1=C(SC=C1C2=CC=C(O2)C)NC(=O)CN3CCC(CC3)C(=O)N,0,1
2467896,364.4,C22H24N2O3,45.9,3.6,27,0,4,4,CC1=CC2=C(C=C1)C(=CO2)CC(=O)N3CCN(CC3)C4=CC=C(C=C4)OC,0,1
2472630,312.39,C13H20N4O3S,119,1.6,21,2,6,6,CC1=C(N=C(N=C1C)SCC(=O)NC(=O)NCCOC)C,0,1
2475655,238.3,C10H10N2OS2,98.5,2.3,15,1,4,2,CC1=C(SC(=N1)C2=CC=CS2)C(=O)NC,0,1
2477385,251.28,C13H17NO4,68.5,1.9,18,1,4,7,CCCNC(=O)COC(=O)C=CC1=CC=C(O1)C,0,1
2479901,293.4,C17H15N3S,69,3.2,21,2,2,3,C1=CC=C(C=C1)CNC(=S)NC2=CC=CC3=C2C=CN=C3,0,1
2480964,348.4,C20H20N4O2,58.6,3.1,26,0,5,4,C1CN(CCN1C2=CC=CC=C2)C(=O)COC3=NC=NC4=CC=CC=C43,0,1
2484010,284.3,C15H12N2O2S,91.3,3.4,20,2,4,4,C1=CC=C(C(=C1)CSC2=NC3=CC=CC=C3N2)C(=O)O,0,1
2491304,303.77,C11H14ClN3O3S,115,1.8,19,4,5,6,COCCNC(=S)NNC1=CC(=C(C=C1)Cl)C(=O)O,0,1
2496326,348.4,C22H24N2O2,52.6,4.4,26,2,3,6,CCC1=CC=CC=C1NC(=O)CN(C)CC2=C(C=CC3=CC=CC=C32)O,0,1
2514277,310.31,C15H14N6O2,101,1.7,23,2,5,2,CC1=CC(=NC2=NC(=NN12)C(=O)NNC(=O)C3=CC=CC=C3)C,0,1
2518528,327.3,C14H11F2NO4S,73,2.4,22,1,7,3,C1COC2=C(O1)C=CC(=C2)NS(=O)(=O)C3=C(C=CC=C3F)F,0,1
2526913,330.4,C16H14N2O4S,91.9,1.2,23,1,4,2,CS(=O)(=O)C1=CC=C(C=C1)C(=O)N2CC(=O)NC3=CC=CC=C32,0,1
2531524,347.5,C22H25N3O,28.6,4.9,26,0,4,3,CC1=C2C(=CC=C1)C(=CC(=N2)N3CCN(CC3)C4=CC=C(C=C4)OC)C,0,1
2533409,312.4,C18H20N2O3,45.9,2.5,23,0,4,4,COC1=CC=CC(=C1)N2CCN(CC2)C(=O)C=CC3=CC=CO3,0,1
2533954,300.4,C15H16N4OS,97.2,0.9,21,1,4,6,C1=CC(=CN=C1)CN(CCC#N)C(=S)NCC2=CC=CO2,0,1
2544846,263.29,C16H13N3O,65.8,3.3,20,1,3,3,CC1=CC(=CC=C1)C=C(C#N)C(=O)NC2=CC=CC=N2,0,1
2560197,297.38,C13H19N3O3S,110,0.2,20,3,5,7,C1CC1NC(=O)CNCCC2=CC=C(C=C2)S(=O)(=O)N,0,1
2561880,278.29,C12H10N2O4S,114,1.4,19,1,6,4,CC(=O)NC(=O)COC(=O)C1=CC2=C(C=C1)N=CS2,0,1
2579979,328.4,C17H20N4O3,87,1,24,1,5,3,CN1C(=C(C(=O)N(C1=O)C)C(=O)CN2CCC3=CC=CC=C3C2)N,0,1
2594420,279.4,C12H13N3OS2,108,1.7,18,1,5,5,CSCCC(=O)NC1=NC(=CS1)C2=CC=CC=N2,0,1
2669855,285.32,C14H11N3O2S,96.3,2.8,20,1,5,3,C1CC1C2=NN=C(S2)NC(=O)C3=CC4=CC=CC=C4O3,0,1
2712501,327.4,C16H13N3O3S,110,3.1,23,0,6,5,C1=CC=C(C=C1)CC2=NN=C(O2)SCC3=CC=C(C=C3)[N+](=O)[O-],0,1
2725676,246.33,C13H14N2OS,73.2,2.3,17,2,2,2,CC1=CC=C(C=C1)CC2=C(NC(=S)NC2=O)C,0,1
2725932,297.74,C16H12ClN3O,47.9,3.7,21,0,4,3,CC1=CC(=NC(=N1)C2=CC=CC=N2)OC3=CC=C(C=C3)Cl,0,1
2726233,377.2,C17H14Cl2N4O2,79.2,4.6,25,3,4,4,CC1=C(C(=NO1)C2=C(C=CC=C2Cl)Cl)NC(=O)NNC3=CC=CC=C3,0,1
2726926,313.23,C13H10F3N3O3,84.2,2.4,22,2,7,2,CC1=NC(=C(O1)C(F)(F)F)C(=O)NNC(=O)C2=CC=CC=C2,0,1
2726984,344.71,C15H12ClF3N2O2,51.2,3.4,23,1,6,4,COC1=NC=C(C(=C1)C(F)(F)F)C(=O)NCC2=CC(=CC=C2)Cl,0,1
2729195,289.31,C13H11N3O3S,116,2.5,20,3,4,2,C1=CC=C(C=C1)C(=O)NC(=S)NNC(=O)C2=CC=CO2,0,1
2730136,343.02,C7H6Br2FN3S,82.2,2.3,14,3,3,1,C1=C(C=C(C(=C1Br)NC(=S)NN)Br)F,0,1
2731723,289.3,C18H11NO3,63.3,3.4,22,1,4,2,C1=CC=C2C=C3C(=CC2=C1)C(=CC(=N3)C4=CC=CO4)C(=O)O,0,1
2731967,260.32,C12H12N4OS,78.1,2.5,18,0,5,5,CCOC1=CC=C(C=C1)N2C(=NN=N2)SCC#C,0,1
2732048,274.36,C16H22N2O2,45.5,2.3,20,1,3,6,CC1=C(C2=CC=CC=C2O1)CC(=O)NCCCN(C)C,0,1
2732119,282.4,C12H11FN2OS2,80.9,2.9,18,0,5,2,CN(C)C=C1C(=O)N(C(=S)S1)C2=CC=C(C=C2)F,0,1
2732785,279.31,C13H13NO4S,104,1.5,19,2,5,6,C1=CC=C2C(=C1)C(=CS2)CNC(=O)COCC(=O)O,0,1
2738853,326.4,C18H22N4O2,57.7,1.9,24,1,5,4,CN(C)C1=CC=C(C=C1)NC(=O)C2=CN=C(C=C2)N3CCOCC3,0,1
2739119,282.71,C10H7ClN4O2S,112,2.4,18,2,5,2,C1=CC=C(C(=C1)NC(=O)NC(=O)C2=CSN=N2)Cl,0,1
2742216,362.8,C21H15ClN2O2,66,5.6,26,1,4,5,CC1=C(C=C(O1)C2=CC=C(C=C2)Cl)C(=O)C(=CNC3=CC=CC=C3)C#N,0,1
2743626,343.2,C11H11BrN4O2S,104,2.1,19,2,4,2,CC1=C(C(=NN1C)C(=O)NNC(=O)C2=CC=CS2)Br,0,1
2744585,314.4,C18H26N4O,59,4.1,23,2,3,5,CC1=NN(C(=C1)C(=O)NNC2=CC=C(C=C2)C(C)C)C(C)(C)C,0,1
2746571,247.2,C8H4F3N3OS,78.6,2.2,16,1,7,1,C1=CC(=NC=C1C(F)(F)F)C2=NNC(=S)O2,0,1
2792409,275.71,C14H11ClFN3,37.8,NULL,19,2,4,2,C1=CC=C2C(=C1)C(=NC=N2)NC3=CC=C(C=C3)F.Cl,0,2
2796934,346.8,C15H11ClN4O2S,106,4,23,1,4,2,CC1=CC(=C(C=C1)[N+](=O)[O-])C2=NNC(=S)N2C3=CC(=CC=C3)Cl,0,1
2797189,278.3,C14H18N2O4,76.7,3.6,20,2,6,9,CCOC(=O)C(=CNNC1=CC=CC=C1)C(=O)OCC,0,1
2797222,312.75,C14H17ClN2O4,76.7,4.2,21,2,6,9,CCOC(=O)C(=CNNC1=CC(=CC=C1)Cl)C(=O)OCC,0,1
2801223,355.2,C14H12Cl2N4OS,75.8,3.1,22,0,4,3,CN1C2=C(C(=N1)SCC3=C(C=C(C=C3)Cl)Cl)C(=O)N(N=C2)C,0,1
2801981,345.8,C18H20ClN3O2,57.4,3.8,24,1,5,4,CC1=CC(=CC(=C1O)CN2CCOCC2)N=NC3=CC=C(C=C3)Cl,0,1
2801983,339.4,C20H25N3O2,57.4,4.4,25,1,5,5,CC1=CC(=CC(=C1O)CN2CCCCC2)N=NC3=CC=C(C=C3)OC,0,1
2803212,334.5,C16H22N4S2,112,2.5,22,4,2,2,C1C2CC(C1C=C2)NC(=S)NNC(=S)NC3CC4CC3C=C4,0,1
2803657,294.4,C10H22N4O2S2,131,0.3,18,4,4,8,COCCCNC(=S)NNC(=S)NCCCOC,0,1
2804057,206.31,C11H14N2S,56.2,2.6,14,2,1,0,CC1=C(C(=C2C(=C1C)NC(=S)N2)C)C,0,1
2806283,271.3,C9H9N3O3S2,147,2.4,17,2,5,3,C=CCNC(=S)NC(=O)C1=CSC(=C1)[N+](=O)[O-],0,1
2806286,299.4,C11H13N3O3S2,139,2.3,19,1,5,1,C1CCN(CC1)C(=S)NC(=O)C2=CSC(=C2)[N+](=O)[O-],0,1
2807008,345.7,C14H11ClF3N3O2,71.1,NULL,23,3,6,2,C1=CC(=CC(=C1)C(F)(F)F)C(=O)NNC(=O)C2=CC=NC=C2.Cl,0,2
2808118,356.4,C15H20N2O6S,131,4.3,24,2,9,11,CCOC(=O)C(=CNNC1=C(SC=C1C)C(=O)OC)C(=O)OCC,0,1
2809401,244.32,C12H12N4S,83.5,2.2,17,1,3,2,CC1=CC(=C(C=C1)N2C(=NNC2=S)CC#N)C,0,1
2810930,328.2,C13H11Cl2N3OS,79.3,4.1,20,2,4,4,CSC1=C(C=CC=N1)C(=O)NNC2=C(C=CC(=C2)Cl)Cl,0,1
2810947,300.14,C12H11Cl2N3O2,67.2,3.6,19,2,4,3,CC1=C(C(=NO1)C)C(=O)NNC2=C(C=CC(=C2)Cl)Cl,0,1
2811209,365.17,C12H8BrF3N2OS,69.4,4.7,20,2,6,3,C1=CC=C(C(=C1)C(F)(F)F)NNC(=O)C2=C(C=CS2)Br,0,1
2811341,288.77,C16H17ClN2O,41.1,4.3,20,2,2,5,CC1=C(C=CC(=C1)Cl)NNC(=O)CCC2=CC=CC=C2,0,1
2811344,279.72,C13H14ClN3O2,67.2,3.3,19,2,4,3,CC1=C(C=CC(=C1)Cl)NNC(=O)C2=C(ON=C2C)C,0,1
2811392,301.3,C15H15N3O4,101,1.2,22,2,6,6,COC1=CC=CC=C1CCNC(=O)C2=NC=CN=C2C(=O)O,0,1
2811458,276.36,C13H16N4OS,95.2,3.5,19,2,5,4,CC1=C(SN=N1)C(=O)NNC2=CC=C(C=C2)C(C)C,0,1
2811461,232.32,C14H20N2O,41.1,3.5,17,2,2,4,CC(C)C1=CC=C(C=C1)NNC(=O)C2CCC2,0,1
2811806,327.31,C13H11F2N3O3S,110,1.8,22,3,7,4,C1=CC(=CC=C1NNC(=O)C2=C(C=C(C=C2)F)F)S(=O)(=O)N,0,1
2811811,319.4,C15H17N3O3S,110,2.4,22,3,5,5,CCC1=CC=C(C=C1)C(=O)NNC2=CC=C(C=C2)S(=O)(=O)N,0,1
2811813,297.4,C11H11N3O3S2,138,1.7,19,3,6,4,C1=CSC(=C1)C(=O)NNC2=CC=C(C=C2)S(=O)(=O)N,0,1
2811986,268.35,C17H20N2O,41.1,4.1,20,2,2,6,CCC1=CC=CC=C1NNC(=O)CCC2=CC=CC=C2,0,1
2811989,245.28,C13H15N3O2,67.2,3.1,18,2,4,4,CCC1=CC=CC=C1NNC(=O)C2=NOC(=C2)C,0,1
2811990,262.33,C12H14N4OS,95.2,3.1,18,2,5,4,CCC1=CC=CC=C1NNC(=O)C2=C(N=NS2)C,0,1
2811999,258.29,C15H15FN2O,41.1,3.4,19,2,3,5,C1=CC=C(C=C1)CCC(=O)NNC2=CC=C(C=C2)F,0,1
2812132,235.21,C11H10FN3O2,67.2,2.4,17,2,5,3,CC1=CC(=NO1)C(=O)NNC2=CC=C(C=C2)F,0,1
2812296,351.4,C16H18FN3O3S,86.9,2.1,24,2,5,4,CC1=C(C=C(C=C1)S(=O)(=O)N(C)C)NC(=O)NC2=CC=CC=C2F,0,1
2812367,245.28,C13H15N3O2,67.2,3,18,2,4,3,CC1=CC(=C(C=C1)NNC(=O)C2=NOC(=C2)C)C,0,1
2812375,278.71,C14H12ClFN2O,41.1,4.2,19,2,3,3,CC1=CC(=CC=C1)NNC(=O)C2=C(C=CC=C2Cl)F,0,1
2812486,231.25,C12H13N3O2,67.2,2.6,17,2,4,3,CC1=C(C=C(C=C1)NNC(=O)C2=CC=NO2)C,0,1
2812501,335.4,C19H17N3O3,72.5,3.8,25,2,5,6,COC1=CC=CC=C1NNC(=O)C2=C(N=CC=C2)OC3=CC=CC=C3,0,1
2812570,299.12,C13H9Cl2FN2O,41.1,4.4,19,2,3,3,C1=CC(=C(C(=C1)Cl)C(=O)NNC2=CC=C(C=C2)Cl)F,0,1
2812683,339.4,C18H21N5O2,71.4,2.6,25,2,4,4,CN1C2=C(C(=CC=C2)N(C)C)C(=N1)NC(=O)NC3=CC=CC=C3OC,0,1
2812871,304.33,C17H18F2N2O,41.1,4.9,22,2,4,4,CC(C)(C)C1=CC=C(C=C1)C(=O)NNC2=C(C=C(C=C2)F)F,0,1
2812885,286.11,C11H9Cl2N3O2,67.2,3.5,18,2,4,3,CC1=CC(=NO1)C(=O)NNC2=C(C=CC=C2Cl)Cl,0,1
2812887,287.2,C11H8Cl2N2OS,69.4,4.3,17,2,3,3,C1=CC(=C(C(=C1)Cl)NNC(=O)C2=CC=CS2)Cl,0,1
2813076,337.2,C17H18Cl2N2O,41.1,6,22,2,2,4,CC(C)(C)C1=CC=C(C=C1)C(=O)NNC2=CC(=CC(=C2)Cl)Cl,0,1
2813091,246.35,C15H22N2O,41.1,4.1,18,2,2,4,CC(C)(C)C1=CC=C(C=C1)NNC(=O)C2CCC2,0,1
2815207,283.28,C15H13N3O3,87.8,1.3,21,1,4,3,C1=CC=C2C(=C1)C(C(=O)N2)C(C[N+](=O)[O-])C3=CC=CC=N3,0,1
2815560,289.36,C13H15N5OS,89.6,1.3,20,1,5,2,C1CN(CCN1C2=NC=CC=N2)C(=O)NC3=CC=CS3,0,1
2815620,261.29,C14H16FN3O,46.1,1.7,19,2,2,3,CC1=CC=C(N1C)CNC(=O)NC2=CC=C(C=C2)F,0,1
2815626,332.34,C14H15F3N2O2S,59.5,2.4,22,1,6,4,CC1=CC=C(N1C)CNS(=O)(=O)C2=CC=C(C=C2)C(F)(F)F,0,1
2815628,327.3,C15H16F3N3O2,55.3,2.8,23,2,5,4,CC1=CC=C(N1C)CNC(=O)NC2=CC=C(C=C2)OC(F)(F)F,0,1
2815935,319.34,C13H13N5O3S,131,1.9,22,1,7,4,C1CNC2=NN=C(N2C1)SCC(=O)C3=CC=C(C=C3)[N+](=O)[O-],0,1
2816564,344.4,C16H12N2O3S2,130,2.7,23,2,5,2,C1CC2=C(C1C(=O)O)C3=C(S2)NC(=S)N(C3=O)C4=CC=CC=C4,0,1
2816672,302.4,C14H14N4S2,114,3,20,2,4,3,CCN1C(=NNC1=S)C2=C(SC(=C2)C3=CC=CC=C3)N,0,1
2819305,227.26,C9H10FN3OS,85.2,1.1,15,3,3,1,CC(=O)NNC(=S)NC1=CC(=CC=C1)F,0,1
2822578,339.4,C18H17N3O2S,81.4,3.5,24,1,4,5,COC1=CC=C(C=C1)NC(=O)C2=CN(N=C2SC)C3=CC=CC=C3,0,1
2823539,362.4,C20H18N4O3,78.5,3,27,1,4,4,CC1=CC=CC=C1N2C3=C(C(=O)N(C2=O)CC4=CC(=CC=C4)OC)NC=N3,0,1
2823681,361.2,C17H14BrFN2O,44.9,4.7,22,2,2,2,CC1=CC(=C2C(=C1)C=C(N2)C(=O)NC3=C(C=C(C=C3)F)Br)C,0,1
2823829,310.68,C14H9ClF2N2O2,58.2,4.6,21,2,4,2,C1=CC(=CC=C1NC(=O)NC(=O)C2=C(C=C(C=C2)F)F)Cl,0,1
2842992,326.9,C18H31ClN2O,23.6,NULL,22,1,2,1,CC12CC3CC(C1)(CC(C3)(C2)C(=O)N4CCN(CC4)C)C.Cl,0,2
2843672,236.7,C12H13ClN2O,27,2.6,16,0,2,5,C1=CC=C(C(=C1)OCCCN2C=CN=C2)Cl,0,1
2843775,342.3,C18H18N2O5,102,NULL,25,2,6,6,C1=CC=C2C=C(C=CC2=C1)OCCCN3C=CN=C3.C(=O)(C(=O)O)O,0,2
2843833,351.4,C19H29NO5,87.1,NULL,25,2,6,7,CC1=C(C(=CC=C1)C)OCCCCN2CCCCC2.C(=O)(C(=O)O)O,0,2
2847188,376.2,C14H18BrNO6,96.3,NULL,22,2,7,5,C1COCCN1CCOC2=CC=CC=C2Br.C(=O)(C(=O)O)O,0,2
2847238,329.77,C15H20ClNO5,87.1,NULL,22,2,6,5,CC1=C(C(=CC=C1)Cl)OCCN2CCCC2.C(=O)(C(=O)O)O,0,2
2847975,295.33,C15H21NO5,87.1,NULL,21,2,6,5,CC1=CC=C(C=C1)OCCN2CCCC2.C(=O)(C(=O)O)O,0,2
2848306,351.4,C19H29NO5,87.1,NULL,25,2,6,7,CC1=CC(=C(C=C1)C)OCCCCN2CCCCC2.C(=O)(C(=O)O)O,0,2
2848544,325.36,C16H23NO6,96.3,NULL,23,2,7,5,CC1=C(C(=CC=C1)C)OCCN2CCOCC2.C(=O)(C(=O)O)O,0,2
2851153,340.76,C15H17ClN2O5,102,NULL,23,2,6,6,CC1=C(C(=CC=C1)Cl)OCCCN2C=CN=C2.C(=O)(C(=O)O)O,0,2
2865694,337.4,C18H27NO5,87.1,NULL,24,2,6,7,CC(C)C1=CC=CC=C1OCCCN2CCCC2.C(=O)(C(=O)O)O,0,2
2865916,323.4,C17H25NO5,87.1,NULL,23,2,6,7,CCC1=CC=CC=C1OCCCN2CCCC2.C(=O)(C(=O)O)O,0,2
2867689,368.3,C17H12N4O6,139,1.8,27,3,7,2,C1C(OC2=CC3=CC=CC=C3C=C2O1)C(=O)N=NC4=C(NC(=O)NC4=O)O,0,1
2871180,238.36,C11H18N4S,80.2,1.9,16,4,3,0,C1CC2C(C1)C3CC2CC34NNC(=S)NN4,0,1
2875468,319.4,C17H25N3O3,83.7,2.5,23,2,4,4,CC(C)(C)C1CCC(=NNC(=O)C(=O)NCC2=CC=CO2)CC1,0,1
2882051,290.8,C17H23ClN2,8.2,NULL,20,1,1,1,CCN1CCN2C3=C(CCCC31)C4=CC=CC(=C42)C.Cl,0,2
2888027,384.4,C18H28N2O7,109,NULL,27,2,9,9,CN1CCN(CC1)CCOCCOC2=CC=C(C=C2)OC.C(=O)(C(=O)O)O,0,2
2888407,382.5,C19H30N2O6,99.5,NULL,27,2,8,9,CCC1=CC=C(C=C1)OCCOCCN2CCN(CC2)C.C(=O)(C(=O)O)O,0,2
2904476,300.27,C14H12N4O4,106,2.9,22,1,7,4,CCOC1=CC=C(C=C1)NC2=CC=C(C3=NON=C23)[N+](=O)[O-],0,1
2908676,312.8,C14H17ClN2O2S,73.7,2.7,20,1,3,1,CC1CN(CC(O1)C)C(=S)NC(=O)C2=CC=C(C=C2)Cl,0,1
2908732,278.37,C14H18N2O2S,73.7,2.1,19,1,3,1,CC1CN(CC(O1)C)C(=S)NC(=O)C2=CC=CC=C2,0,1
2909035,316.13,C13H11Cl2NO4,64.599,3.1,20,1,4,4,COCCNC(=O)C1=CC2=CC(=CC(=C2OC1=O)Cl)Cl,0,1
2913083,364.5,C15H28N2O6S,124,NULL,24,2,8,4,CCS(=O)(=O)N1CCC(CC1)N2CCC(CC2)C.C(=O)(C(=O)O)O,0,2
2923269,345.4,C19H23NO5,95.9,NULL,25,3,6,7,CC1=CC(=C(C=C1)OCCNCC2=CC=CC=C2)C.C(=O)(C(=O)O)O,0,2
2933676,380.4,C19H25FN2O5,98.2,NULL,27,2,7,4,C1CCN(C1)C(=O)C2CCCN(C2)CC3=CC=CC=C3F.C(=O)(C(=O)O)O,0,2
2934119,359.4,C20H25NO5,95.9,NULL,26,3,6,7,CC1=CC(=C(C(=C1)C)OCCNCC2=CC=CC=C2)C.C(=O)(C(=O)O)O,0,2
2934159,379.8,C19H22ClNO5,95.9,NULL,26,3,6,7,CC1=CC(=CC(=C1OCCNCC2=CC=CC=C2)C)Cl.C(=O)(C(=O)O)O,0,2
2934186,322.31,C15H18N2O6,111,NULL,23,2,7,6,CC1=NC=CN1CCOC2=CC=C(C=C2)OC.C(=O)(C(=O)O)O,0,2
2934712,349.4,C18H20FNO5,87.1,NULL,25,2,7,7,CN(CCOC1=CC=C(C=C1)F)CC2=CC=CC=C2.C(=O)(C(=O)O)O,0,2
2934973,317.76,C14H20ClNO5,87.1,NULL,21,2,6,5,CC1=CC(=C(C(=C1)Cl)OCCN(C)C)C.C(=O)(C(=O)O)O,0,2
2935293,297.4,C20H27NO,21.3,4.8,22,1,2,8,CC1=CC(=C(C=C1)OCCCCNC(C)C2=CC=CC=C2)C,0,1
2935378,359.4,C20H25NO5,95.9,NULL,26,3,6,8,CCC(C)NCCOC1=CC=CC=C1C2=CC=CC=C2.C(=O)(C(=O)O)O,0,2
2935506,301.31,C14H20FNO5,87.1,NULL,21,2,7,7,CN(C)CCCCOC1=CC=CC=C1F.C(=O)(C(=O)O)O,0,2
2935513,362.4,C19H26N2O5,102,NULL,26,2,6,7,CC1=CC(=C(C=C1)C(C)C)OCCCN2C=CN=C2C.C(=O)(C(=O)O)O,0,2
2935561,348.4,C18H24N2O5,102,NULL,25,2,6,6,CC1=CC(=C(C=C1)C(C)C)OCCN2C=CN=C2C.C(=O)(C(=O)O)O,0,2
2935572,359.4,C20H25NO5,95.9,NULL,26,3,6,7,CC1=CC(=C(C(=C1)OCCNCC2=CC=CC=C2)C)C.C(=O)(C(=O)O)O,0,2
2935814,326.73,C14H15ClN2O5,102,NULL,22,2,6,5,CC1=NC=CN1CCOC2=CC=C(C=C2)Cl.C(=O)(C(=O)O)O,0,2
2935861,251.36,C15H25NO2,30.5,3.5,18,1,3,8,CCC(C)NCCCOC1=C(C=C(C=C1)C)OC,0,1
2936074,311.5,C21H29NO,12.5,5.4,23,0,2,9,CCC(C)C1=CC=CC=C1OCCCN(C)CC2=CC=CC=C2,0,1
2943979,352.4,C18H28N2O5,99.1,NULL,25,3,7,7,CC1=C(C(=CC=C1)C)OCCCCN2CCNCC2.C(=O)(C(=O)O)O,0,2
2944133,350.4,C17H22N2O6,108,NULL,25,3,8,5,COC1=CC=C(C=C1)OCC#CCN2CCNCC2.C(=O)(C(=O)O)O,0,2
2945343,335.4,C21H21NO3,62.5,3.5,25,2,3,6,CC1=C(C(=CC=C1)C(CC(=O)NCC2=CC=CO2)C3=CC=CC=C3)O,0,1
2948868,320.6,C12H12Cl3N3O,39.9,4.2,19,0,3,6,C1=C(C=C(C(=C1Cl)OCCCCN2C=NC=N2)Cl)Cl,0,1
2949203,363.4,C17H21N3O6,132,NULL,26,2,8,9,CCC(=O)C1=CC=CC=C1OCCCCN2C=NC=N2.C(=O)(C(=O)O)O,0,2
2955141,373.4,C17H19N5O3S,119,2.4,26,1,6,3,COC1=C(C=CC(=C1)[N+](=O)[O-])NC(=S)N2CCN(CC2)C3=CC=CC=N3,0,1
2957378,328.4,C18H20N2O2S,65.8,3.7,23,1,3,3,CC1CC2=CC=CC=C2N1C(=S)NC3=CC(=C(C=C3)OC)OC,0,1
2959576,293.36,C15H23N3O3,70.3,3.8,21,1,5,4,CC(C)(C)CNC1=C(C=CC(=C1)N2CCOCC2)[N+](=O)[O-],0,1
2960215,325.4,C19H23N3O2,49,3.1,24,0,4,4,CCC(=O)N1C(CC(=N1)C2=CC=C(O2)C)C3=CC=C(C=C3)N(C)C,0,1
2961051,327.76,C15H18ClNO5,95.9,NULL,22,3,6,5,CC(C)NCC#CCOC1=CC=C(C=C1)Cl.C(=O)(C(=O)O)O,0,2
2961154,361.4,C20H27NO5,87.1,NULL,26,2,6,5,CC1=CC(=C(C=C1)C(C)C)OCC#CCN2CCCC2.C(=O)(C(=O)O)O,0,2
2961328,339.77,C16H18ClNO5,87.1,NULL,23,2,6,4,C1CCN(C1)CC#CCOC2=CC=C(C=C2)Cl.C(=O)(C(=O)O)O,0,2
2961397,332.31,C16H16N2O6,111,NULL,24,2,7,5,COC1=CC=CC=C1OCC#CCN2C=CN=C2.C(=O)(C(=O)O)O,0,2
2961620,355.77,C16H18ClNO6,96.3,NULL,24,2,7,4,C1COCCN1CC#CCOC2=CC=C(C=C2)Cl.C(=O)(C(=O)O)O,0,2
2963348,312.32,C17H16N2O4,75.7,0.5,23,1,4,3,C1=CC=C(C=C1)CCC(=O)NN2C(=O)C3C4C=CC(C3C2=O)O4,0,1
2963793,297.3,C15H11N3O2S,99.2,3.2,21,2,4,2,C1=CC2=C(C=CC=N2)C(=C1)NC(=S)NC(=O)C3=CC=CO3,0,1
2966393,301.3,C15H15N3O4,91.3,2.6,22,1,5,3,C1CCN(C1)C2=C(C=C(C=C2)[N+](=O)[O-])NC(=O)C3=CC=CO3,0,1
2966711,334.4,C17H22N2O5,103,NULL,24,3,6,5,C1CCN(C1)CC(CN2C=CC3=CC=CC=C32)O.C(=O)(C(=O)O)O,0,2
2968856,276.29,C13H16N4O3,76.1,0.7,20,0,5,3,COCCN1CCN2C(=NC3=C2C=CC(=C3)[N+](=O)[O-])C1,0,1
2969322,359.4,C18H18FN3O4,78.6,2.9,26,0,6,3,COC1=CC(=C(C=C1)N2CCN(CC2)C(=O)C3=CC=CC=C3F)[N+](=O)[O-],0,1
2969508,303.71,C13H13ClF3N3,37.8,NULL,20,2,6,2,CC1=CC(=NC(=N1)NC2=CC=CC(=C2)C(F)(F)F)C.Cl,0,2
2970586,275.4,C15H17NO2S,70.5,3.1,19,1,3,3,CC1CCC2=C(C1)SC=C2C(=O)NCC3=CC=CO3,0,1
2971270,292.33,C14H20N4O3,90.2,1.6,21,2,4,4,C1CCN(CC1)CCNC(=O)NC2=CC=C(C=C2)[N+](=O)[O-],0,1
2972068,337.2,C15H14Cl2N4O,73.1,NULL,22,3,5,3,COC1=C(C=C(C=C1)Cl)NC2=NC3=CC=CC=C3C(=N2)N.Cl,0,2
2972714,353.5,C20H23N3OS,81.2,3.2,25,3,2,7,COC1=CC2=C(C=C1)NC=C2CCNC(=S)NCCC3=CC=CC=C3,0,1
2972954,233.3,C10H11N5S,94,1.3,16,3,4,2,CNC(=S)NNC1=NN=CC2=CC=CC=C21,0,1
2973939,297.8,C14H20ClN3S,57.3,NULL,19,1,4,1,CC1CCCN(C1)C2=C3C(=C(SC3=NC=N2)C)C.Cl,0,2
2974465,337.8,C16H24ClN5O,64.5,NULL,23,3,6,5,CCN1CCN(CC1)C2=NC3=CC=CC=C3C(=N2)NCCO.Cl,0,2
2975229,343.2,C16H20Cl2N2O2,43.4,NULL,22,2,4,7,CCOC1=C(C=C(C=C1Cl)CNCC2=CC=NC=C2)OC.Cl,0,2
2975702,307.4,C15H17NO2S2,97,2.7,20,1,5,3,CN1CCC(C(C1)C(=O)C2=CC=CS2)(C3=CC=CS3)O,0,1
2975846,238.31,C11H14N2O2S,77.6,1.1,16,1,3,2,C1CCN(C1)C(=S)C(=O)NCC2=CC=CO2,0,1
2977083,377.4,C19H23NO7,125,NULL,27,4,8,9,CC(CNCCOC1=CC(=CC=C1)OC2=CC=CC=C2)O.C(=O)(C(=O)O)O,0,2
2977357,361.4,C19H23NO6,116,NULL,26,4,7,8,CC(CNCCOC1=CC=CC=C1C2=CC=CC=C2)O.C(=O)(C(=O)O)O,0,2
2977842,299.32,C14H21NO6,116,NULL,21,4,7,7,CC1=CC=CC=C1OCCNCC(C)O.C(=O)(C(=O)O)O,0,2
2979337,372.4,C18H16N2O5S,120,3.2,26,1,8,7,COC1=CC(=CC(=C1)C2=NN=C(O2)SCC3=CC=C(C=C3)C(=O)O)OC,0,1
2979574,336.9,C19H26ClFN2,15.3,NULL,23,2,3,8,CCN(CC)C1=CC=C(C=C1)CNCCC2=CC=C(C=C2)F.Cl,0,2
2979626,360.4,C17H20N4O3S,81.3,1.6,25,1,5,4,CN1C2=C(C=C(C(=C2)NS(=O)(=O)C3=CC=CC=C3)N(C)C)N(C1=O)C,0,1
2980383,379.4,C16H12F3N5OS,109,3.2,26,2,8,5,C1=CC=C(C(=C1)C(F)(F)F)NC(=O)CSC2=NNC(=N2)C3=CC=NC=C3,0,1
2980702,328.4,C18H20N2O2S,82.4,4.3,23,2,3,5,CC1=C(C=CC(=C1)CCNC(=S)NC(=O)C2=CC=CC=C2)OC,0,1
2980875,291.4,C14H17N3S2,85,2.7,19,1,3,7,C=CCN1C(=NNC1=S)CCSCC2=CC=CC=C2,0,1
2981748,247.32,C12H13N3OS,82.2,1.7,17,2,3,3,CC1=C(N=CC=C1)NC(=S)NCC2=CC=CO2,0,1
2981778,335.5,C16H21N3OS2,94.2,3,22,1,4,8,CC1=C(C=CC(=C1)CSCCC2=NNC(=S)N2CC=C)OC,0,1
2981868,328.82,C13H17ClN4O2S,97.7,1.4,21,3,4,3,C1COCCN1CC(=O)NNC(=S)NC2=CC=C(C=C2)Cl,0,1
2983131,343.2,C16H20Cl2N2O2,43.4,NULL,22,2,4,7,CCOC1=C(C=C(C=C1Cl)CNCC2=CC=CC=N2)OC.Cl,0,2
2983154,318.8,C13H16ClFN2O2S,88.7,NULL,20,2,5,5,C1C(C(=O)N(C1=O)CC2=CC=C(C=C2)F)SCCN.Cl,0,2
2983954,233.27,C12H15N3O2,70.2,1.8,17,1,4,0,CC1=NC2=C(C=CC(=C2)[N+](=O)[O-])NC(C1)(C)C,0,1
2984719,297.82,C16H24ClNO2,29.5,NULL,20,1,3,5,CC1CCCN(C1)CCC(=O)C2=CC=C(C=C2)OC.Cl,0,2
2985399,318.32,C16H18N2O5,91.5,2.7,23,0,7,7,CCOC(=O)CC(=O)COC1=NC2=C(O1)N=C3CCCCC3=C2,0,1
2986969,326.14,C12H9Cl2N5O2,88.9,1.5,21,2,4,2,C1C(N2C(=NC=N2)NC1=O)C(=O)NC3=C(C=CC(=C3)Cl)Cl,0,1
2987515,300.35,C17H20N2O3,61.2,2.8,22,0,4,6,CC1=CC=C(C=C1)C(=O)CC(C(=O)OC)N2C(=CC(=N2)C)C,0,1
2988004,337.17,C14H13BrN2O3,61.2,2.3,20,0,4,6,COC(=O)C(CC(=O)C1=CC=C(C=C1)Br)N2C=CC=N2,0,1
2993447,286.9,C14H23ClN2S,31.8,NULL,18,1,3,4,CC1=CC=C(C=C1)SCCN2CCN(CC2)C.Cl,0,2
2996578,332.9,C19H25ClN2O,15.7,NULL,23,1,3,5,CN1CCN(CC1)CCOC2=CC=C(C=C2)C3=CC=CC=C3.Cl,0,2
2999664,374.8,C18H19ClN4O3,85.2,2.7,26,2,4,5,CCOC(=O)C1=C(NC(=O)NC1C2=C(N(N=C2C)C3=CC=CC=C3)Cl)C,0,1
3098256,330.25,C14H10N4O6,150,2,24,2,6,2,C1=CC=C(C(=C1)C(=O)NNC(=O)C2=CC=CC=C2[N+](=O)[O-])[N+](=O)[O-],0,1
3101511,263.36,C13H17N3OS,73.5,3.2,18,1,3,4,CCCCNC(=O)N(C)C1=NC2=CC=CC=C2S1,0,1
3112946,350.35,C14H14N4O5S,142,1.8,24,3,7,5,CC(=O)NC1=CC=C(C=C1)S(=O)(=O)NNC2=CC=C(C=C2)[N+](=O)[O-],0,1
3115297,239.3,C9H9N3OS2,107,1.4,15,1,5,0,CN1C=CC=CC1=C2C(=O)N(C(=S)S2)N,0,1
3117460,294.31,C16H14N4O2,77.6,3,22,1,5,3,CC1=NN(C(=O)C1N=NC2=CC(=CC=C2)O)C3=CC=CC=C3,0,1
3118907,337.4,C18H19N5O2,83.5,3.3,25,1,6,4,CC1=C(C(=O)N(N1C)C2=CC=CC=C2)N=NC3=CC(=C(C=C3)N)OC,0,1
3120451,298.29,C16H14N2O4,83.2,2.2,22,0,4,1,C1CC2C=CC1C3C2C(=O)N(C3=O)C4=CC=C(C=C4)[N+](=O)[O-],0,1
3124171,354.3,C18H14N2O6,124,2.4,26,2,6,3,CC(=O)C1=C(C(=O)N(C1C2=CC(=CC=C2)[N+](=O)[O-])C3=CC=C(C=C3)O)O,0,1
3127476,230.26,C9H18N4O3,96.7,-0.9,16,3,5,4,C1COCCN1CCCNC(=O)C(=O)NN,0,1
3131946,328.4,C17H20N4OS,97.3,4,23,4,3,4,CC1=CC(=C(C=C1)C)NCC(=O)NNC(=S)NC2=CC=CC=C2,0,1
3132650,329.4,C16H15N3O3S,112,3.1,23,3,4,3,COC1=CC=C(C=C1)C(=O)NNC(=S)NC(=O)C2=CC=CC=C2,0,1
3136671,313.35,C17H19N3O3,80.3,1.6,23,2,4,6,COC1=CC=C(C=C1)CCNC(=O)C(=O)NCC2=CC=CC=N2,0,1
3138364,231.32,C9H17N3O2S,102,1.7,15,3,3,4,CCCCCC(=O)NNC(=S)NC(=O)C,0,1
3140400,310.37,C14H18N2O4S,92.1,1.4,21,1,5,3,COC1=C(C=C(C=C1)C(=O)NC(=S)N2CCOCC2)OC,0,1
3140545,309.32,C17H15N3O3,80.2,2.2,23,2,3,3,CC1=C(C2=CC=CC=C2N1CC=C)C=C3C(=O)NC(=O)NC3=O,0,1
3148009,305.35,C14H15N3O3S,102,3.1,21,1,6,3,CC(C)(C)C1=NN=C(S1)NC(=O)C2=CC3=C(C=C2)OCO3,0,1
3148420,319.31,C15H17N3O5,105,0.6,23,1,5,3,C1CC2COC(C(=O)N2C1)CC(=O)NC3=CC=C(C=C3)[N+](=O)[O-],0,1
3152092,318.31,C13H10N4O4S,152,1.9,22,3,6,2,C1=CC(=CN=C1)C(=O)NC(=S)NC2=C(C=CC(=C2)[N+](=O)[O-])O,0,1
3154424,321.4,C19H19N3O2,70.7,3.9,24,1,4,1,CC1=CC(=C2C(=C1C)C3C=CCC3C(N2)C4=CC=CC=N4)[N+](=O)[O-],0,1
3154675,364.78,C16H17ClN4O4,112,1.9,25,5,6,4,CC1=C(C(=O)NN1)C(C2=CC(=C(C(=C2)Cl)O)OC)C3=C(NNC3=O)C,0,1
3155155,319.4,C15H17N3O3S,102,3.2,22,1,6,5,CCC(CC)C1=NN=C(S1)NC(=O)C2=CC3=C(C=C2)OCO3,0,1
3157044,297.3,C15H11N3O2S,70.3,2.3,21,2,5,2,C1=CC=C(C=C1)N2C(NC(=O)C(=C2S)C#N)C3=CC=CO3,0,1
3157307,295.3,C18H17NO3,46.6,3.3,22,0,3,5,CC1=CC2=C(C=C1)N(C(=O)C2=O)CCCOC3=CC=CC=C3,0,1
3157420,321.37,C15H23N5O3,70.9,0.7,23,0,5,5,CCOCCN1C2=C(N=C1N3CCCC3)N(C(=O)N(C2=O)C)C,0,1
3159538,294.31,C16H14N4O2,80.9,1.8,22,1,5,5,C1=CC=C(C=C1)C2=NOC(=N2)CCC(=O)NC3=CN=CC=C3,0,1
3160431,348.4,C16H20N4O3S,97,1.4,24,0,7,6,CN1CCN(CC1)C(=O)CSC2=NN=C(O2)COC3=CC=CC=C3,0,1
3160704,305.72,C13H12ClN5O2,88.9,1.3,21,2,4,2,CC1=C(C=C(C=C1)Cl)NC(=O)C2CC(=O)NC3=NC=NN23,0,1
3161106,329.76,C11H12ClN5O3S,116,1,21,2,6,5,CN(CC(=O)NC1=NC=NN1)S(=O)(=O)C2=CC=C(C=C2)Cl,0,1
3163272,357.4,C12H11N3O4S3,191,3.1,22,3,9,6,CSC1=NSC(=N1)SCC(=O)NC2=CC(=C(C=C2)O)C(=O)O,0,1
3163316,265.31,C16H15N3O,47.3,2.7,20,0,3,0,CC1(CC2=C(C=NC3=NC4=CC=CC=C4N23)C(=O)C1)C,0,1
3163451,304.4,C15H16N2O3S,84.5,1.6,21,1,4,5,CC1=CC(=NC=C1)NC(=O)CCS(=O)(=O)C2=CC=CC=C2,0,1
3163463,341.4,C13H15N3O4S2,135,0.4,22,1,7,7,COCC1=NN=C(S1)NC(=O)CCS(=O)(=O)C2=CC=CC=C2,0,1
3163865,317.4,C15H19N5OS,90.4,2.4,22,1,5,4,CC1=NC(=NN1)SCC(=O)N2CCN(CC2)C3=CC=CC=C3,0,1
3218639,331.5,C18H25N3OS,76.5,2.4,23,2,2,5,C1CC1C(=O)NC2CCN(CC2)C(=S)NCCC3=CC=CC=C3,0,1
3226531,355.5,C19H21N3O2S,90.5,2.8,25,1,4,3,CC1CC2=C(N1C(=O)C3CC3)C=CC(=C2)C4=C(SC(=N4)NC(=O)C)C,0,1
3229957,343.5,C18H25N5S,73.7,3.5,24,1,5,8,CCN(CC)CCCNC1=CC(=NC2=CC(=NN21)C3=CC=CS3)C,0,1
3270424,336.5,C17H24N2O3S,74.9,2.4,23,1,4,5,CCC(C)NC(=O)C1=CCN(CC1)S(=O)(=O)C2=CC=C(C=C2)C,0,1
3291503,287.4,C16H21N3S,68.5,3,20,2,2,4,C=CCNC(=S)NN=C1CCC(CC1)C2=CC=CC=C2,0,1
3301279,318.5,C17H26N4S,81.4,3.6,22,2,3,4,CCC(C)(C)C1CCC(=NNC(=S)NC2=CN=CC=C2)CC1,0,1
3322324,272.73,C15H13ClN2O,32.299,3.3,19,1,2,1,CN1C(NC(=O)C2=CC=CC=C21)C3=CC=C(C=C3)Cl,0,1
3345803,298.34,C17H18N2O3,82.2,4.4,22,2,5,4,CC1=CC(=C(C=C1N=NC2=CC=CC=C2C(=O)O)C(C)C)O,0,1
3349518,308.33,C17H16N4O2,74.7,0.8,23,1,4,4,C1CC(=O)N(N=C1C(=O)NCC2=CC=NC=C2)C3=CC=CC=C3,0,1
3374628,270.3,C15H11FN2S,47.4,3.2,19,1,2,2,C1=CC=C(C=C1)C2=CN(C(=S)N2)C3=CC=CC=C3F,0,1
3376520,338.75,C13H15ClN6O3,117,3.2,23,3,5,3,CC1=C(C(=CC=C1)Cl)NNC(=O)NC2=C(C(=NN2C)C)[N+](=O)[O-],0,1
3396611,369.5,C21H27N3OS,59.8,3,26,1,3,6,CN(C(C1=CC=CC=C1)C2=CC=CC=C2)C(=S)NCCN3CCOCC3,0,1
3417519,330.4,C17H22N4O3,100,3,24,3,4,4,CCC1CCC(CC1)C(=O)NNC(=O)C2=NNC(=C2)C3=CC=CO3,0,1
3457603,343.4,C17H17N3O3S,123,2.4,24,4,6,6,C1=CC=C2C(=C1)C=CC=C2NC3=NC(=CS3)C(=O)NCC(CO)O,0,1
3463564,274.31,C15H18N2O3,59.5,2.6,20,0,4,2,CC1CCCC(N1C(=O)C2=NOC(=C2)C3=CC=CO3)C,0,1
3486183,364.8,C15H13ClN4O3S,131,3.5,24,3,4,2,CC1=C(C=C(C=C1)NC(=S)NNC(=O)C2=CC(=CC=C2)[N+](=O)[O-])Cl,0,1
3490247,247.21,C11H9N3O4,100,2.3,18,2,5,3,C1=COC(=C1)C(=O)NNC2=CC=C(C=C2)[N+](=O)[O-],0,1
3495525,323.3,C17H13N3O4,115,3.3,24,3,6,4,CC1=C(C2=CC=CC=C2N1)N=NC3=CC(=CC(=C3)C(=O)O)C(=O)O,0,1
3524247,282.36,C13H18N2O3S,83.6,1.6,19,2,4,5,CC1=CC=C(C=C1)S(=O)(=O)NC(C)C(=O)NC2CC2,0,1
3593711,294.3,C17H14N2O3,75.2,4,22,0,4,1,CC1=C(C=C(C=C1)N=C2C(C(=O)C3=CC=CC=C32)[N+](=O)[O-])C,0,1
3598420,278.4,C13H14N2OS2,80.9,2.5,18,0,3,2,CSC1=CC=CC(=C1)N2C(=O)C3CCCN3C2=S,0,1
3598426,246.33,C13H14N2OS,55.6,2.4,17,0,2,1,CC1=CC(=CC=C1)N2C(=O)C3CCCN3C2=S,0,1
3600815,284.4,C16H13FN2S,47.4,3.6,20,1,2,2,CC1=CC=C(C=C1)C2=CN(C(=S)N2)C3=CC=CC=C3F,0,1
3607195,363.4,C21H17NO5,92.7,3.6,27,2,5,6,COC(=O)C(C1=CC2=CC=CC=C2C=C1)NC(=O)C3=CC=CC=C3C(=O)O,0,1
3610817,302.32,C16H18N2O4,79.6,1.5,22,0,5,4,CC1CN(CC(O1)C)C(=O)COC(=O)C2=CC=C(C=C2)C#N,0,1
3623353,345.4,C17H19N3O3S,101,1.9,24,2,5,4,C1CC2=CC=CC=C2N(C1)CC(=O)NC3=CC(=CC=C3)S(=O)(=O)N,0,1
3629808,298.4,C15H14N4OS,97.3,2.1,21,4,2,2,CC1=CC=C(C=C1)NC(=S)NC2=CC3=C(C=C2)NC(=O)N3,0,1
3655447,318.4,C15H18N4O2S,95.6,2.5,22,1,6,3,CC1CN(CC(O1)C)C2=NN=C(S2)NC(=O)C3=CC=CC=C3,0,1
3677278,249.3,C14H19NO3,66.4,2,18,2,3,5,CC(C)(C)C(=O)NC(CC(=O)O)C1=CC=CC=C1,0,1
3708238,326.4,C15H22N2O4S,86.3,-1.1,22,1,6,5,CC1=CC=C(C=C1)S(=O)(=O)N2CCN(CC2)C(C)CC(=O)O,0,1
3716818,390.5,C21H31N2O3P,53,3.4,27,1,5,9,CCCCOP(=O)(C1=CC=C(C=C1)N(C)C)C(C2=CC=C(C=C2)N(C)C)O,0,1
3732217,300.8,C16H13ClN2S,47.7,3.9,20,0,2,2,C1CC(=S)N(N=C1C2=CC=C(C=C2)Cl)C3=CC=CC=C3,0,1
3734626,378.5,C19H30N4O4,94.5,1,27,2,6,6,CCC(=NCCN1CCOCC1)C2=C(N(C(=O)NC2=O)C3CCCCC3)O,0,1
3792871,330.4,C15H14N4O3S,131,2.9,23,3,4,2,CC1=CC(=CC=C1)NC(=S)NNC(=O)C2=CC(=CC=C2)[N+](=O)[O-],0,1
3793088,308.29,C13H16N4O5,117,0.2,22,2,6,3,C1COCCN1CC(=O)NNC(=O)C2=CC=C(C=C2)[N+](=O)[O-],0,1
3803848,320.33,C12H12N6O3S,161,2.8,22,2,7,2,CC1=C(C=CC=C1[N+](=O)[O-])N=NC2=C(NN(C2=O)C(=S)N)C,0,1
3830863,292.2,C11H8N4O6,146,2.7,21,2,7,3,C1=COC(=C1)C(=O)NNC2=C(C=C(C=C2)[N+](=O)[O-])[N+](=O)[O-],0,1
3840446,385.2,C14H10Cl2N4O3S,131,3.8,24,3,4,2,C1=CC(=CC(=C1)[N+](=O)[O-])C(=O)NNC(=S)NC2=CC(=C(C=C2)Cl)Cl,0,1
3862719,307.37,C14H17N3O3S,89.4,1.2,21,1,5,4,CC1=C(C(=NN1C)C)NS(=O)(=O)C2=CC=C(C=C2)C(=O)C,0,1
3914317,334.4,C20H18N2O3,60.4,3.3,25,1,4,3,CC1=NC2=CC=CC=C2C(=C1)C(=O)NCC3COC4=CC=CC=C4O3,0,1
3927601,393.4,C22H23N3O4,74.6,2,29,1,6,6,CN(C)CCN=CC1=C(N(C(=O)C2=CC=CC=C21)CC3=CC4=C(C=C3)OCO4)O,0,1
3932902,373.4,C22H19N3O3,72.5,4.7,28,2,5,6,COC1=CC=CC=C1OCC(=O)NNC2=C3C=CC=CC3=NC4=CC=CC=C42,0,1
3955702,318.5,C19H30N2O2,32.8,3.4,23,0,4,10,CCN(CC)CCCN(CC1=CC=C(O1)C)CC2=CC=C(O2)C,0,1
3970790,329.4,C19H23NO4,55.8,2.4,24,0,5,5,CCC1=CC2=C(C=C1)C(=CC(=O)O2)CN3CCC(CC3)C(=O)OC,0,1
3975072,319.4,C16H21N3O2S,82.3,2.2,22,0,5,7,CC1=CC(=C(N1C(C)COC)C)C(=O)CSC2=NC=CC=N2,0,1
3996087,348.4,C16H20N4O3S,121,1,24,3,6,6,CCN(CCO)C1=CC=C(C=C1)N=CC2=C(N(C(=S)NC2=O)C)O,0,1
3998882,293.28,C16H11N3O3,95.1,3.6,22,2,6,3,C1=CC=C2C(=C1)C=C(C(=C2N=NC3=CN=CC=C3)O)C(=O)O,0,1
4000608,308.72,C13H13ClN4O3,96.1,2.1,21,3,4,4,CC1=CC(=NN1)C(=O)NNC(=O)COC2=CC=CC=C2Cl,0,1
4009084,302.4,C15H18N4OS,96,3.2,21,2,4,6,CCC1=CC=C(C=C1)C2=NC(=NN2)SCC(=O)NC3CC3,0,1
4020783,324.4,C18H16N2O2S,90.5,4.4,23,2,5,5,CC1=CC=C(C=C1)NC2=NC(=C(S2)CC(=O)O)C3=CC=CC=C3,0,1
4025289,324.3,C18H16N2O4,87.9,3.4,24,1,4,6,C1=CC=C2C(=C1)C(=CN2)CCC(=O)OCC3=CC(=CC=C3)[N+](=O)[O-],0,1
4034819,291.3,C19H17NO2,52.8,3.6,22,2,3,3,CC(C1=CC(=CC=C1)N=CC2=C(C3=CC=CC=C3C=C2)O)O,0,1
4055330,352.28,C13H8N2O8S,172,2,24,1,8,3,C1=CC(=CC=C1C(=O)O)S(=O)(=O)C2=C(C=C(C=C2)[N+](=O)[O-])[N+](=O)[O-],0,1
4064758,318.32,C16H18N2O5,113,0.8,23,3,5,8,C1=CC=C2C(=C1)C(C(=O)N2)C(=O)C(=O)NCCCCCC(=O)O,0,1
4077096,347.5,C16H17N3O2S2,105,2.2,23,1,5,3,C1COCCN1CCN2C(=O)C3=C(C4=CC=CC=C4S3)NC2=S,0,1
4078162,348.4,C17H20N2O4S,124,3.2,24,1,7,6,CCOC(=O)C1=C(OC(=C(C1C2=C(OC(=C2)SCC)C)C#N)N)C,0,1
4084352,321.33,C15H19N3O5,105,0.9,23,1,5,5,CCCN1CCOC(C1=O)CC(=O)NC2=CC=C(C=C2)[N+](=O)[O-],0,1
4124134,305.4,C20H23N3,31.9,3.8,23,1,2,3,CC1=C(C2=CC=CC=C2N1)C(C3=CC=NC=C3)N4CCCCC4,0,1
4133879,275.3,C14H17N3O3,78.5,0.2,20,2,4,5,CN(C)CCNC(=O)C(=O)C1C2=CC=CC=C2NC1=O,0,1
4152252,216.28,C13H16N2O,44.9,2,16,2,1,3,CCC(=O)NCC1=CC2=C(C=C1)NC(=C2)C,0,1
4172489,358.8,C18H15ClN2O4,91.7,2.2,25,3,6,5,C1=CC=C(C(=C1)C(C2=C(C(=O)C=C(O2)CO)O)NC3=CC=CC=N3)Cl,0,1
4172677,333.5,C18H27N3OS,77.7,4.1,23,2,3,4,CC(C)(C)C1CCC(=NNC(=S)NC2=CC(=CC=C2)OC)CC1,0,1
4178198,277.4,C13H15N3S2,85,3.2,18,1,3,5,CC1=CC=C(C=C1)SCC2=NNC(=S)N2CC=C,0,1
4232716,308.4,C13H12N2O3S2,129,3.1,20,1,5,5,C1=CC=C(C=C1)CNC(=O)CSC2=C(SC=C2)[N+](=O)[O-],0,1
4253052,322.4,C20H26N4,33.1,4.1,24,1,3,7,CCN1C=NC2=C1C=CC(=C2)NCC3=CC=C(C=C3)N(CC)CC,0,1
4289213,341.4,C18H19N3O2S,86.7,2.2,24,2,4,4,CN(C)CCNC(=O)C1=CC2=C(C=C1)SC3=CC=CC=C3C(=O)N2,0,1
4311510,317.5,C18H27N3S,68.5,4.7,22,2,2,4,CCC(C)(C)C1CCC(=NNC(=S)NC2=CC=CC=C2)CC1,0,1
4317267,263.21,C11H9N3O5,124,0.6,19,3,5,2,C1=CC(=CC=C1C2C=C(NC(=O)N2)C(=O)O)[N+](=O)[O-],0,1
4319882,298.4,C18H22N2O2,46.9,2.3,22,2,4,4,C1CN(CCN1CC(C2=CC=CC=C2)O)C3=CC=C(C=C3)O,0,1
4322809,240.3,C15H16N2O,45,4.4,18,1,3,2,CC1=CC(=C(C=C1)N=NC2=C(C=CC(=C2)C)O)C,0,1
4328626,303.4,C18H29N3O,44.4,2.7,22,2,3,9,CCN(CC)CCCNCC(=O)NC1=CC2=C(CCC2)C=C1,0,1
4358473,352.02,C10H12Br2N2O2,46.4,1,16,0,3,0,CC1=C([N+](=O)C2=C(N1[O-])C(CCC2Br)Br)C,0,1
4401768,215.2,C10H11F2NO2,63.3,-0.8,15,2,5,4,C1=CC=C(C=C1)C(C(C(=O)O)N)C(F)F,0,1
4403215,294.3,C17H14N2O3,75.3,2.1,22,2,3,3,CC1=CC(=CC=C1)NC(=O)C(=O)C2C3=CC=CC=C3NC2=O,0,1
4412491,344.5,C18H24N4OS,81.5,3,24,2,4,3,CC1=CC(=NC2=C1C=C(C=C2)NC(=S)NC(C)C)N3CCOCC3,0,1
4417481,323.8,C14H14ClN3O2S,92.4,2.9,21,1,5,4,C1CC(OC1)C(=O)NC2=NN=C(S2)CC3=CC=C(C=C3)Cl,0,1
4439411,326.26,C12H14N4O7,142,0.9,23,1,7,2,COC1=CC(=CC(=C1NC(=O)N2CCOCC2)[N+](=O)[O-])[N+](=O)[O-],0,1
4521307,285.77,C16H16ClN3,29.8,3.8,20,1,2,4,CCN1C=NC2=C1C=CC(=C2)NCC3=CC=CC=C3Cl,0,1
4534698,286.28,C11H9F3N4S,91.9,4,19,1,8,2,CC1=C(SC(=N1)N)N=NC2=CC=CC=C2C(F)(F)F,0,1
4549492,324.4,C19H20N2O3,63.4,3.2,24,2,3,5,CC1=CC2=C(N1)C=CC(=C2)CNC(=O)C3=CC(=C(C=C3)OC)OC,0,1
4552417,338.34,C13H14N4O5S,133,-0.8,23,3,6,4,CN(C)S(=O)(=O)C1=CC=CC(=C1)NC(=O)C2=CC(=O)NC(=O)N2,0,1
4554856,334.33,C14H11FN4O3S,131,2.6,23,3,5,2,C1=CC(=CC(=C1)[N+](=O)[O-])C(=O)NNC(=S)NC2=CC=C(C=C2)F,0,1
4573708,329.28,C12H11NO8S,141,0.9,22,0,8,4,CS(=O)(=O)C1=C(C=C(C=C1)C(=O)OC2CCOC2=O)[N+](=O)[O-],0,1
4578247,343.27,C16H10FN3O5,128,3.2,25,3,6,3,C1=CC=C2C(=C1)C(=C(N2)O)C(=O)C(=O)NC3=CC(=C(C=C3)F)[N+](=O)[O-],0,1
4604093,354.38,C14H18N4O5S,140,2.3,24,0,9,7,CC(C)SC1=CC(=C(C2=NON=C12)[N+](=O)[O-])N(C)CCOC(=O)C,0,1
4617176,323.4,C20H25N3O,39.1,4.1,24,1,3,6,CCOC1=CC=C(C=C1)CNC2=CC3=C(C=C2)N(C=N3)C(C)(C)C,0,1
4661929,305.4,C16H23N3OS,77.7,2.2,21,2,3,5,COCCNC(=S)NN=C1CCC(CC1)C2=CC=CC=C2,0,1
4681631,331.5,C18H25N3OS,67.7,2.4,23,1,2,3,CC1CC(NC(=S)N1CCC(=O)N2CCC3=CC=CC=C32)(C)C,0,1
4681922,290.32,C13H18N6O2,82.8,0.5,21,1,5,2,CN1C2=C(N=C1NN=C3CCCC3)N(C(=O)N(C2=O)C)C,0,1
4782331,359.5,C21H33N3O2,52.6,3.5,26,1,3,5,CC1CC(CN(C1)C(=O)C(C)N(C)CC(=O)NC2=C(C=CC(=C2)C)C)C,0,1
4784514,300.33,C13H14F2N2O2S,59.5,1.8,20,1,5,4,CC1=CC=C(N1C)CNS(=O)(=O)C2=CC(=C(C=C2)F)F,0,1
4787851,333.4,C17H19NO4S,80.8,2.3,23,1,4,6,CC1=CC=C(C=C1)S(=O)(=O)CC(=O)NCC2=CC=CC=C2OC,0,1
4790851,278.3,C14H18N2O4,67.9,0.8,20,1,4,3,CC1=C(C=C(C=C1OC)C(=O)N2CCNC(=O)C2)OC,0,1
4796551,331.5,C18H25N3OS,63.8,3.2,23,1,4,8,CCN(CC)C1=CC=C(C=C1)NC(=O)CN(C)CC2=CC=CS2,0,1
4799556,334.9,C19H27ClN2O,32.299,4.3,23,1,2,4,C1CCC(CC1)(CNC(=O)C2=CC(=CC=C2)Cl)N3CCCCC3,0,1
4799617,320.4,C15H20N4O2S,83.6,1.5,22,1,6,7,CCN(CC)S(=O)(=O)C1=CN=C(C=C1)NCC2=CC=CC=N2,0,1
4826079,377.8,C21H16ClN3O2,65.8,3.6,27,1,4,3,C1C(N(N=C1C2=CC=C(C=C2)Cl)C(=O)C3=CC=NC=C3)C4=CC=CC=C4O,0,1
4827271,336.74,C16H14ClFN2O3,62.6,1.6,23,1,4,4,C1C(CN(C1=O)CC2=CC=CO2)C(=O)NC3=C(C=C(C=C3)Cl)F,0,1
4833334,321.4,C15H19N3O3S,109,0.8,22,2,4,3,C1CC(CN(C1)C(=S)NCC2=CC3=C(C=C2)OCO3)C(=O)N,0,1
4842920,312.4,C16H16N4OS,85.1,2.8,22,1,4,4,CC(C(=O)NC1=CC2=CC=CC=C2C=C1)SC3=NN=CN3C,0,1
4851674,359.4,C17H13NO6S,129,2.4,25,1,6,4,CC(C(=O)N)OC(=O)C1=CC2=C(C=C1)C(=O)C3=CC=CC=C3S2(=O)=O,0,1
4875555,337.8,C18H21ClFNO2,32.7,3.2,23,1,4,8,CN(CC1=CC(=CC=C1)F)CC(COCC2=CC=CC=C2Cl)O,0,1
4877770,228.31,C10H16N2O2S,79.5,2,15,1,5,5,CC1=C(SC(=N1)NC(C)COC)C(=O)C,0,1
4879084,336.5,C15H20N4OS2,134,3.1,22,2,6,6,CC1=CC(=C(C(=C1)C)NC(=O)CCCSC2=NN=C(S2)N)C,0,1
4879291,360.4,C15H16N6O3S,135,0.6,25,2,6,4,CC1(C(=O)N(C(=O)N1)NC(=O)CSC2=NN=CN2C)C3=CC=CC=C3,0,1
4879889,264.32,C17H16N2O,33.2,2.5,20,0,2,2,C1CN(CC=C1C2=CC=CC=C2)C(=O)C3=CC=CC=N3,0,1
4884632,333.4,C21H23N3O,28.6,4.6,25,0,4,3,CC1=CC(=NC2=CC=CC=C12)N3CCN(CC3)C4=CC=C(C=C4)OC,0,1
4885704,353.4,C17H12FN5OS,92.4,2.3,25,1,5,3,C1=CC=C2C(=C1)C=NN(C2=O)CC3=NNC(=S)N3C4=CC=CC=C4F,0,1
4894358,302.37,C16H22N4O2,59.4,0.5,22,1,4,5,CCC(=O)NC1=CC2=C(C=C1)N3CCN(CC3=N2)CCOC,0,1
4895764,241.28,C15H15NO2,40.5,2.9,18,1,3,1,CN1CC(CC2=C1C=CC3=CC=CC=C23)C(=O)O,0,1
4896989,337.5,C20H27N5,46,3.5,25,1,4,7,CC1=C(N(C2=NC=NC(=C12)NCC3=CC=CC=C3)CCCN(C)C)C,0,1
4903173,337.4,C19H19N3O3,71,2,25,1,4,6,COC1=CC=C(C=C1)NC(=O)CCCN2C=NC3=CC=CC=C3C2=O,0,1
4905097,316.4,C17H24N4O2,59.4,0.9,23,1,4,6,CCCC(=O)NC1=CC2=C(C=C1)N3CCN(CC3=N2)CCOC,0,1
4916601,324.4,C19H20N2O3,67.4,2.3,24,2,3,5,C1CC(OC1)C(=O)NC2=CC=C(C=C2)C(=O)NCC3=CC=CC=C3,0,1
4966754,322.4,C12H14N6OS2,163,2.2,21,3,7,3,CC1=C(SC2=C1C(=O)NC(=N2)C(C)SC3=NNC(=N3)N)C,0,1
4967371,269.75,C11H12ClN3OS,76.5,1.5,17,2,2,1,C1CN(CC(=O)N1)C(=S)NC2=CC=CC=C2Cl,0,1
5076145,237.64,C9H8ClN5O,72.7,1.4,16,1,4,2,CN1C(=NN=N1)NC(=O)C2=CC=CC=C2Cl,0,1
5085666,329.4,C18H19NO3S,91.7,3.9,23,2,4,6,CCCC(=O)NC1=C(C=CC(=C1)C(=O)O)SC2=CC=C(C=C2)C,0,1
5183666,235.28,C12H17N3O2,84.6,0.9,17,2,3,1,C1C2CC3CC1CC(C2)C3=NNC(=O)C(=O)N,0,1
5187768,315.8,C14H18ClNO3S,80.7,2.8,20,1,4,7,CCOC(=O)C1=CC=C(C=C1)NC(=O)C(C)(CCl)SC,0,1
5234951,305.4,C16H23N3OS,76.5,2.2,21,2,3,5,CCN1CCCC1CNC(=S)NC2=CC=C(C=C2)C(=O)C,0,1
5237831,313.35,C17H19N3O3,80.3,0.7,23,2,4,7,COC1=CC=C(C=C1)CNC(=O)CCC(=O)NC2=CN=CC=C2,0,1
5243424,340.5,C22H32N2O,28.4,4.2,25,1,2,4,CC1CCCCN1CC(CN2C3=C(CCCC3)C4=C2C=CC(=C4)C)O,0,1
5334957,322.4,C19H18N2O3,63.8,4.3,24,1,4,5,CC1=CC=C(O1)C=NNC(=O)C(C)OC2=CC=CC3=CC=CC=C32,0,1
5336363,282.34,C16H18N4O,57.6,2.1,21,1,4,4,CC(=NNC(=O)C1=CC=C(C=C1)N(C)C)C2=CN=CC=C2,0,1
5338349,297.8,C13H16ClN3OS,70,2.3,19,1,4,4,C1CSCCN1CC(=O)NN=CC2=CC=C(C=C2)Cl,0,1
5342643,314.4,C15H14N4O2S,109,3.1,22,2,5,5,CC1=CC=C(O1)C=NNC(=O)CSC2=NC3=CC=CC=C3N2,0,1
5342883,324.4,C18H20N4O2,64.7,3.3,24,0,5,4,C1CN(CCN1CC2=CC=CC=C2)N=CC3=CC=CC=C3[N+](=O)[O-],0,1
5342900,313.8,C18H20ClN3,18.8,4.1,22,0,3,4,C1CN(CCN1CC2=CC=CC=C2)N=CC3=CC=C(C=C3)Cl,0,1
5342960,297.4,C18H20FN3,18.8,3.5,22,0,4,4,C1CN(CCN1CC2=CC=CC=C2)N=CC3=CC=C(C=C3)F,0,1
5342978,316.4,C20H20N4,31.7,4.2,24,0,4,3,C1CN(CCN1C2=CC=CC=N2)N=CC3=CC=CC4=CC=CC=C43,0,1
5343150,313.8,C18H20ClN3,18.8,4.1,22,0,3,4,C1CN(CCN1CC2=CC=CC=C2)N=CC3=CC(=CC=C3)Cl,0,1
5343152,299.28,C14H13N5O3,116,1.9,22,2,5,4,C1CC1C2=CC(=NN2)C(=O)NN=CC3=CC=C(C=C3)[N+](=O)[O-],0,1
5343521,316.8,C17H21ClN4,23.8,3.1,22,0,3,4,CN1C=CC=C1C=NN2CCN(CC2)CC3=CC=C(C=C3)Cl,0,1
5344887,327.34,C16H17N5O3,106,0.6,24,2,6,6,CC(=NNC(=O)C1=NC=CN=C1)CC(=O)NC2=CC=C(C=C2)OC,0,1
5345146,346.4,C21H22N4O,59.3,3.7,26,1,3,4,CC1=C(C=C(C=C1)N2C(=CC(=C2C)C=NNC(=O)C3=CC=NC=C3)C)C,0,1
5346375,262.35,C14H22N4O,72.4,1.9,19,2,2,3,CC1=CC(=C(N1C2CCCCC2)C)C=NNC(=O)N,0,1
5348015,304.3,C15H16N2O5,105,0.8,22,3,5,7,C1=COC(=C1)C=C(C(=O)NCCCO)NC(=O)C2=CC=CO2,0,1
5348038,318.28,C15H14N2O6,122,0.7,23,3,6,7,C1=COC(=C1)C=C(C(=O)NCCC(=O)O)NC(=O)C2=CC=CO2,0,1
5348148,290.27,C14H14N2O5,105,0.5,21,3,5,6,C1=COC(=C1)C=C(C(=O)NCCO)NC(=O)C2=CC=CO2,0,1
5348412,332.4,C16H20N4O2S,95.1,3.2,23,1,7,8,CCOC(=O)CC1=CSC(=N1)NN=CC2=CC=C(C=C2)N(C)C,0,1
5363971,275.26,C14H13NO5,74.2,1.6,20,0,6,4,CC1=NC(=CC2=CC(=C(C=C2)OC)OC(=O)C)C(=O)O1,0,1
5397104,288.3,C19H16N2O,32.7,4,22,0,2,3,CC1=NN(C(=O)C1=CC=CC2=CC=CC=C2)C3=CC=CC=C3,0,1
5399511,336.11,C14H7BrFNO3,51.8,3.8,20,0,5,2,C1=CC(=CC=C1C2=NC(=CC3=CC=C(O3)Br)C(=O)O2)F,0,1
5400948,322.4,C20H22N2O2,50.7,4.1,24,1,4,5,C1CCC(=NNC2=CC=C(C=C2)OCC3=CC=CC=C3)C(=O)CC1,0,1
5402580,310.35,C17H18N4O2,64.7,3.5,23,0,5,3,C1CN(CCN1C2=CC=CC=C2)N=CC3=CC=CC=C3[N+](=O)[O-],0,1
5402872,240.26,C13H12N4O,67.2,1.2,18,1,4,3,CC(=NNC(=O)C1=CC=CC=N1)C2=CC=NC=C2,0,1
5407706,308.33,C14H13FN2O3S,76.1,2.6,21,1,6,5,COC1=CC=C(C=C1)S(=O)(=O)NN=CC2=CC=CC=C2F,0,1
5423405,278.3,C15H10N4S,106,2.6,20,2,3,1,C1=CC=C2C(=C1)C3=C(C=CC=C3C2=NNC(=S)N)C#N,0,1
5424189,313.4,C17H15NO3S,94.6,4,22,2,4,4,C1CC2=C(C1)SC(=C2C(=O)O)NC(=O)C=CC3=CC=CC=C3,0,1
5437799,352.4,C21H24N2O3,62.6,3.6,26,1,3,4,CC1CCN(CC1)C(=O)C(=CC2=CC=CO2)NC(=O)C3=CC=C(C=C3)C,0,1
5473672,218.28,C10H10N4S,78.4,2.2,15,1,5,3,CC1=CSC(=N1)NN=CC2=CN=CC=C2,0,1
5591715,207.3,C10H13N3S,59.7,1.5,14,1,1,2,CN1C=CC=CC1=NC(=S)NCC=C,0,1
5601537,317.77,C16H16ClN3O2,64.099,3.7,22,1,5,6,CC1=C(C(=NC(=N1)NCC2=CC=CC=C2)Cl)C=CC(=O)OC,0,1
5650290,319.4,C16H17NO4S,81.2,3.3,22,0,5,4,CC1=CC(=NOS(=O)(=O)C2=CC=CC=C2)C(=CC1=O)C(C)C,0,1
5663704,291.32,C14H13NO4S,81.2,2.5,20,0,5,3,CC1=CC(=NOS(=O)(=O)C2=CC=CC=C2)C(=CC1=O)C,0,1
5668656,288.13,C11H11Cl2N3O2,53.9,3.2,18,1,4,2,CN1CCOC(=O)C1=NNC2=C(C=CC(=C2)Cl)Cl,0,1
5678845,329.3,C12H6F3N3OS2,114,2.6,21,2,7,1,C1=CSC(=C1)C2=NC3=C(C(=C2)C(F)(F)F)C(=O)NC(=S)N3,0,1
5702484,245.15,C10H6F3NO3,66.4,1.2,17,2,6,3,C1=CC(=C(C(=C1NC(=O)C=CC(=O)O)F)F)F,0,1
5703613,319.4,C20H21N3O,35.6,2.8,24,1,3,2,CN1CCN(CC1)C2=CC=CC=C2C=C3C4=CC=CC=C4NC3=O,0,1
5713747,227.16,C10H7F2NO3,66.4,0.5,16,2,5,3,C1=CC(=C(C(=C1)F)NC(=O)C=CC(=O)O)F,0,1
5713776,273.74,C14H8ClNOS,69.1,4,18,0,3,3,C1=CC=C(C(=C1)C(=O)C(=CC2=CC=CS2)C#N)Cl,0,1
5714323,262.69,C13H11ClN2O2,54.3,2.6,18,2,2,3,C1=CC(=CC(=C1)Cl)NC(=O)NC=CC2=CC=CO2,0,1
5714498,325.24,C14H10F3N3O3,84.2,1.8,23,2,7,4,C1=CC(=CC=C1NC(=O)C=CC(=O)O)N2C=CC(=N2)C(F)(F)F,0,1
5715093,277.32,C17H15N3O,53.5,3.1,21,2,2,2,CC1=CC=C(C=C1)C=C2C(=O)NNC(=N2)C3=CC=CC=C3,0,1
5721691,273.37,C17H23NO2,29.5,3.1,20,0,3,6,CCOC(=O)C1CCCN(C1)CC=CC2=CC=CC=C2,0,1
5721711,309.4,C21H27NO,12.5,5.1,23,0,2,9,CCCCN(CC=CC1=CC=CC=C1OC)CC2=CC=CC=C2,0,1
5723885,286.4,C11H14N2O3S2,108,2.2,18,1,5,5,CCOC(=S)NC(=NS(=O)(=O)C)C1=CC=CC=C1,0,1
5734058,352.18,C15H14BrNO4,57.1,3.5,21,0,5,5,CC1=NOC(=O)C1=CC2=CC(=C(C(=C2)Br)OCC=C)OC,0,1
5736368,293.79,C16H20ClNO2,29.5,NULL,20,1,3,4,C1CN2CCC1C(C2)OC(=O)C=CC3=CC=CC=C3.Cl,0,2
5741582,312.28,C16H12N2O5,101,2.8,23,1,5,4,C1=CC=C2C(=C1)C(=CN2CC3=CC=C(O3)C(=O)O)C=C[N+](=O)[O-],0,1
5758422,304.21,C12H8N4O6,150,1.2,22,2,6,2,C1=CC(=CC(=C1)[N+](=O)[O-])C=CC2=C(C(=O)NC(=O)N2)[N+](=O)[O-],0,1
5765225,354.4,C20H22N2O4,71.8,2.4,26,1,4,4,CC1CN(CC(O1)C)C(=O)C(=CC2=CC=CO2)NC(=O)C3=CC=CC=C3,0,1
5765235,310.3,C18H18N2O3,62.6,2.4,23,1,3,4,C1CCN(C1)C(=O)C(=CC2=CC=CO2)NC(=O)C3=CC=CC=C3,0,1
5765239,338.4,C20H22N2O3,62.6,3.2,25,1,3,4,CC1CCCN(C1)C(=O)C(=CC2=CC=CO2)NC(=O)C3=CC=CC=C3,0,1
5766424,323.3,C17H13N3O4,86.4,2.8,24,0,4,2,CN1C(=O)C(=CC2=CC(=CC=C2)[N+](=O)[O-])C(=O)N1C3=CC=CC=C3,0,1
5771217,298.34,C17H18N2O3,71.3,2,22,2,3,5,CC1=CC=C(O1)C=C(C(=O)NCC2=CC=CC=C2)NC(=O)C,0,1
5805572,303.4,C15H17N3O2S,79.8,2.4,21,1,5,4,CC1=CC(=C(C=C1)C)S(=O)(=O)NN=C(C)C2=CC=NC=C2,0,1
5837855,328.24,C13H8N6O5,148,1.9,24,0,8,3,C1=C(OC(=C1)C2=CC(=CC(=C2)[N+](=O)[O-])[N+](=O)[O-])C=NN3C=NN=C3,0,1
5877648,307.37,C13H17N5O2S,141,-0.1,21,4,4,5,CC(=NNC(=S)N)CC(=O)NC1=CC=C(C=C1)NC(=O)C,0,1
5887564,320.14,C14H10BrNO3,47.9,3,19,0,4,3,CC1=NOC(=O)C1=CC2=CC(=C(C=C2)OCC#C)Br,0,1
5899215,269.28,C11H11NO5S,121,1.6,18,2,6,5,CC1=CSC(=C1NC(=O)C=CC(=O)O)C(=O)OC,0,1
5899216,274.07,C8H8BrN3O3,84.2,0.2,15,2,4,3,CN1C=C(C(=N1)NC(=O)C=CC(=O)O)Br,0,1
5914340,382.4,C20H18N2O6,114,2.1,28,3,6,6,CC(=O)NC(=CC1=CC2=C(C=C1)OCO2)C(=O)NC(C3=CC=CC=C3)C(=O)O,0,1
5916340,371.4,C21H17N5O2,100,4.4,28,1,7,6,CC1=NC=CC(=N1)C2=CC(=CC=C2)NN=C(C#N)C(=O)C3=CC(=CC=C3)OC,0,1
5920337,301.4,C15H15N3O2S,91.8,3.7,21,1,6,5,CCOC(=O)C1=CSC(=N1)NN=C2CCC3=CC=CC=C32,0,1
5922300,330.34,C16H18N4O4,101,3.1,24,1,5,5,CC(C)(C)OC(=O)NN=CC1=CC=CN1C2=CC=C(C=C2)[N+](=O)[O-],0,1
5926233,243.33,C10H17N3O2S,109,0.5,16,2,4,4,CC1CC(C(=O)O1)CCC(=NNC(=S)N)C,0,1
5930567,382.4,C20H22N4O4,105,4.1,28,2,7,9,COC1=CC=C(C=C1)NN=C(C#N)C(=O)NCCC2=CC(=C(C=C2)OC)OC,0,1
5933304,323.29,C14H8F3N3OS,93.5,4.7,22,1,8,4,C1=CC(=CC(=C1)NN=C(C#N)C(=O)C2=CSC=C2)C(F)(F)F,0,1
5945234,316.4,C16H13FN2O2S,87,3.7,22,2,6,3,C1CSC2=C(C1=NNC3=CC=C(C=C3)C(=O)O)C=C(C=C2)F,0,1
5967432,333.5,C20H31NO3,41.9,4,24,1,4,7,CC=CC1=CC(=C(C=C1)OCC(CN2CCCCCCC2)O)OC,0,1
5979198,326.4,C19H22N2O3,59.9,3.8,24,1,4,7,CCCC(=NNC(=O)C1=CC(=C(C=C1)OC)OC)C2=CC=CC=C2,0,1
5998911,275.68,C14H10ClNO3,47.9,2.9,19,0,4,3,CC1=NOC(=O)C1=CC2=CC(=C(C=C2)OCC#C)Cl,0,1
6005618,254.24,C14H10N2O3,75.8,2.4,19,0,4,3,C1=CC(=CN=C1)C=CC(=O)C2=CC=C(C=C2)[N+](=O)[O-],0,1
6005666,289.4,C16H23N3S,68.5,3.7,20,2,2,4,CC(=NNC(=S)NCC1=CC=CC=C1)C2CCCCC2,0,1
6016253,273.28,C15H15NO4,57.1,2.8,20,0,5,5,CC1=NOC(=O)C1=CC2=CC(=C(C=C2)OCC=C)OC,0,1
6020755,349.3,C18H15N5O3,105,3,26,1,5,4,CN1C=CN=C1C(=NNC(=O)C2=CC=CC=C2)C3=CC(=CC=C3)[N+](=O)[O-],0,1
6022673,337.8,C17H24ClN3O2,53.9,5.5,23,1,4,7,CCOC(=O)C(=NNC1=CC=CC=C1Cl)N(C)C2CCCCC2,0,1
6025484,251.66,C12H10ClNO3,47.9,2.8,17,0,4,2,CC1=NOC(=O)C1=CC2=CC(=C(C=C2)OC)Cl,0,1
6031301,305.71,C15H12ClNO4,57.1,2.9,21,0,5,4,CC1=NOC(=O)C1=CC2=CC(=C(C(=C2)Cl)OCC#C)OC,0,1
6079531,261.39,C14H19N3S,68.5,3,18,2,2,4,CC(C)NC(=S)NN=C(C)C=CC1=CC=CC=C1,0,1
6087851,323.3,C19H17NO4,55.8,3,24,0,4,4,CCOC=C1C2=CC=CC=C2C(=O)N(C1=O)C3=CC=CC=C3OC,0,1
6116726,352.4,C20H20N2O4,79.7,2.1,26,1,5,5,CC1=CC=C(C=C1)C(=C2C(N(C(=O)C2=O)CCOC)C3=CC=CC=N3)O,0,1
6147822,290.34,C13H14N4O2S,111,3.8,20,1,6,3,CC1=C(SC(=N1)NN=C(C)C2=CC(=CC=C2)[N+](=O)[O-])C,0,1
6213405,267.3,C16H13NOS,61.4,4.4,19,1,3,2,CC1=CC=C(S1)C=CC2=NC3=C(C=CC=C3O)C=C2,0,1
6215397,267.28,C15H13N3O2,74.5,2,20,1,4,3,CC1=C(C(=O)NN=C1C=CC2=CC=C(C=C2)OC)C#N,0,1
6215544,341.4,C20H20FNO3,49.8,3.3,25,1,5,5,CCC1=CC2=C(C=C1O)OC(=O)C=C2CN(C)CC3=CC=CC=C3F,0,1
6223967,262.3,C14H18N2O3,76.5,0.7,19,1,3,3,CC1=CC=C(O1)C=CC(=O)N2CCCC(C2)C(=O)N,0,1
6255227,359.4,C21H17N3O3,95.1,2.8,27,2,4,6,C1=CC=C(C=C1)CNC(=O)C(=CC2=CN(C3=CC=CC=C32)CC(=O)O)C#N,0,1
6271044,275.68,C14H10ClNO3,47.9,2.9,19,0,4,3,CC1=NOC(=O)C1=CC2=C(C=CC(=C2)Cl)OCC#C,0,1
6273921,312.32,C17H16N2O4,73.1,2.4,23,1,5,4,CC(=NNC(=O)C1COC2=CC=CC=C2O1)C=CC3=CC=CO3,0,1
6289442,206.2,C10H10N2O3,62.6,0.8,15,1,3,1,CC1=CC=C(O1)C=C2C(=O)NC(=O)N2C,0,1
6295152,316.4,C19H28N2O2,41.6,3.2,23,1,3,7,COC1=CC=C(C=C1)C=CC(=O)NCCCN2CCCCCC2,0,1
6295909,332.4,C16H16N2O4S,118,1.8,23,3,5,4,CC1=CC=C(C=C1)C=CC(=O)NC2=C(C=CC(=C2)S(=O)(=O)N)O,0,1
6371077,275.4,C15H21N3S,68.5,3.6,19,2,2,2,CC1CCCCC1=NNC(=S)NC2=CC=C(C=C2)C,0,1
6372114,285.4,C16H19N3S,68.5,3.3,20,2,2,2,CC1=C(C(=CC=C1)C)NC(=S)NN=C2CC3C2C=CC3,0,1
6377750,307.4,C21H25NO,12.5,4.4,23,0,2,9,COCCN(CC=CC1=CC=CC=C1)CC=CC2=CC=CC=C2,0,1
6383479,291.3,C18H17N3O,46.1,1.5,22,0,4,2,CN1CC(=CC2=CC=NC=C2)C(=O)C(=CC3=CC=NC=C3)C1,0,1
6392166,266.36,C13H18N2O2S,66.9,2.5,18,1,4,3,CC1CCCC(=NNS(=O)(=O)C2=CC=CC=C2)C1,0,1
6401048,287.32,C14H17N5O2,93.7,2.1,21,2,6,5,COC1=CC=C(C=C1)NN=C(C#N)C(=N)N2CCOCC2,0,1
6407080,306.4,C16H26N4O2,77,2.2,22,3,5,10,CN(C)CCCNCCCNC(=O)C(=NO)C1=CC=CC=C1,0,1
6409881,277.71,C12H12ClN5O,78.9,2.1,19,3,4,3,CC1=NN=C(C=C1)NNC(=O)NC2=CC=C(C=C2)Cl,0,1
6409933,393.5,C25H23N5,45.2,4.6,30,0,5,4,C1CN(CCN1C2=CC=CC=C2)C3=NC(=C(N=N3)C4=CC=CC=C4)C5=CC=CC=C5,0,1
6411115,291.4,C11H9N5OS2,137,2.1,19,2,6,4,C1=CC=C2C(=C1)N=C(S2)NC(=O)CSC3=NNN=C3,0,1
6411122,313.4,C10H11N5O3S2,165,-0.1,20,3,7,5,C1=CC(=CC=C1NC(=O)CSC2=NNN=C2)S(=O)(=O)N,0,1
6456870,297.35,C17H19N3O2,71.1,2.2,22,2,3,6,CC1=CC=CC=C1C(=O)NCCCNC(=O)C2=CC=CC=N2,0,1
6457998,248.31,C11H12N4OS,96,1.7,17,2,4,4,CC1=CC(=CC=C1)NC(=O)CSC2=NNN=C2,0,1
6459118,302.28,C11H9F3N4OS,96,2.2,20,2,7,4,C1=CC=C(C(=C1)C(F)(F)F)NC(=O)CSC2=NNN=C2,0,1
6459213,234.28,C10H10N4OS,96,1.7,16,2,4,3,CSC1=CC=CC=C1C(=O)NC2=NC=NN2,0,1
6460553,343.5,C13H17N3O2S3,134,3.3,21,1,7,7,CCC(C)SC1=NN=C(S1)NS(=O)(=O)CC2=CC=CC=C2,0,1
6460661,294.33,C12H14N4O3S,114,1.3,20,2,6,6,COC1=C(C=C(C=C1)NC(=O)CSC2=NNN=C2)OC,0,1
6461514,291.34,C16H21NO4,48,3,21,0,4,4,CCC1CCCCN1C(=O)COC2=CC3=C(C=C2)OCO3,0,1
6461752,248.31,C11H12N4OS,96,1.7,17,2,4,4,CC1=CC=C(C=C1)NC(=O)CSC2=NNN=C2,0,1
6463672,320.8,C17H21ClN2O2,40.6,2.4,22,0,2,2,CC1CCCN(C1)C(=O)C2CC(=O)N(C2)C3=CC=C(C=C3)Cl,0,1
6464045,318.8,C17H16ClFN2O,38.1,NULL,22,2,4,5,C1=CC=NC(=C1)CNCC2=CC=C(O2)C3=CC=C(C=C3)F.Cl,0,2
6464408,298.4,C16H14N2O2S,83.4,3.2,21,1,4,4,CC1=CC(=CC=C1)C2=NC(=CS2)CNC(=O)C3=CC=CO3,0,1
6464693,418.5,C20H26N4O4S,112,3,29,1,8,8,CCOC(=O)C1=C(N=C(S1)NC(=O)CN2CCN(CC2)C3=CC=C(C=C3)OC)C,0,1
6464895,338.33,C16H17F3N4O,41.4,2.5,24,0,6,2,CN1C(=CC=N1)C(=O)N2CCN(CC2)C3=CC=CC(=C3)C(F)(F)F,0,1
6466593,327.31,C16H14FN5O2,92.8,2.5,24,2,6,5,CC(C(=O)NC1=CC=CC(=C1)C2=NNN=N2)OC3=CC=C(C=C3)F,0,1
6467563,283.4,C12H21N5OS,89.6,1,19,1,6,5,CCC1=NN=C(S1)NC(=O)CN2CCN(CC2)CC,0,1
6468644,298.4,C16H14N2O2S,83.4,3.2,21,1,4,4,CC1=CC=C(C=C1)C2=NC(=CS2)CNC(=O)C3=CC=CO3,0,1
6468925,354.2,C15H16BrNO4,75.6,1.9,21,2,4,3,CC1=C(C=CC(=C1)Br)NC(=O)C2C3CCC(C2C(=O)O)O3,0,1
6468972,323.4,C13H13N3O3S2,135,2.8,21,1,7,6,CC1=CC(=C(S1)NC(=O)CSC2=NC=CC=N2)C(=O)OC,0,1
6469418,296.32,C17H16N2O3,50.8,2.9,22,1,3,1,C1CC2=CC=CC=C2N(C1)C(=O)NC3=CC4=C(C=C3)OCO4,0,1
6469722,323.3,C19H17NO4,64.599,2.6,24,1,4,4,CC1=CC(=O)OC2=C1C=CC(=C2)NC(=O)CC3=CC=CC=C3OC,0,1
6469899,309.4,C18H19N3O2,67,3.6,23,2,3,5,CC(C)C1=CC=CC=C1OCC(=O)NC2=CC3=C(C=C2)NN=C3,0,1
6470252,293.29,C15H16FNO4,75.6,1.3,21,2,5,3,CC1=C(C=C(C=C1)F)NC(=O)C2C3CCC(C2C(=O)O)O3,0,1
6470491,310.42,C14H22N4O2S,93.8,1.6,21,1,5,4,CC1=C(SC(=N1)NC(=O)CN2CCCCC2)C(=O)N(C)C,0,1
6472025,319.4,C13H13N5OS2,137,2.5,21,2,6,4,CC1=NC2=C(N1)C=C(C=C2)NC(=O)CSC3=NN=C(S3)C,0,1
6487686,341.5,C19H23N3OS,73.5,3.8,24,1,4,4,CC(C)(C)NC1=NC(=CS1)C2=CC3=C(C=C2)N(CC3)C(=O)C4CC4,0,1
6488982,311.4,C12H13N3O3S2,126,0.7,20,1,6,6,C1=CC=C(C=C1)CS(=O)(=O)CCC(=O)NC2=NN=CS2,0,1
6488988,353.5,C15H19N3O3S2,126,1.8,23,1,6,7,CC(C)C1=NN=C(S1)NC(=O)CCS(=O)(=O)CC2=CC=CC=C2,0,1
6488993,339.4,C14H17N3O3S2,126,1.5,22,1,6,7,CCC1=NN=C(S1)NC(=O)CCS(=O)(=O)CC2=CC=CC=C2,0,1
6489634,333.37,C14H15N5O3S,125,0.6,23,2,6,5,CC1=NN=C(S1)NC(=O)C2=CC3=C(C=C2)N(C(=O)N3)CCOC,0,1
6492816,240.25,C7H8N6O2S,135,-0.1,16,2,7,4,CC1=NON=C1NC(=O)CSC2=NNN=C2,0,1
6493278,323.33,C13H13N3O5S,120,1.1,22,1,8,6,COCC1=NN=C(S1)NC(=O)COC2=CC3=C(C=C2)OCO3,0,1
6493287,307.33,C13H13N3O4S,111,2.2,21,1,7,5,CCC1=NN=C(S1)NC(=O)COC2=CC3=C(C=C2)OCO3,0,1
6494133,315.32,C17H17NO5,81.7,1.5,23,1,5,5,C1C2CC3C1C(C2C(=O)OCC(=O)NC4=CC=CC=C4)C(=O)O3,0,1
6496962,326.4,C19H22N2O3,50.8,3.4,24,1,4,6,COC1=CC(=C(C=C1)N2CCCC2)NC(=O)COC3=CC=CC=C3,0,1
6497393,350.5,C17H26N4O2S,103,2.2,24,1,5,6,CCC(CC)C1=NN=C(S1)NC(=O)C2CC(=O)N(C2)C3CCCC3,0,1
6498925,355.5,C19H21N3O2S,78,3.1,25,1,3,4,CC(C)SC1=CC=CC=C1C(=O)NC2=CC3=C(C=C2)N(C(=O)N3C)C,0,1
6498937,354.5,C16H22N2O3S2,100,1.9,23,1,5,5,CSC1=CC=C(C=C1)S(=O)(=O)N2CCC(CC2)C(=O)NC3CC3,0,1
6499037,310.3,C18H18N2O3,58.6,2.7,23,1,3,3,CC1=CC=C(C=C1)OC(C)C(=O)N2CC(=O)NC3=CC=CC=C32,0,1
6500990,310.4,C11H10N4O3S2,154,2.2,20,1,7,4,CC(C(=O)NC1=NC=CS1)SC2=NC=C(C=C2)[N+](=O)[O-],0,1
6502430,341.4,C19H23N3O3,69.7,2.2,25,1,3,5,CN1C(=O)C2=CC=CC=C2N(C1=O)CC(=O)NCCC3=CCCCC3,0,1
6504181,285.34,C16H19N3O2,61.4,1.8,21,2,4,5,C1CCN(C1)CCNC2=C(C(=O)NC3=CC=CC=C32)C=O,0,1
6506654,353.4,C20H23N3O3,63.2,5,26,1,5,7,CCOC(=O)C(=NNC1=CC=CC=C1OC)N2CCCC3=CC=CC=C32,0,1
6528820,316.3,C15H9FN2O3S,94.7,2.5,22,1,5,2,C1=CC(=CC=C1N2C(=O)C(=CC3=CSC=C3)C(=O)NC2=O)F,0,1
6858328,332.5,C16H20N4S2,97.4,4.2,22,1,4,4,CSC1=CC=C(C=C1)C=NN2C(=NNC2=S)C3CCCCC3,0,1
6858366,304.4,C15H17FN4S,72.1,3.8,21,1,4,3,C1CCC(CC1)C2=NNC(=S)N2N=CC3=CC=CC=C3F,0,1
6858399,311.3,C15H13N5O3,102,2.8,23,0,6,3,CC1=CC(=C(C(=C1)[N+](=O)[O-])C)C2=CC=C(O2)C=NN3C=NN=C3,0,1
6858632,317.69,C13H8ClN5O3,102,2.7,22,0,6,3,C1=CC(=C(C=C1[N+](=O)[O-])C2=CC=C(O2)C=NN3C=NN=C3)Cl,0,1
6858723,324.4,C17H16N4OS,81.3,3.6,23,1,4,5,CCOC1=CC=C(C=C1)C=NN2C(=NNC2=S)C3=CC=CC=C3,0,1
6858815,249.25,C9H7N5O2S,118,1.5,17,1,5,2,C1=CC(=CC=C1C=NN2C=NNC2=S)[N+](=O)[O-],0,1
6858870,330.4,C16H18N4O2S,109,3.2,23,2,5,4,C1CCC(CC1)C2=NNC(=S)N2N=CC3=CC=C(C=C3)C(=O)O,0,1
6859104,300.4,C16H20N4S,72.1,4.1,21,1,3,3,CC1=CC=C(C=C1)C=NN2C(=NNC2=S)C3CCCCC3,0,1
6859106,320.8,C15H17ClN4S,72.1,4.3,21,1,3,3,C1CCC(CC1)C2=NNC(=S)N2N=CC3=CC=C(C=C3)Cl,0,1
6859112,329.5,C17H23N5S,75.3,3.8,23,1,4,4,CN(C)C1=CC=C(C=C1)C=NN2C(=NNC2=S)C3CCCCC3,0,1
6859900,285.33,C13H11N5OS,98.1,2.3,20,1,5,3,CC1=CC=C(O1)C=NN2C(=NNC2=S)C3=CC=CC=N3,0,1
6860263,365.3,C15H17BrN4S,72.1,4.4,21,1,3,3,C1CCC(CC1)C2=NNC(=S)N2N=CC3=CC(=CC=C3)Br,0,1
6860266,340.4,C17H16N4O2S,90.5,3.3,24,1,5,6,COC1=CC=CC(=C1)C=NN2C(=NNC2=S)COC3=CC=CC=C3,0,1
6860830,300.4,C16H20N4S,72.1,4.1,21,1,3,3,CC1=CC(=CC=C1)C=NN2C(=NNC2=S)C3CCCCC3,0,1
6861842,286.4,C15H18N4S,60,3.4,20,0,5,3,CC1=C(SC=C1)C=NN2CCN(CC2)C3=CC=CC=N3,0,1
6865843,326.4,C16H14N4O2S,94.4,3.1,23,1,5,5,COC1=CC=CC=C1C=CC=NN2C(=NNC2=S)C3=CC=CO3,0,1
6867763,228.25,C12H12N4O,59.3,1.2,17,1,3,3,CN1C=CC=C1C=NNC(=O)C2=CC=CC=N2,0,1
6869785,305.29,C13H15N5O4,118,1.7,22,1,6,4,CC1=CC=C(O1)C=NNC(=O)CN2C(=C(C(=N2)C)[N+](=O)[O-])C,0,1
6869806,344.8,C16H13ClN4OS,81.3,3.9,23,1,4,5,C1=CC=C(C=C1)OCC2=NNC(=S)N2N=CC3=CC=CC=C3Cl,0,1
6877852,354.4,C18H15FN4OS,81.3,3.8,25,1,5,5,COC1=CC=CC=C1C=CC=NN2C(=NNC2=S)C3=CC=C(C=C3)F,0,1
6878798,366.4,C20H22N4O3,73.9,3.9,27,0,6,5,COC1=CC=CC=C1N2CCN(CC2)N=CC=CC3=CC=CC=C3[N+](=O)[O-],0,1
6880050,385.38,C16H19N9O3,154,0.2,28,2,10,7,CC(=CC1=CC=CO1)C=NNC(=O)C2=C(N(N=N2)C3=NON=C3N)CN(C)C,0,1
6882579,304.3,C11H7F3N2OS2,90.1,3.4,19,0,7,2,C1C(=O)N(C(=S)S1)N=CC2=CC=C(C=C2)C(F)(F)F,0,1
6883391,242.23,C12H10N4O2,80.4,0.6,18,1,5,4,C1=COC(=C1)C=CC=NNC(=O)C2=NC=CN=C2,0,1
6884050,357.4,C18H19N3O5,104,-0.8,26,2,7,6,C1COCCN1CC(=O)NN=CC2=CC=C(O2)C3=CC=C(C=C3)C(=O)O,0,1
6884181,297.3,C15H11N3O2S,120,2.4,21,3,4,2,C1=CC=C2C(=C1)C3=C(C2=NNC(=S)N)C=CC=C3C(=O)O,0,1
6884915,316.8,C17H21ClN4,23.8,3.1,22,0,3,4,CN1C=CC=C1C=NN2CCN(CC2)CC3=CC=CC=C3Cl,0,1
6885345,340.4,C17H16N4O2S,94.4,3.2,24,1,5,6,CC(=CC1=CC=CO1)C=NN2C(=NNC2=S)COC3=CC=CC=C3,0,1
6886209,335.5,C20H21N3S,47.1,4.7,24,0,4,4,C1CN(CCN1CC2=CC=CC3=CC=CC=C32)N=CC4=CC=CS4,0,1
6886669,332.4,C21H24N4,23.8,3.7,25,0,3,4,CN1C=CC=C1C=NN2CCN(CC2)CC3=CC=CC4=CC=CC=C43,0,1
6886854,354.4,C18H18N4O2S,90.5,3.6,25,1,5,5,CC1=CC=C(C=C1)C2=NNC(=S)N2N=CC3=CC(=C(C=C3)OC)OC,0,1
6887521,313.4,C16H15N3O2S,83.5,3.4,22,0,5,4,CC1=CC=CC=C1CN2C(=O)CSC2=NN=CC3=CC=CO3,0,1
6888094,416.8,C18H13ClN4O6,154,3.6,29,3,7,5,C1=CC=C(C(=C1)C(=O)O)NC(=O)C(=O)NN=CC(=CC2=CC=C(C=C2)[N+](=O)[O-])Cl,0,1
6891152,300.34,C13H12N6OS,114,1.8,21,2,5,4,CC1=CC(=NN1)C2=NNC(=S)N2N=CC=CC3=CC=CO3,0,1
6891709,372.4,C20H16N6S,101,4,27,2,4,5,C1=CC=C(C=C1)C=CC=NN2C(=NNC2=S)C3=CC(=NN3)C4=CC=CC=C4,0,1
6893084,266.29,C16H14N2O2,61.7,3.5,20,2,4,5,C1=CC=C(C=C1)C=CC=NNC2=CC=C(C=C2)C(=O)O,0,1
6893970,185.21,C6H7N3O2S,117,1.3,12,2,5,2,CC1=NC(=CS1)C(=NO)C(=O)N,0,1
6896850,268.31,C15H16N4O,57.6,2.2,20,1,4,4,CN(C)C1=CC=C(C=C1)C(=O)NN=CC2=CC=CC=N2,0,1
6898531,275.35,C14H21N5O,60.8,0.2,20,1,5,5,CN1CCN(CC1)CCC(=O)NN=CC2=CC=CC=N2,0,1
6899047,314.4,C20H18N4,51.4,3.6,24,1,4,5,C1C(=CN(C=C1C#N)CC2=CC=CC=C2)C=NNC3=CC=CC=C3,0,1
6899180,210.3,C7H6N4S2,100,1.6,13,1,4,2,C1=CSC(=C1)C=NN2C=NNC2=S,0,1
6899477,345.19,C16H13BrN2O2,61.7,4.4,21,2,4,5,C1=CC=C(C=C1)C=C(C=NNC2=CC=C(C=C2)C(=O)O)Br,0,1
6899547,230.31,C14H18N2O,24.8,3.1,17,0,3,2,CC1(C2=CC=CC=C2N(C1=CC=NOC)C)C,0,1
6899954,291.35,C17H17N5,46.3,2.7,22,0,4,4,CN(C)N=CC1=CN(N=C1C2=CN=CC=C2)C3=CC=CC=C3,0,1
6900166,331.4,C16H17N3O3S,96,2.3,23,2,6,7,CC(=O)CNC1=CC=C(C=C1)S(=O)(=O)NN=CC2=CC=CC=C2,0,1
6900731,302.73,C16H12ClFN2O,41.5,4.2,21,1,3,4,C1=CC=C(C=C1)C=C(C=NNC(=O)C2=CC=CC=C2F)Cl,0,1
6901632,327.8,C17H14ClN3S,68.5,4.7,22,2,2,2,CNC(=S)NN=CC1=C2C=CC=CC2=C(C3=CC=CC=C31)Cl,0,1
6903285,320.28,C14H16F4N2O2,34.1,4.8,22,0,8,6,C1CCN(CC1)N=CC2=C(C=C(C=C2)OC(F)F)OC(F)F,0,1
6903741,328.3,C15H12N4O3S,112,3.1,23,0,6,3,CN=C1N(C(=CS1)C2=CC=C(C=C2)[N+](=O)[O-])N=CC3=CC=CO3,0,1
6904348,265.38,C13H19N3OS,81.6,3.2,18,2,3,3,CC1=CC=C(O1)C=NNC(=S)NC2CCCCC2,0,1
6904640,316.28,C16H13FN2O4,88,2.5,23,2,6,6,C1=CC=C(C(=C1)C=NNC(=O)C2=CC=C(C=C2)F)OCC(=O)O,0,1
6905520,326.4,C17H15FN4S,66.2,3.6,23,0,5,4,CCN=C1N(C(=CS1)C2=CC=C(C=C2)F)N=CC3=CC=CC=N3,0,1
6905637,345.4,C17H19N3O3S,96,2.4,24,2,5,5,CC1=CC(=C(C=C1)C)S(=O)(=O)NN=CC2=CC=C(C=C2)NC(=O)C,0,1
6905674,300.74,C15H13ClN4O,56.2,3.6,21,0,4,3,CC1=NN=C(N1N=CC2=CC=C(O2)C3=CC=CC=C3Cl)C,0,1
6906008,345.4,C17H19N3O3S,79.4,2.3,24,1,6,5,C1COCCN1C2=CC=C(C=C2)C=NNS(=O)(=O)C3=CC=CC=C3,0,1
6906742,306.4,C15H15FN2O2S,66.9,3.3,21,1,5,4,CC1=CC(=C(C=C1)C)S(=O)(=O)NN=CC2=CC=C(C=C2)F,0,1
6908425,272.3,C10H6F2N2OS2,90.1,2.7,17,0,6,2,C1C(=O)N(C(=S)S1)N=CC2=C(C=CC=C2F)F,0,1
7183979,305.31,C13H11N3O4S,130,1.8,21,1,5,4,CC1=CC(=NC(=O)N1)SCC(=O)C2=CC(=CC=C2)[N+](=O)[O-],0,1
7198682,287.35,C17H21NO3,49.8,1.8,21,1,4,5,CCN(CCO)CC1=CC(=O)OC2=C1C=C3CCCC3=C2,0,1
7205831,372.5,C18H16N2O3S2,115,3.7,25,0,7,7,COC1=C(C=C(C=C1)C2=NN=C(C=C2)SCC(=O)C3=CC=CS3)OC,0,1
7295065,333.32,C14H11N3O5S,124,1.2,23,1,7,4,CS(=O)(=O)C1=CC=CC=C1C2=NN=C(O2)NC(=O)C3=CC=CO3,0,1
7333695,237.4,C12H15NS2,60.6,3,15,0,2,2,CSC1=CC=C(C=C1)C(=S)N2CCCC2,0,1
7333760,357.3,C12H9BrN2O2S2,110,3.1,19,1,4,3,C=CCN1C(=O)C(=CC2=CC=C(S2)Br)C(=O)NC1=S,0,1
7392097,324.4,C19H20N2O3,62.6,2.8,24,1,3,4,CC1=CC(=CC=C1)C(=O)NC(=CC2=CC=CO2)C(=O)N3CCCC3,0,1
7474456,370.9,C14H15ClN4O2S2,129,2.7,23,1,6,6,CC1=NN=C(S1)SCC(=O)N(C)CC(=O)NC2=CC=CC=C2Cl,0,1
7478941,274.27,C14H14N2O4,84.5,1.8,20,2,4,3,CC1=CC(=C(O1)C)C(=O)NNC(=O)C=CC2=CC=CO2,0,1
7529090,339.4,C18H17N3O2S,117,4,24,3,5,6,C1=CC=C(C=C1)CCNC2=NC(=CS2)C3=CC(=C(C=C3)O)C(=O)N,0,1
7560571,331.4,C18H21NO5,69,2.6,24,0,5,7,CC1=CC(=C(O1)C)C(=O)OCC(=O)N(C)CC2=CC=CC=C2OC,0,1
7614248,354.8,C19H15ClN2O3,59,4,25,0,4,2,CC1=C(C(=CC=C1)C)N2C(=O)C3C(C2=O)ON=C3C4=CC=CC=C4Cl,0,1
7620272,315.4,C18H25N3O2,70.2,1.7,23,3,3,4,CC(C(=O)NC1CCCC1)NC(=O)C2CC3=CC=CC=C3CN2,0,1
7621836,313.35,C17H19N3O3,83.4,0.6,23,3,4,5,C1C(NCC2=CC=CC=C21)C(=O)NCC(=O)NCC3=CC=CO3,0,1
7700192,259.269,C15H14FNO2,42.2,2.8,19,1,3,5,C1=COC(=C1)C=CC(=O)NCCC2=CC=C(C=C2)F,0,1
7802676,268.72,C10H9ClN4OS,96,2.3,17,1,5,3,CCC1=NN=C(S1)NC(=O)C2=NC=CC(=C2)Cl,0,1
7950061,299.28,C15H13N3O4,98.2,1.2,22,1,6,5,CC1=CN=C(C=N1)C(=O)OCC(=O)NC(=O)C2=CC=CC=C2,0,1
7997202,284.4,C15H16N4S,69.3,3,20,1,5,4,CN(C)C1=CC=C(C=C1)CNC2=C3C=CSC3=NC=N2,0,1
7997911,334.4,C21H22N2O2,52.6,3.9,25,2,3,5,CC1=CC=C(C=C1)NC(=O)CN(C)CC2=C(C=CC3=CC=CC=C32)O,0,1
7998239,308.4,C18H20N4O,55.4,2.6,23,2,4,3,C1CN(CCN1CC2=NC3=CC=CC=C3N2)C4=CC=C(C=C4)O,0,1
8004090,299.3,C15H13N3O2S,96.4,1.9,21,2,4,2,CC1=CN=C(C=C1)NC(=O)C2=CC3=C(C=C2)SCC(=O)N3,0,1
8026113,317.4,C14H11N3O2S2,125,2.1,21,2,5,3,CSC1=NC2=C(S1)C=C(C=C2)NC(=O)C3=CNC(=O)C=C3,0,1
8123625,339.4,C18H17N3O2S,92.4,3.5,24,1,5,5,CC1=CC(=CC(=C1)OCC(=O)NC2=NC(=CS2)C3=CN=CC=C3)C,0,1
8140644,312.32,C16H16N4O3,102,1.6,23,2,4,1,C1CCC2(CC1)C(=O)N(C(=O)N2)NC(=O)C3=CC=C(C=C3)C#N,0,1
8225706,299.3,C15H13N3O2S,93.2,3.1,21,1,3,1,C1CN(C2=CC=CC=C21)C(=S)NC3=CC=C(C=C3)[N+](=O)[O-],0,1
8232890,324.4,C20H24N2O2,41.6,4.1,24,1,3,5,CC1=CC(=C(C=C1)C)OCC(=O)NC2=CC=CC=C2N3CCCC3,0,1
8388788,326.3,C18H18N2O4,67.9,2.6,24,1,4,6,COC1=CC=CC=C1CCNC(=O)CN2C3=CC=CC=C3OC2=O,0,1
8431942,347.4,C17H17NO5S,110,2.3,24,1,6,8,CC(=O)NCC1=CC=C(S1)C(=O)COC(=O)C2=CC=C(C=C2)OC,0,1
8554793,321.4,C21H23NO2,29.5,3.3,24,0,3,5,CC(=O)C1=CC(=C(C=C1)OC)CN2CCC(=CC2)C3=CC=CC=C3,0,1
8620879,352.4,C21H24N2O3,58.6,3,26,1,3,6,CN(CC(=O)NC1=CC=C(C=C1)OC)C(=O)CC2=CC3=C(CCC3)C=C2,0,1
8669045,304.8,C16H17ClN2S,56.2,4,20,2,1,5,C1=CC=C(C=C1)CCNC(=S)NCC2=CC(=CC=C2)Cl,0,1
8690884,337.4,C20H23N3O2,47,2.6,25,1,4,3,C1CN(C2=CC=CC=C21)C(=O)CN3CCN(CC3)C4=CC=C(C=C4)O,0,1
8933819,246.3,C14H18N2O2,43.8,1.4,18,1,3,2,C1CC1C(=O)N2CCN(CC2)C3=CC=C(C=C3)O,0,1
9092269,307.4,C19H21N3O,56.1,3.5,23,1,3,6,CCN(CCNC(=O)C1=CC=C(C=C1)C#N)C2=CC=CC(=C2)C,0,1
9113741,246.22,C11H10N4O3,111,0.7,18,2,6,5,C1=CNC(=C1)C(=O)COC(=O)C2=NC=CN=C2N,0,1
9157065,324.4,C20H24N2O2,41.6,3.6,24,1,3,5,CC1=C(C=CC(=C1)NC(=O)CC2=CC=C(C=C2)OC)N3CCCC3,0,1
9222808,333.4,C18H27N3O3,61.9,1.9,24,1,4,6,CN(CC(=O)NC1=CC=C(C=C1)OC)CC(=O)N2CCCCCC2,0,1
9263275,332.4,C22H24N2O,35.5,4.2,25,2,3,8,C1=CC=C(C=C1)N(C2=CC=CC=C2)C3=CC=C(C=C3)CNCCCO,0,1
9266424,334.19,C14H8BrNO2S,59.6,4.5,19,0,4,1,C1OC2=C(O1)C=C(C(=C2)C3=NC4=CC=CC=C4S3)Br,0,1
9269644,281.27,C15H11N3O3,87.3,2.1,21,1,4,2,C1=CC=C2C(=C1)NC(=O)C(=N2)CC3=CC=C(C=C3)[N+](=O)[O-],0,1
9319735,363.9,C18H18ClNO3S,64.099,3.7,24,0,4,4,CN(CC1=CC=C(C=C1)SC)C(=O)C2=CC3=C(C(=C2)Cl)OCCO3,0,1
9322696,383.5,C16H21N3O4S2,126,2.4,25,1,7,8,CCN(CC)S(=O)(=O)C1=CC2=C(C=C1)OC(=N2)SCC(=O)NC3CC3,0,1
9363010,341.4,C19H20FN3O2,52.6,2.4,25,1,4,5,CN(CC(=O)NC1=CC=C(C=C1)F)CC(=O)N2CCC3=CC=CC=C32,0,1
9366753,303.69,C15H10ClNO4,94.5,3,21,2,5,3,CC1=C(C=CO1)C(=O)C(=CC2=CC(=C(C(=C2)Cl)O)O)C#N,0,1
9438872,357.4,C19H23N3O4,80.8,1.9,26,1,5,8,CCOC1=C(C=C(C=C1)NC(=O)CN(C)C(=O)C2=CC=NC=C2)OCC,0,1
9441864,302.4,C15H14N2O3S,118,1.2,21,2,4,6,C1=CSC(=C1)C(=O)CCC(=O)NC2=CC=C(C=C2)C(=O)N,0,1
9463355,270.31,C13H10N4OS,96,2.1,19,1,5,2,CC1=CSC(=N1)NC(=O)C2=NC3=CC=CC=C3N=C2,0,1
9503157,323.77,C15H18ClN3O3,78.5,1.5,22,2,3,4,CC1=C(C=CC=C1Cl)NC(=O)CCN2C(=O)C(NC2=O)(C)C,0,1
9533848,354.4,C22H18N4O,66.9,4.7,27,2,4,4,CNC(=O)C1=CC=C(C=C1)NC2=NC(=NC3=CC=CC=C32)C4=CC=CC=C4,0,1
9557028,328.32,C16H16N4O4,120,2.7,24,3,6,5,CC1=CC=C(C=C1)NCC(=O)NN=CC2=C(C=CC(=C2)O)[N+](=O)[O-],0,1
9563186,332.35,C16H20N4O4,116,2.8,24,2,5,5,C1CCC(CC1)NC(=O)CC(=O)NN=CC2=CC=CC=C2[N+](=O)[O-],0,1
9566480,237.3,C9H7N3OS2,103,1.4,15,0,5,2,C1C(=O)N(C(=S)S1)N=CC2=CN=CC=C2,0,1
9580314,273.29,C13H15N5O2,92.3,2.3,20,2,6,6,CCOC(=O)C1=C(NN=C1NN=CC2=CN=CC=C2)C,0,1
9580332,330.2,C12H9Cl2N3O2S,79.8,2.7,20,1,5,4,C1=CC(=CN=C1)C=NNS(=O)(=O)C2=CC(=C(C=C2)Cl)Cl,0,1
9580428,316.26,C11H7F3N4O2S,119,2.6,21,1,9,4,C1=CC(=CC=C1C(=NOC(=O)C2=CSN=N2)N)C(F)(F)F,0,1
9583360,301.4,C16H19N3OS,77.7,3.1,21,2,3,6,COCCCNC(=S)NN=CC1=CC2=CC=CC=C2C=C1,0,1
9584052,329.4,C16H15N3O3S,100,2.4,23,1,5,4,CC1=CC=C(O1)C=NNC(=O)CN2C(=O)CSC3=CC=CC=C32,0,1
9584216,318.78,C12H15ClN2O4S,107,2.1,20,1,5,7,CCCS(=O)(=O)CC(=NOC(=O)C1=CC=CC=C1Cl)N,0,1
9585532,297.8,C13H16ClN3OS,70,2.3,19,1,4,4,C1CSCCN1CC(=O)NN=CC2=CC(=CC=C2)Cl,0,1
9585805,220.21,C9H9FN6,81.1,1.2,16,2,6,3,C1=CC(=CC=C1C=NNC2=NN=CN2N)F,0,1
9585828,272.35,C14H20N6,81.1,3.1,20,2,5,4,CCC1=NN=C(N1N)NN=CC2=C(C=C(C(=C2)C)C)C,0,1
9585835,282.7,C11H12ClFN6,81.1,2.7,19,2,6,4,CCC1=NN=C(N1N)NN=CC2=C(C=CC=C2Cl)F,0,1
9586225,299.9,C14H22ClN3S,76,NULL,19,2,3,5,CC(=NN=C(N)SCC1=CC=CC=C1)C(C)(C)C.Cl,0,2
9590179,341.4,C18H19N3O4,92.9,2.4,25,2,5,7,CC1=CC=C(O1)C=NNC(=O)CNC(=O)C=CC2=CC=CC=C2OC,0,1
9590594,312.4,C18H20N2O3,63.8,3.3,23,1,4,6,CC1=C(C=C(C=C1)OCC(=O)NN=C(C)C=CC2=CC=CO2)C,0,1
9591316,360.32,C16H16N4O6,139,2.1,26,2,7,6,CC(=NNC(=O)C1=CC=CO1)CC(=O)NC2=C(C=C(C=C2)OC)[N+](=O)[O-],0,1
9592569,315.4,C18H25N3O2,70.6,3,23,2,3,5,CC1=CC=CC=C1C(=O)NN=C(C)CC(=O)NC2CCCCC2,0,1
9594122,305.33,C14H19N5O3,113,0.6,22,3,5,6,CCCNC(=O)CC(=NNC(=O)C(=O)NC1=CC=CC=N1)C,0,1
9594421,337.33,C14H12FN3O4S,113,2.8,23,1,7,4,CC1=C(C=C(C=C1)S(=O)(=O)NN=CC2=CC=CC=C2F)[N+](=O)[O-],0,1
9594933,304.4,C19H20N4,40.5,4.3,23,1,4,4,CC1=NC2=CC=CC=C2C(=C1)NN=CC3=CC=C(C=C3)N(C)C,0,1
9595131,324.3,C18H16N2O4,80.2,3.5,24,2,5,3,CC1=CC=C(C=C1)NC(=O)C2=CC3=C(C=CC(=C3)OC)OC2=NO,0,1
9596913,243.33,C10H17N3O2S,109,0.3,16,2,4,3,CC(=NNC(=S)N)CC1CC(OC1=O)(C)C,0,1
9598412,327.3,C13H13N9O2,150,0,24,2,9,4,CC1=C(N=NN1C2=NON=C2N)C(=NNC(=O)C3=CN=CC=C3)C,0,1
9606977,326.35,C17H18N4O3,82.7,3.1,24,1,6,4,C1COCCN1C2=CC=C(C=C2)C=NNC3=CC(=CC=C3)[N+](=O)[O-],0,1
9607362,248.66,C12H9ClN2O2,54.6,2.5,17,1,3,3,C1=CC(=CC=C1C(=O)NN=CC2=COC=C2)Cl,0,1
9607375,376.5,C16H16N4O3S2,124,3.1,25,1,8,6,CN(C)S(=O)(=O)C1=CC=C(C=C1)C2=CSC(=N2)NN=CC3=CC=CO3,0,1
9608151,320.3,C19H16N2O3,70.9,4.3,24,2,5,5,COC1=C(C2=CC=CC=C2C=C1)C=NNC3=CC=CC(=C3)C(=O)O,0,1
9608542,277.4,C15H23N3S,68.5,3.3,19,2,2,6,CC(C)CCC(=NNC(=S)NCC1=CC=CC=C1)C,0,1
9609760,314.34,C17H18N2O4,80.2,3.4,23,2,6,6,CC(=NNC1=CC=CC(=C1)C(=O)O)C2=CC(=C(C=C2)OC)OC,0,1
9610154,323.4,C15H21N3O3S,96.2,1.7,22,2,5,7,CC(=NNC(=S)NCCOC)CCC1=CC2=C(C=C1)OCO2,0,1
9611230,259.73,C14H14ClN3,37.3,3.7,18,1,3,3,CC1=C(C=C(C=C1)NN=C(C)C2=CN=CC=C2)Cl,0,1
9614578,246.69,C12H11ClN4,50.2,3.1,17,1,4,3,CC1=CC=CC=C1C=NNC2=NN=C(C=C2)Cl,0,1
9614768,321.4,C18H19N5O,73.6,2.5,24,2,6,6,CN(CCO)C1=CC=C(C=C1)C=NNC2=NN=CC3=CC=CC=C32,0,1
9619583,288.3,C15H16N2O4,64.3,2.9,21,0,6,6,CN(C)N=CC1=CC(=C(C=C1)OC(=O)C2=CC=CO2)OC,0,1
9621159,338.4,C18H18N4O3,90.5,4.1,25,1,5,4,CC(=O)C(=NNC1=CC=CC=C1[N+](=O)[O-])N2CCCC3=CC=CC=C32,0,1
9622517,259.39,C16H25N3,18.8,4,19,0,3,3,CC1CCCC(N1N=CC2=CC=C(C=C2)N(C)C)C,0,1
9622667,233.22,C12H9F2N3,37.3,2.7,17,1,5,3,C1=CC(=CN=C1)C=NNC2=C(C=C(C=C2)F)F,0,1
9623738,270.28,C15H14N2O3,70.9,3.6,20,2,5,5,COC1=CC=C(C=C1)C=NNC2=CC=CC=C2C(=O)O,0,1
9625356,276.3,C18H16N2O,28.7,4.9,21,0,3,4,CC(=NN(C1=CC=CC=C1)C2=CC=CC=C2)C3=CC=CO3,0,1
9625861,234.29,C12H11FN2S,52.6,4.1,16,1,4,3,CC1=CC=C(S1)C=NNC2=CC=C(C=C2)F,0,1
9630182,291.4,C15H21N3OS,62.5,2.1,20,0,4,5,CC1=CSC(=NCCOC)N1N=CC2CC3CC2C=C3,0,1
9632573,294.3,C17H14N2O3,70.9,3.1,22,2,5,4,C1C(=CC2=CC=CC=C2O1)C=NNC3=CC=C(C=C3)C(=O)O,0,1
9633328,260.72,C13H13ClN4,50.2,3.6,18,1,4,3,CC1=CC(=NC(=N1)NN=CC2=CC=C(C=C2)Cl)C,0,1
9633426,320.69,C13H9ClN4O4,123,2.5,22,1,6,4,C1=CC=NC(=C1)C(=NOC(=O)C2=C(C=C(C=C2)[N+](=O)[O-])Cl)N,0,1
9635666,338.4,C18H18N4O3,90.5,4.1,25,1,5,4,CC(=O)C(=NNC1=CC=C(C=C1)[N+](=O)[O-])N2CCCC3=CC=CC=C32,0,1
9636354,350.4,C19H18N4OS,94.6,4.4,25,2,5,5,CC1=CC=C(C=C1)C2=C(SC(=N2)NN=CC3=CC=CC=C3)NC(=O)C,0,1
9638318,331.4,C20H21N5,62.2,4.7,25,2,5,6,CC1=CC=C(C=C1)C=NNC2=NC(=NC(=C2)C)NCC3=CC=CC=C3,0,1
9642770,234.31,C14H19FN2,15.6,3.9,17,0,3,2,CC1CCCC(N1N=CC2=CC=CC=C2F)C,0,1
9644652,259.73,C14H14ClN3,37.3,3.7,18,1,3,3,CC1=C(C=C(C=C1)NN=C(C)C2=CC=NC=C2)Cl,0,1
9645224,290.3,C18H14N2O2,61.7,4.3,22,2,4,4,C1=CC=C2C(=C1)C=CC=C2C=NNC3=CC=CC(=C3)C(=O)O,0,1
9646180,320.33,C13H12N4O4S,126,1.5,22,1,7,4,CC(=NNS(=O)(=O)C1=CC=CC(=C1)[N+](=O)[O-])C2=CN=CC=C2,0,1
9646219,264.32,C16H16N4,41.7,4.5,20,1,3,3,CC1=CC=CC=C1NN=CC2=C(N=C3N2C=CC=C3)C,0,1
9649816,287.36,C16H21N3O2,61.4,4.1,21,0,4,3,CC1CCCC(N1N=CC=CC2=CC=CC=C2[N+](=O)[O-])C,0,1
9650308,252.28,C12H10F2N2S,52.6,4.1,17,1,5,3,CC1=C(SC=C1)C=NNC2=C(C=C(C=C2)F)F,0,1
9650424,279.4,C14H21N3OS,81.6,3.4,19,2,3,3,CC1=CC=C(O1)C(=NNC(=S)NC2CCCCC2)C,0,1
9651208,337.4,C16H17F2N3OS,77.7,4.4,23,2,5,5,CCNC(=S)NN=C(C)C1=C(C2=CC=CC=C2C=C1)OC(F)F,0,1
9651700,328.7,C17H13ClN2O3,74.8,4.7,23,2,5,4,CC(=NNC1=CC(=C(C=C1)Cl)C(=O)O)C2=CC3=CC=CC=C3O2,0,1
9653655,326.35,C17H18N4O3,92.7,0.8,24,2,5,7,COC1=CC=C(C=C1)NC(=O)CCC(=O)NN=CC2=CC=NC=C2,0,1
9655659,301.4,C20H19N3,37.3,5.1,23,1,3,2,CC1=CC(=NC2=CC=CC=C12)NN=C3CCCC4=CC=CC=C43,0,1
9655904,332.4,C21H20N2O2,45.1,4.8,25,1,4,6,COC1=C(C=C(C=C1)C=NN(CC2=CC=CC=C2)C3=CC=CC=C3)O,0,1
9655953,321.35,C14H15N3O4S,109,1.5,22,2,6,5,CC1=CC=C(O1)C=NNS(=O)(=O)C2=CC=C(C=C2)NC(=O)C,0,1
9656285,294.3,C17H14N2O3,74.8,4,22,2,5,4,CC(=NNC1=CC=CC(=C1)C(=O)O)C2=CC3=CC=CC=C3O2,0,1
9657049,211.26,C13H13N3,37.3,2.8,16,1,3,3,CC1=CC(=CC=C1)NN=CC2=CC=NC=C2,0,1
9657080,294.76,C13H11ClN2O2S,89.9,4.3,19,2,5,4,CC(=NNC1=CC=CC(=C1)C(=O)O)C2=CC=C(S2)Cl,0,1
9658712,309.4,C18H19N3S,68.5,4.2,22,2,2,2,CC1=CC(=C(C=C1)C)NC(=S)NN=C2CCC3=CC=CC=C32,0,1
9659399,262.31,C16H14N4,50.2,3,20,1,4,4,C1=CC=C(C=C1)CNN=CC2=CC3=NC=CN=C3C=C2,0,1
9660688,357.3,C16H11N3O5S,138,0.7,25,2,7,4,CC(=O)OC1=CC2=C(C=C1)C(=O)C(=CO2)C=NC3=CC(=O)NC(=S)N3,0,1
9660833,320.3,C17H12N4O3,100,2.7,24,1,5,3,C1=CC(=CC(=C1)[N+](=O)[O-])C(=O)NN=CC2=CC3=C(C=C2)N=CC=C3,0,1
9665112,358.4,C17H22N6O3,108,2.5,26,1,6,5,CC1=C(C(=NN1C(C)C(=O)NN=CC2=CC=C(C=C2)N(C)C)C)[N+](=O)[O-],0,1
9665326,327.4,C14H21N3O4S,113,2.9,22,1,6,6,CC1=C(C=C(C=C1)S(=O)(=O)NN=C(C)CCC(C)C)[N+](=O)[O-],0,1
9666077,255.27,C14H13N3O2,74.6,1.5,19,2,4,4,C1=CC=C(C=C1)C(C(=O)NN=CC2=CC=CC=N2)O,0,1
9666713,306.4,C18H18N4O,59.4,3.8,23,1,5,4,CC1=NC2=CC=CC=C2N=C1NN=C(C)C3=CC=C(C=C3)OC,0,1
9667413,252.28,C12H10F2N2S,52.6,4,17,1,5,3,CC(=NNC1=C(C=C(C=C1)F)F)C2=CC=CS2,0,1
9669493,249.31,C16H15N3,29.3,3.9,19,1,2,3,CN1C=C(C2=CC=CC=C21)C=NNC3=CC=CC=C3,0,1
9669646,311.4,C18H21N3O2,62.7,3.4,23,2,4,7,CC(C=NNC(=O)CNC1=CC=C(C=C1)OC)C2=CC=CC=C2,0,1
9671133,276.24,C14H10F2N2O2,61.7,3.3,20,2,6,4,C1=CC(=CC(=C1)NN=CC2=CC(=C(C=C2)F)F)C(=O)O,0,1
9675633,243.26,C13H13N3O2,70.2,3.4,18,1,4,2,C1C=CC2C1CC2=NNC3=CC=CC=C3[N+](=O)[O-],0,1
9677709,288.26,C13H12N4O4,116,3.2,21,1,6,2,C1C=CC2C1CC2=NNC3=C(C=C(C=C3)[N+](=O)[O-])[N+](=O)[O-],0,1
9678052,261.39,C14H19N3S,68.5,3.3,18,2,2,2,CC1CCCCC1=NNC(=S)NC2=CC=CC=C2,0,1
9679204,313.37,C13H19N3O4S,113,2.5,21,1,6,5,CC1=C(C=C(C=C1)S(=O)(=O)NN=C(C)CC(C)C)[N+](=O)[O-],0,1
9681936,330.33,C17H18N2O5,89.4,3,24,2,7,7,COC1=CC(=CC(=C1OC)OC)C=NNC2=CC=C(C=C2)C(=O)O,0,1
9685242,284.27,C14H12N4O3,90.4,1.5,21,2,5,3,CC(=NNC1=NC2=CC=CC=C2C(=O)N1O)C3=CC=CO3,0,1
9685277,248.67,C10H9ClN6,89.1,1.4,17,2,6,3,C1=CN=CC=C1C=NNC2=C(C(=NC=N2)Cl)N,0,1
9687094,248.67,C10H9ClN6,89.1,1.4,17,2,6,3,C1=CC(=CN=C1)C=NNC2=C(C(=NC=N2)Cl)N,0,1
9688070,316.15,C14H10BrN3O,50.4,4.1,19,1,4,3,C1=CC=C2C(=C1)N=C(O2)NN=CC3=CC=C(C=C3)Br,0,1
9723462,363.21,C16H15BrN2O3,63.8,3.5,22,1,4,6,CC1=CC(=C(C=C1)OCC(=O)NN=CC=CC2=CC=CO2)Br,0,1
9754354,294.33,C17H15FN4,50.2,3.8,22,1,5,4,CCC(=NNC1=NN=CC2=CC=CC=C21)C3=CC=C(C=C3)F,0,1
11899977,328.4,C18H20N2O2S,66.9,3.3,23,1,4,5,CC1=CC=C(C=C1)S(=O)(=O)NN=C(C)C2CC2C3=CC=CC=C3,0,1
11906735,400.4,C23H20N4O3,82.1,2,30,1,5,3,CC1=CC=C(C=C1)N2C(=O)C3C4C=CC=NN4C(C3C2=O)C(=O)NC5=CC=CC=C5,0,1
11909184,374.4,C20H26N2O5,87.2,2.3,27,1,5,4,CC(C)(C)OC(=O)N1CC2=CC=CC=C2CC1C(=O)N3CCCC3C(=O)O,0,1
12655547,294.3,C17H14N2O3,58.6,2.8,22,1,3,3,COC1=CC=CC(=C1)C=C2C(=O)NN(C2=O)C3=CC=CC=C3,0,1
16187399,285.17,C9H20INO,9.2,NULL,12,0,2,3,C[N+]1(CCCCC1)CCOC.[I-],0,2
16187831,306.4,C17H26N2O3,51.7,1.4,22,0,5,8,CCOC(=O)C1(CCN(CC1)CC2=CC=NC=C2)CCOC,0,1
16188209,317.4,C17H23N3O3,62.7,1.2,23,0,5,6,CCN1CC(CC1=O)CN(C)CC2=C(OC(=N2)C3=CC=CO3)C,0,1
16188847,322.4,C18H18N4O2,73,2.4,24,1,4,5,CC1=CC=CC=C1CN2C=C(C=N2)NC(=O)C3=NOC(=C3)C4CC4,0,1
16189285,351.4,C17H25N3O5,124,NULL,25,3,7,5,CN(C)C1=CC=C(C=C1)CN2CCC(CC2)C(=O)N.C(=O)(C(=O)O)O,0,2
16189311,312.32,C17H16N2O4,91.9,NULL,23,2,5,3,CCC1=NC(=C2N1C=CC=C2)C3=CC=CC=C3.C(=O)(C(=O)O)O,0,2
16189374,250.79,C10H19ClN2OS,72.5,NULL,15,4,4,7,CC(CNCCNCC1=CC=CS1)O.Cl,0,2
16189442,330.2,C15H21Cl2N3O,46.9,NULL,21,2,3,6,CC(C)(C)C(=O)CN1C2=CC=CC=C2N=C1NCCCl.Cl,0,2
16189723,250.79,C10H19ClN2OS,72.5,NULL,15,4,4,7,CC1=CC=C(S1)CNCCNCCO.Cl,0,2
16190659,327.77,C16H14ClN5O,67.9,1.7,23,0,6,3,C1CN(CC2=C1C(=CC=C2)Cl)CC3=NC(=NO3)C4=NC=CN=C4,0,1
16190973,336.39,C15H24N6O3,98.4,1.5,24,1,9,8,CN(CCC1CCCCO1)C2=NC3=NON=C3N=C2NCCOC,0,1
16191496,290.32,C13H18N6O2,89.2,1.3,21,1,8,5,COCCNC1=NC2=NON=C2N=C1N3CC4CCC3C4,0,1
16192065,367.9,C21H22ClN3O,36.4,2.9,26,0,3,3,C1CC23C(CC(N2C1)C4=CC=CC=N4)CN(C3=O)CC5=CC(=CC=C5)Cl,0,1
16192594,313.23,C14H21BrN2O,25,NULL,18,0,2,4,CCCC1=[N+](CCN2C1=CC=C2C)CC(=O)C.[Br-],0,2
16192727,291.3,C15H17NO5,99.8,NULL,21,3,6,4,CC1=C(C=C(C=C1)NCC2=CC=CO2)C.C(=O)(C(=O)O)O,0,2
16192728,309.32,C14H19N3O5,110,NULL,22,3,6,2,CN1CCN(CC1)C(=O)NC2=CC=CC=C2.C(=O)(C(=O)O)O,0,2
16192845,316.8,C18H21ClN2O,32.299,NULL,22,2,2,3,CC1=CC=CC=C1C(=O)NC2=CC=C(C=C2)N3CCCC3.Cl,0,2
16192856,290.83,C14H27ClN2O2,41.6,NULL,19,2,3,5,CCC1CCCCN1C(=O)CNCC2CCCO2.Cl,0,2
16192869,338.36,C16H22N2O6,132,NULL,24,3,7,4,C1CCCC(CC1)NCC2=CC=CC=C2[N+](=O)[O-].C(=O)(C(=O)O)O,0,2
16192895,333.9,C17H20ClN3S,57.6,NULL,22,2,3,3,CC1=CC2=NC(=C(N2C=C1)NC3CCCC3)C4=CC=CS4.Cl,0,2
16192918,310.82,C14H23ClN6,58.4,NULL,21,2,5,4,CC1CCC2=C(N3C(=NC=N3)N=C2C1)NCCN(C)C.Cl,0,2
16192925,347.66,C12H12BrClN2OS,60.2,NULL,18,1,3,4,CN1C=CN=C1SCC(=O)C2=CC=C(C=C2)Cl.Br,0,2
16192974,304.34,C13H24N2O6,116,NULL,21,3,7,6,COCCNCC(=O)N1CCCCCC1.C(=O)(C(=O)O)O,0,2
16192982,332.4,C18H24N2O4,99.5,NULL,24,3,6,4,C1C2CC3CC1CC(C2)(C3)NCC4=CC=CC=N4.C(=O)(C(=O)O)O,0,2
16192991,305.4,C12H23N3O4S,125,NULL,20,3,6,4,CCCCNC(=S)N1CCN(CC1)C.C(=O)(C(=O)O)O,0,2
16193014,359.77,C16H14ClN5O3,97.2,4.2,25,1,6,3,CC1=CC=C(C=C1)CN=C2C(=NN(N2O)C3=CC=C(C=C3)Cl)[N+](=O)[O-],0,1
16193053,346.73,C14H11ClN6O3,110,2.8,24,1,7,3,C1=CC(=CC=C1N2N=C(C(=NCC3=CC=NC=C3)N2O)[N+](=O)[O-])Cl,0,1
16193172,330.4,C18H22N2O4,90.7,NULL,24,2,6,6,CC1=CC=CC=C1CN(C)CCC2=CC=CC=N2.C(=O)(C(=O)O)O,0,2
16193212,359.77,C16H14ClN5O3,97.2,4.6,25,1,6,2,CC1=C(C=C(C=C1)N=C2C(=NN(N2O)C3=CC=C(C=C3)Cl)[N+](=O)[O-])C,0,1
16193229,367.5,C21H22FN3S,43.5,3.6,26,0,3,3,CN1CCN(CC1)C(=S)C2=CN(C3=CC=CC=C32)CC4=CC(=CC=C4)F,0,1
16193439,325.9,C18H28ClNO2,38.3,NULL,22,2,3,7,CCOC(=O)C1CCC(CC1)CNCC2=CC=CC=C2C.Cl,0,2
16193787,312.5,C14H20N2O2S2,102,3.8,20,1,4,3,CC1CCCC(N1C(=S)NC2=C(SC=C2)C(=O)OC)C,0,1
16193803,285.4,C15H15N3OS,75.2,2.6,20,1,3,4,CC1=C2C(=CC=C1)SC(=N2)NC(=O)CCN3C=CC=C3,0,1
16194280,357.5,C19H23N3O2S,89.6,2.5,25,2,3,7,CC1=CC=C(C=C1)CN(CC2=CC=CO2)C(=S)NCC(=O)NC3CC3,0,1
16195055,340.9,C17H25ClN2OS,69.4,NULL,22,3,3,5,C1C2CC3CC1CC(C2)(C3)NC(=O)CNCC4=CC=CS4.Cl,0,2
16195067,327.33,C14H21N3O6,133,NULL,23,3,8,4,CC1CCN(CC1)CC(=O)NC2=NOC(=C2)C.C(=O)(C(=O)O)O,0,2
16195078,276.8,C13H25ClN2O2,32.8,NULL,18,1,3,2,CC1CC(CN(C1)CC(=O)N2CCOCC2)C.Cl,0,2
16195079,280.32,C14H20N2O4,90.7,NULL,20,2,6,3,CC1CCCCN1CC2=CN=CC=C2.C(=O)(C(=O)O)O,0,2
16195172,280.79,C15H21ClN2O,32.299,NULL,19,2,2,3,C1CCN(C1)CC(=O)NC2=CC3=C(CCC3)C=C2.Cl,0,2
16195185,328.71,C12H16ClF3N2O3,59.6,NULL,21,3,7,7,COCCNCC(=O)NC1=CC=C(C=C1)OC(F)(F)F.Cl,0,2
16195190,332.4,C18H24N2O4,102,NULL,24,4,5,5,C1CCC(CC1)NCCC2=CNC3=CC=CC=C32.C(=O)(C(=O)O)O,0,2
16195210,319.62,C12H16BrClN2O,32.299,NULL,17,2,2,3,C1CCN(C1)CC(=O)NC2=CC=C(C=C2)Br.Cl,0,2
16195906,326.9,C16H23ClN2OS,48.8,NULL,21,1,3,3,CN1CCCN(CC1)C(=O)C=CC2=CC=C(C=C2)SC.Cl,0,2
16195915,397.5,C22H27N3O2S,83.5,4.3,28,1,4,7,CCC1=CC=C(C=C1)C(=C(C(=S)NCCN2CCOCC2)[N+]3=CC=CC=C3)[O-],0,1
16196005,255.74,C16H14ClN,3.9,NULL,18,0,1,1,CC1=CC=[N+](C2=CC=CC=C12)C3=CC=CC=C3.[Cl-],0,2
16196028,325.27,C14H17BrN2S,40.9,NULL,18,1,2,3,CC1=CC=CC=C1N=C2N(C(=CS2)C)CC=C.Br,0,2
16196092,302.18,C13H17BrFNO,20.3,NULL,17,1,3,3,C1CCN(CC1)CC(=O)C2=CC=CC=C2F.Br,0,2
16196687,342.3,C17H21Cl2NO2,41.5,NULL,22,3,3,8,C1=CC=C(C=C1)CNCC(COCC2=CC=C(C=C2)Cl)O.Cl,0,2
16196691,338.4,C17H26N2O5,101,NULL,24,3,7,5,CN1CCC(CC1)N(C)CC(C2=CC=CC=C2)O.C(=O)(C(=O)O)O,0,2
16196753,312.8,C10H17ClN2O3S2,95.3,NULL,18,2,6,5,C1COCCN1CCNS(=O)(=O)C2=CC=CS2.Cl,0,2
16196768,272.3,C15H16N2O3,73.1,1.6,20,2,4,1,C1CCC2=NC(=CC3=CC(=C(C=C3)O)O)C(=O)N2CC1,0,1
16196824,405.5,C22H19N3O3S,117,5.5,29,1,4,5,CC1=C(C=C(C=C1)C(=C(C(=S)NCC2=CC=CC=C2)[N+]3=CC=CC=C3)[O-])[N+](=O)[O-],0,1
16196866,390.14,C13H14Br2N2S,44.2,NULL,18,1,3,4,CC1=CSC(=[N+]1CC=C)NC2=CC(=CC=C2)Br.[Br-],0,2
16236791,239.74,C12H18ClN3,36.4,NULL,16,3,2,3,C1CCC(=NCC1)NNC2=CC=CC=C2.Cl,0,2
16236811,274.18,C9H12BrN3S,61.7,NULL,14,3,3,3,C1CSC(=N1)NNC2=CC=CC=C2.Br,0,2
16237934,247.72,C13H14ClN3,37.3,NULL,17,2,3,3,CC1=CC=C(C=C1)NN=CC2=CC=NC=C2.Cl,0,2
16239577,261.75,C14H16ClN3,37.3,NULL,18,2,3,3,CC1=CC=CC=C1NN=C(C)C2=CN=CC=C2.Cl,0,2
16239597,272.77,C13H21ClN2O2,42.8,NULL,18,2,4,5,CC(C)(C)NN=CC1=C(C=C(C=C1)OC)OC.Cl,0,2
16240210,374.3,C20H21Cl2N3,18.8,NULL,25,1,3,2,CN1CCN(CC1)N=CC2=C3C=CC=CC3=C(C4=CC=CC=C42)Cl.Cl,0,2
16240777,326.32,C15H19FN2O5,98.2,NULL,23,2,8,4,CN1CCN(CC1)CC(=O)C2=CC=CC=C2F.C(=O)(C(=O)O)O,0,2
16240846,305.16,C11H14Cl2N4O2,114,NULL,19,3,4,2,CC(=NN=C(N)N)C1=CC(=C(C=C1)Cl)Cl.CC(=O)O,0,2
16241713,339.9,C18H26ClNO3,38.8,NULL,23,1,4,7,CC(CN1CCCCC1)OC(=O)C=CC2=CC=C(C=C2)OC.Cl,0,2
16243084,323.4,C17H25NO5,98.1,NULL,23,3,6,8,CCCN(CC1CC1)CC(C2=CC=CC=C2)O.C(=O)(C(=O)O)O,0,2
16244991,326.8,C15H19ClN2O2S,67.4,NULL,21,2,4,5,CCC(C)C1=CC=C(C=C1)S(=O)(=O)NC2=CN=CC=C2.Cl,0,2
16246434,315.82,C13H18ClN3O2S,72.8,NULL,20,1,5,2,CN1CCCN(CC1)S(=O)(=O)C2=CC=CC(=C2)C#N.Cl,0,2
16249254,306.31,C15H18N2O5,113,NULL,22,3,7,5,CC1=C(C(=NO1)C)CNCC2=CC=CC=C2.C(=O)(C(=O)O)O,0,2
16275931,289.4,C14H15N3S2,85,3,19,1,2,3,C1CC1NC(=S)N=C2N(C=CS2)CC3=CC=CC=C3,0,1
16278080,285.4,C15H15N3OS,80.2,2,20,1,4,2,CC1=CN=C(C=N1)C(=O)NC2CCSC3=CC=CC=C23,0,1
16283582,302.4,C15H15FN4S,75.5,3.6,21,1,6,2,CC1=CC(=NC(=N1)NN=C2CCSC3=C2C=C(C=C3)F)C,0,1
16296491,347.5,C19H29N3O3,70.7,2.9,25,2,4,8,CN(CC(=O)NCC1CCCCC1)CC(=O)NC2=CC=C(C=C2)OC,0,1
16297509,323.33,C11H13N7O3S,185,0,22,4,8,5,C1CC1N2C(=C(C(=O)NC2=O)C(=O)CSC3=NNC(=N3)N)N,0,1
16304694,347.5,C19H29N3O3,70.7,2.7,25,2,4,7,CC1CCCCC1NC(=O)CN(C)CC(=O)NC2=CC=C(C=C2)OC,0,1
16304855,225.24,C14H11NO2,50.2,2.3,17,1,3,3,C1=CC(=CC(=C1)O)C(=O)C=CC2=CN=CC=C2,0,1
16305869,339.4,C18H17N3O2S,92.4,3.5,24,1,5,5,CC1=CC(=CC=C1)OC(C)C(=O)NC2=NC(=CS2)C3=CC=NC=C3,0,1
16307545,343.4,C19H21NO3S,71.6,3.1,24,1,3,4,CCS(=O)(=O)C1=CC=CC=C1C(=O)NC2CCCC3=CC=CC=C23,0,1
16308175,268.31,C16H16N2O2,49.1,3.8,20,0,3,2,CC1CC2=CC=CC=C2N1CC3=CC=C(C=C3)[N+](=O)[O-],0,1
16314652,286.75,C16H15ClN2O,42,3.4,20,1,2,2,C1CC(C2=CC=CC=C2C1)NC(=O)C3=NC=CC(=C3)Cl,0,1
16327461,328.4,C17H16N2O3S,110,1.9,23,3,4,6,C1=CC=C2C(=C1)C(=CN2)CC(C(=O)O)NC(=O)CC3=CC=CS3,0,1
16386420,280.39,C14H20N2O2S,86.4,2.8,19,2,3,4,CC1CCCCC1NC(=O)CNC(=O)C2=CC=CS2,0,1
16410738,462.5,C29H22N2O4,90.5,3.9,35,2,4,4,C1=CC=C2C3C4C(C(C2=C1)C5=CC=CC=C35)C(=O)N(C4=O)C(CC6=CNC7=CC=CC=C76)C(=O)O,0,1
16463337,278.76,C10H15ClN2O3S,115,NULL,17,3,5,6,CCC1=C(C=C(O1)C(=O)OC)CSC(=N)N.Cl,0,2
16463353,299.78,C12H14ClN3O2S,91.5,NULL,19,3,5,4,CC1=CN=C(S1)NNC(=O)C2=CC=CC=C2OC.Cl,0,2
16548980,329.4,C19H23NO4,60.7,3.4,24,1,4,9,CCOC1=C(C=C(C=C1)CCNC(=O)C=CC2=CC=CO2)OCC,0,1
16681790,338.8,C19H19ClN4,33.4,NULL,24,1,3,2,CCN1C2=NC3=CC=CC=C3N2C(=CC(=N1)C)C4=CC=CC=C4.Cl,0,2
16681807,308.2,C15H15Cl2N3,54.7,NULL,20,3,2,3,C1=CC=C2C(=C1)NC(=N2)CC(C3=CC=C(C=C3)Cl)N.Cl,0,2
16681932,264.73,C9H13ClN2O3S,112,NULL,16,2,5,6,CCOC(=O)CC1=CSC(=[NH+]1)CC(=O)N.[Cl-],0,2
16681984,341.8,C17H24ClNO4,49.3,NULL,23,1,5,4,CC1(C(OC(=CC=NC2=CC(=C(C=C2)OC)OC)O1)(C)C)C.Cl,0,2
16682001,269.3,C12H19N3O4,94,NULL,19,2,4,3,CC(=O)C1=C(N(C(=O)NC1=O)CC=C)[O-].C[NH+](C)C,0,2
16682143,370.9,C22H27ClN2O,26.7,NULL,26,2,3,4,CN1CCN(CC1)CC#CCC(C2=CC=CC=C2)(C3=CC=CC=C3)O.Cl,0,2
16682161,313.64,C10H9ClF3N2O4-,95.2,NULL,20,2,9,3,CC(C(=O)O)NC1=C(C=C(C=C1)C(F)(F)F)[N+](=O)[O-].[Cl-],-1,2
16682433,353.9,C17H24ClN3OS,97.3,NULL,23,3,4,7,CCCC1=C(N=C2C=CC(=CC2=C1SC(=N)N)OCCC)C.Cl,0,2
16682443,176.65,C6H13ClN4,67.6,NULL,11,3,3,3,CCC1=NNC(=N1)CCN.Cl,0,2
16682507,243.5,C6H5Cl3N2O2,54,NULL,13,1,3,0,C1=C(C(=C(C(=N1)C(=O)[O-])Cl)Cl)Cl.[NH4+],0,2
16682515,286.4,C15H14N2O2S,95.3,2.2,20,1,4,3,CC1=CC=CC=C1CC2C(=O)NC(=C(C#N)C(=O)C)S2,0,1
16682543,370.3,C16H20BrNO2S,59.6,NULL,21,1,4,3,CC1CC(CCO1)C2=NC(=CS2)C3=CC=C(C=C3)OC.Br,0,2
16682688,220.7,C7H11ClN3OS+,111,NULL,13,4,3,3,C1=CC(=C([NH+]=C1)CSC(=[NH2+])N)O.[Cl-],1,2
16682699,373.4,C19H23N3O5,129,NULL,27,4,7,5,CC(C)NCC(=O)NC1=C2CCCC2=NC3=CC=CC=C31.C(=O)(C(=O)O)O,0,2
16682719,313.35,C17H19N3O3,86.4,2.6,23,3,6,4,C1C(C(COC1NC2=CC=C(C=C2)N=NC3=CC=CC=C3)O)O,0,1
16745827,265.26,C12H15N3O4,82.7,NULL,19,2,4,3,CCOC1=CC=C(C=C1)N2C(=CC(=O)NC2=O)[O-].[NH4+],0,2
16745845,238.7,C6H11ClN4O2S,133,NULL,14,3,6,4,CC(C1=NN=C(O1)SCC(=O)N)N.Cl,0,2
16745869,267.69,C6H10ClN5O3S,144,NULL,16,3,6,3,CN1C=NC(=C1SCC(=O)NN)[N+](=O)[O-].Cl,0,2
16745961,293.8,C14H12ClNO2S,67.5,4.7,19,1,4,5,CSC(=CC(=O)C1=CC=CO1)NC2=CC=CC=C2Cl,0,1
16823207,360.4,C18H17FN2O3S,74.9,2.5,25,1,5,3,CC1C2=CC(=CC3=C2N(C1=O)CCC3)NS(=O)(=O)C4=CC=C(C=C4)F,0,1
16958434,388.4,C20H24N2O6,118,3.4,28,1,6,5,CC1=C(C(=C(C=C1)[N+](=O)[O-])NC(=O)COC(=O)C2CC3CCCC(C2)C3=O)C,0,1
17201685,278.73,C14H15ClN2O2,49.4,1.5,19,1,2,3,C1CC1NC(=O)C2CC(=O)N(C2)C3=CC(=CC=C3)Cl,0,1
17253049,282.29,C16H14N2O3,68.3,3.1,21,1,4,4,CCC1=CC=CC=C1NC(=O)C2=NOC(=C2)C3=CC=CO3,0,1
17367818,331.4,C18H21NO5,95.9,NULL,24,3,6,6,CC1=CC(=CC=C1)CNCC2=CC=C(C=C2)OC.C(=O)(C(=O)O)O,0,2
17369833,345.3,C18H19NO6,105,NULL,25,3,7,5,CC1=CC=CC=C1CNCC2=CC3=C(C=C2)OCO3.C(=O)(C(=O)O)O,0,2
17378909,314.4,C17H18N2O2S,65.8,3.2,22,1,3,3,COC1=C(C=C(C=C1)NC(=S)N2CCC3=CC=CC=C32)OC,0,1
17378931,316.31,C16H16N2O5,78,2.2,23,2,5,4,COC1=CC(=C(C=C1)OC)NC(=O)NC2=CC3=C(C=C2)OCO3,0,1
17385934,355.7,C12H13Cl3N2O2S,88.7,NULL,20,2,4,4,C1C(C(=O)N(C1=O)C2=CC(=C(C=C2)Cl)Cl)SCCN.Cl,0,2
17417564,305.33,C14H12FN3O2S,96.3,3.3,21,1,6,3,CCC1=NOC(=C1C(=O)NC2=NC3=C(S2)C=C(C=C3)F)C,0,1
17497048,386.8,C20H16ClFN2O3,62.6,4.1,27,1,4,5,CN(CC(=O)NC1=CC(=CC=C1)F)C(=O)C2=CC=C(O2)C3=CC=C(C=C3)Cl,0,1
17572608,331.4,C16H14FN3O2S,83.5,3.6,23,0,6,4,CC1C(=O)N(C(=NN=CC2=CC=CO2)S1)CC3=CC=C(C=C3)F,0,1
17572747,343.4,C17H17N3O3S,92.7,3.4,24,0,6,5,CC1C(=O)N(C(=NN=CC2=CC=CO2)S1)CC3=CC=C(C=C3)OC,0,1
17578417,327.3,C19H18FNO3,47.6,3.5,24,1,5,4,COC1=C(C=C2C(=C1)CCNC2=CC(=O)C3=CC=CC=C3F)OC,0,1
17578557,322.3,C18H14N2O4,98.5,1.3,24,2,4,5,C1=CC=C2C(=C1)C(=CC(=O)C3=CC=C(C=C3)OCC(=O)N)C(=O)N2,0,1
17582328,309.3,C18H15NO4,55.8,2.7,23,0,4,2,CC1=CC2=C(C=C1)N(C(=O)C2=O)CC3COC4=CC=CC=C4O3,0,1
17583658,293.32,C17H15N3O2,62.1,2.3,22,1,3,2,C1CN(CC2=C1NN=C2C3=CC=CC=C3)C(=O)C4=CC=CO4,0,1
17585776,324.35,C14H16N2O5S,124,1.4,22,2,6,2,C1CC2=C(C1)SC(=C2C(=O)O)NC(=O)C(=O)N3CCOCC3,0,1
18077737,285.3,C10H11N3O3S2,127,1.5,18,1,7,5,C=CCSC1=NN=C(S1)NC(=O)C2=COCCO2,0,1
18078013,286.4,C12H18N2O2S2,105,2.4,18,1,5,5,CC1=CSC(=N1)SC(C)C(=O)NCC2CCCO2,0,1
18079666,340.4,C19H20N2O2S,74.7,2.3,24,1,3,5,CSC1=CC=CC(=C1)NC(=O)C2CC(=O)N(C2)CC3=CC=CC=C3,0,1
18106782,274.34,C14H14N2O2S,87.3,2,19,1,4,5,CC1=CN=C(C=C1)NC(=O)CCC(=O)C2=CC=CS2,0,1
18120596,322.34,C13H14N4O4S,125,1.2,22,2,7,3,C1COCCN1C2=NC(=CS2)C(=O)NNC(=O)C3=CC=CO3,0,1
18160218,313.3,C18H19NO4,68.5,2.4,23,1,4,5,CC(=O)C1=CC=C(C=C1)C2=CC=C(O2)C(=O)NCC3CCCO3,0,1
18273903,359.3,C18H19BrN2O,32.299,4,22,1,2,4,C1CCN(C1)C2=CC=CC=C2NC(=O)CC3=CC=C(C=C3)Br,0,1
18558490,341.23,C12H13BrN4OS,77.6,NULL,19,1,5,2,CC1=NN=C2N1N=C(CS2)C3=CC=C(C=C3)OC.Br,0,2
18558543,353.28,C14H17BrN4S,68.4,NULL,20,1,4,3,CCCC1=NN=C2N1N=C(CS2)C3=CC=C(C=C3)C.Br,0,2
19578115,290.39,C14H18N4OS,80,2.2,20,1,4,5,CCN(CC)C1=CC=C(C=C1)C=NN2CC(=O)NC2=S,0,1
19686655,296.4,C17H16N2OS,64.4,3,21,1,2,2,CC(=O)C1=CC(=CC=C1)NC(=S)N2CCC3=CC=CC=C32,0,1
19687020,287.27,C10H8F3N5S,86.9,1.9,19,2,6,2,C1=CC=C(C(=C1)C(F)(F)F)NC(=S)NN2C=NN=C2,0,1
20111252,346.4,C18H22N2O3S,76.4,3.7,24,0,4,4,CC1CCCN(C1)C2=NC(=O)C(=CC3=C(C=CC(=C3)OC)OC)S2,0,1
20116602,288.79,C12H17ClN2O2S,67.4,2.8,18,1,4,3,CC1CCC(CC1)NS(=O)(=O)C2=CN=C(C=C2)Cl,0,1
20855127,265.27,C15H11N3O2,68,2,20,1,4,3,C1=CC=C(C=C1)N2C(=C(C=N2)C(=O)O)C3=CC=NC=C3,0,1
20866849,257.24,C13H11N3O3,92.2,1.2,19,2,5,3,CC1=CN=C(C=C1)NC(=O)C2=C(N=CC=C2)C(=O)O,0,1
20867000,271.27,C14H13N3O3,92.2,1.1,20,2,5,4,CC1=CC=C(C=C1)CNC(=O)C2=NC=CN=C2C(=O)O,0,1
20887558,314.4,C16H14N2O3S,95.8,2.2,22,1,5,4,C1=CC=C2C(=C1)C(=O)N(C3=C(S2)N=CC=C3)CCCC(=O)O,0,1
20927613,320.5,C17H24N2O2S,70.3,3.8,22,2,3,3,CC(C)(C)NS(=O)(=O)C1=CC2=C(C=C1)NC3=C2CCCCC3,0,1
20953939,284.36,C16H20N4O,61,1.8,21,2,3,4,CN(C)CCNC(=O)C1=C2CCC3=CC=CC=C3C2=NN1,0,1
20956349,327.8,C18H18ClN3O,39.1,3.7,23,1,3,6,COC1=C(C=C(C=C1)CNC2=CC=C(C=C2)Cl)CN3C=CN=C3,0,1
20956355,321.4,C20H23N3O,39.1,3.9,24,1,3,7,CCC1=CC=C(C=C1)NCC2=CC(=C(C=C2)OC)CN3C=CN=C3,0,1
22427111,287.36,C16H21N3O2,70.2,2.4,21,3,3,2,CC1C(=O)NC2=C(N1)C=CC(=C2)C(=O)NC3CCCCC3,0,1
22430391,370.8,C19H19ClN4O2,64.7,3.8,26,2,3,3,CC1=C(C=CC=C1Cl)NC(=O)NC2=C(N(N(C2=O)C3=CC=CC=C3)C)C,0,1
22587966,320.3,C18H12N2O4,92.3,3,24,2,5,2,CC1=C2C(=CC=C1)C=C(C(=O)O2)C3=NC4=C(N3)C=C(C=C4)C(=O)O,0,1
23606545,353.4,C21H23NO4,48,3.8,26,0,5,7,CCOC1=CC=C(C=C1)N(C)CC2=CC(=O)OC3=C2C=C(C=C3)OCC,0,1
23723163,331.66,C12H12BrClN2S,40.9,NULL,17,1,2,1,CC1CN2C(=CSC2=N1)C3=CC=C(C=C3)Cl.Br,0,2
23723369,343.5,C21H33N3O,42.5,3.6,25,2,3,6,CC1=C(NC2=CC=CC=C12)CN3CCN(C(C3)CCO)CC(C)(C)C,0,1
23723420,347.5,C22H25N3O,37.4,4.1,26,1,4,5,COC1=CC=C(C=C1)NC2CCCN(C2)CC3=CC=CC4=C3C=CN=C4,0,1
23724162,313.77,C15H20ClNO4,77.8,NULL,21,2,5,3,C1CCCN(CC1)CC2=CC=C(C=C2)Cl.C(=O)(C(=O)O)O,0,2
23724170,346.4,C18H22N2O5,94.2,NULL,25,2,7,4,CC1=CC=C(O1)CN2CCN(CC2)C3=CC=CC=C3.C(=O)(C(=O)O)O,0,2
23724185,369.4,C18H27NO7,106,NULL,26,2,8,6,COC1=CC(=CC(=C1OC)OC)CN2CCCCCC2.C(=O)(C(=O)O)O,0,2
23724187,309.36,C16H23NO5,87.1,NULL,22,2,6,4,COC1=CC=CC=C1CN2CCCCCC2.C(=O)(C(=O)O)O,0,2
23724197,339.4,C17H25NO6,96.3,NULL,24,2,7,5,COC1=CC(=C(C=C1)OC)CN2CCCCCC2.C(=O)(C(=O)O)O,0,2
23724229,338.4,C17H26N2O5,99.1,NULL,24,3,7,8,CCOC1=CC=C(C=C1)CNCCN2CCCC2.C(=O)(C(=O)O)O,0,2
23724255,361.4,C19H23NO6,105,NULL,26,3,7,7,CC1=CC=C(C=C1)CNCC2=C(C=C(C=C2)OC)OC.C(=O)(C(=O)O)O,0,2
23724275,305.4,C17H23NO4,77.8,NULL,22,2,5,2,C1CCC(CC1)N2CCC3=CC=CC=C3C2.C(=O)(C(=O)O)O,0,2
23724294,371.4,C21H25NO5,87.1,NULL,27,2,6,6,C1CCN(CC1)CC2=CC(=CC=C2)OCC3=CC=CC=C3.C(=O)(C(=O)O)O,0,2
23724316,378.4,C18H19FN2O6,111,NULL,27,2,8,4,C1CN(CCN1CC2=CC=CC=C2F)C(=O)C3=CC=CO3.C(=O)(C(=O)O)O,0,2
23724326,347.4,C18H21NO6,105,NULL,25,3,7,7,COC1=CC=CC(=C1)CNCC2=CC=CC=C2OC.C(=O)(C(=O)O)O,0,2
23724365,287.79,C16H18ClN3,54.7,NULL,20,3,2,3,CC1=CC2=C(C=C1)N=C(N2)CCC3=CC=C(C=C3)N.Cl,0,2
23724387,341.9,C18H28ClNO3,38.8,NULL,23,1,4,9,CCCCCOC1=CC=C(C=C1)C(=O)CCN2CCOCC2.Cl,0,2
23724389,264.75,C14H17ClN2O,34.2,NULL,18,2,3,5,COC1=CC=C(C=C1)NCCC2=CC=CC=N2.Cl,0,2
23724400,318.9,C19H27ClN2,19,NULL,22,2,1,3,CCCCC1CC2(C3=C(CCN2C1)C4=CC=CC=C4N3)C.Cl,0,2
23724403,340.37,C16H24N2O6,119,NULL,24,4,8,7,C1COCCN1CCCNCC2=CC=CC=C2O.C(=O)(C(=O)O)O,0,2
24239039,326.4,C18H18N2O2S,83.5,2.5,23,2,3,3,CC(=O)NC1=CC=C(C=C1)C(=O)NC2CCSC3=CC=CC=C23,0,1
24239431,335.3,C16H15F2N3O3,78.5,0.9,24,2,5,5,CCN(CC(=O)NC1=C(C=CC=C1F)F)C(=O)C2=CNC(=O)C=C2,0,1
24240201,347.4,C21H21N3O2,58.4,3.9,26,1,4,4,CC1=C(C(=NO1)C2=CC=CC=C2)C(=O)NC3=CC=CC=C3N4CCCC4,0,1
24240615,283.32,C16H17N3O2,71.1,1.8,21,2,3,4,CC1=C(C(=CC=C1)C)NC(=O)CNC(=O)C2=CN=CC=C2,0,1
24684627,304.4,C16H20N2O2S,80.4,3.3,21,1,4,6,CCCNC(=O)C1=CC=CC=C1SCC2=C(ON=C2C)C,0,1
24684677,369.4,C20H23N3O4,78.6,3.3,27,0,5,5,CN(CC1=CC(=CC=C1)OC)C(=O)C2=CC(=C(C=C2)N3CCCC3)[N+](=O)[O-],0,1
24685250,252.33,C12H16N2O2S,91.6,0.4,17,1,3,3,C1CN(CCC1C(=O)N)C(=O)CC2=CSC=C2,0,1
24687012,304.76,C13H9ClN4OS,88,3.1,20,1,4,3,C1=CSC(=C1)C(=O)NC2=C(C=CC(=C2)Cl)N3C=NC=N3,0,1
24687449,306.3,C18H14N2O3,69.2,3,23,0,5,5,CC1=CN=C(C=N1)C(=O)OCC(=O)C2=CC=CC3=CC=CC=C32,0,1
24687540,319.4,C16H17NO4S,89,2.9,22,0,5,6,CC1=CC(=C(C=C1)C)C(=O)COC(=O)CN2C(=CSC2=O)C,0,1
24687923,321.8,C16H16ClNO2S,74.6,4.6,21,2,3,6,C1=CC=C(C=C1)SCCCNC(=O)C2=C(C=CC(=C2)Cl)O,0,1
24687981,311.3,C18H17NO4,68.6,3.2,23,0,5,7,COC1=CC=CC=C1CCC(=O)OC2=C(C=C(C=C2)C#N)OC,0,1
24746806,300.9,C16H29ClN2O,32.299,NULL,20,2,2,3,CC1(C2CCC(C2)C1(C)NC(=O)CN3CCCC3)C.Cl,0,2
24747355,343.8,C18H15ClFN3O,51,NULL,24,2,5,3,CCC1=NC2=C(C(=N1)NC3=CC=C(C=C3)F)OC4=CC=CC=C42.Cl,0,2
24747356,355.8,C19H18ClN3O2,60.2,NULL,25,2,5,4,CCC1=NC2=C(C(=N1)NC3=CC=CC=C3OC)OC4=CC=CC=C42.Cl,0,2
24747587,300.82,C15H25ClN2O2,33.7,NULL,20,2,4,7,COC1=CC=C(C=C1)CCNCCN2CCOCC2.Cl,0,2
24747589,336.4,C15H20N4O3S,114,NULL,23,2,7,3,CN1CCN(CC1)CC(=O)NC2=NC3=CC=CC=C3S2.C(=O)O,0,2
24747672,325.8,C18H16ClN3O,51,NULL,23,2,4,2,CC1=CC(=CC=C1)NC2=NC(=NC3=C2OC4=CC=CC=C43)C.Cl,0,2
24747681,343.8,C18H15ClFN3O,51,NULL,24,2,5,3,CCC1=NC2=C(C(=N1)NC3=CC(=CC=C3)F)OC4=CC=CC=C42.Cl,0,2
24747704,313.74,C16H12ClN3O2,71.2,NULL,22,3,5,2,C1=CC=C2C(=C1)C3=C(O2)C(=NC=N3)NC4=CC(=CC=C4)O.Cl,0,2
24748026,238.75,C13H19ClN2,29.3,NULL,16,2,2,1,C1CC2=CC(=CC3=C2N(C1)CCC3)CN.Cl,0,2
24748032,287.31,C16H17NO4,57.1,3.2,21,0,5,6,CCOC1=C(C=CC(=C1)C=C2C(=NOC2=O)C)OCC=C,0,1
24761065,310.82,C16H23ClN2O2,58.2,NULL,21,3,3,5,CC(=O)C1=CC=C(C=C1)NC(=O)CNC2CCCCC2.Cl,0,2
24761114,291.77,C15H18ClN3O,36.2,NULL,20,1,3,4,CN(C)C1=CC=C(C=C1)NC(=O)C[N+]2=CC=CC=C2.[Cl-],0,2
24761181,338.9,C19H31ClN2O,15.7,NULL,23,1,3,3,CC1CN(CC(O1)C)C2CCN(CC2)CC3=CC=C(C=C3)C.Cl,0,2
24761453,285.81,C15H24ClNO2,21.7,NULL,19,1,3,5,CC1=C(C(=CC=C1)C)OCCCN2CCOCC2.Cl,0,2
24761522,279.72,C14H14ClNO3,47.9,3.7,19,0,4,4,CCCOC1=C(C=C(C=C1)Cl)C=C2C(=NOC2=O)C,0,1
24761673,361.9,C15H24ClN3O3S,78.1,NULL,23,2,5,4,CC(=O)NCC1=CC=C(C=C1)S(=O)(=O)N2CCCN(CC2)C.Cl,0,2
24761843,315.8,C18H22ClN3,40.7,NULL,22,3,2,5,CC1=CC2=C(C=C1)NC(=C2CCNCC3=CN=CC=C3)C.Cl,0,2
24762042,319.74,C16H14ClNO4,57.1,3.3,22,0,5,5,CCOC1=C(C(=CC(=C1)C=C2C(=NOC2=O)C)Cl)OCC#C,0,1
24791309,328.4,C18H24N4O2,71.3,3.3,24,1,5,4,CC1=NON=C1C(=O)N2CCCC(C2)NC3=CC=C(C=C3)C(C)C,0,1
24791841,312.4,C19H24N2O2,45.5,3.8,23,1,3,4,CC(C)C1=CC=C(C=C1)NC2CCCN(C2)C(=O)C3=COC=C3,0,1
24792241,345.9,C19H24ClN3O,40.4,NULL,24,3,3,4,C1CN(CCN1)CC(CN2C3=CC=CC=C3C4=CC=CC=C42)O.Cl,0,2
24792568,367.5,C21H25N3OS,76.5,4,26,2,2,3,CC1=CC=C(C=C1)C(=O)NC2CCN(CC2)C(=S)NC3=CC=C(C=C3)C,0,1
24792744,336.77,C16H17ClN2O4,77.5,NULL,23,2,5,7,COC1=CC=CC(=C1)C(=O)OCCNC(=O)C2=CN=CC=C2.Cl,0,2
24793022,314.4,C18H22N2OS,60.6,4.4,22,1,3,3,CC1=C(C=C(C=C1)NC2CCCN(C2)C(=O)C3=CC=CS3)C,0,1
24793393,302.4,C16H18N2O2S,91.4,2.6,21,2,4,4,CC1=CC(=C(C=C1)NC(=O)CS(=O)C2=CC=CC=C2N)C,0,1
24794219,323.4,C19H21N3O2,59.2,3.2,24,0,4,5,CCCC1=CC2=C(C=C1)OC(=C2C)C(=O)N(C)CC3=NC=CN=C3,0,1
24816730,371.5,C19H21N3O3S,103,1.9,26,1,5,5,CN(CC1=CC=CO1)C(=O)CCC2=NC3=C(C4=C(S3)CCCC4)C(=O)N2,0,1
24817628,316.4,C18H21FN2O2,45.5,3.9,23,1,4,3,CC1=CC(=C(O1)C(=O)N2CCCC(C2)NC3=CC=C(C=C3)F)C,0,1
24817805,323.4,C20H25N3O,45.2,3.7,24,1,3,4,CC(C)C1=CC=C(C=C1)NC2CCCN(C2)C(=O)C3=CN=CC=C3,0,1
24817907,240.3,C15H16N2O,25.2,2,18,0,1,1,CN1C=CC=C1C(=O)N2CCC3=CC=CC=C3C2,0,1
24818267,272.4,C15H16N2OS,67.3,2.3,19,1,3,6,C1=CC=C(C=C1)SCCCNC(=O)C2=CN=CC=C2,0,1
24818274,319.4,C21H18FNO,20.3,4.9,24,0,2,4,CC1=CC=C(C=C1)N(CC2=CC=CC=C2)C(=O)C3=CC=C(C=C3)F,0,1
24818309,356.4,C20H24N2O4,76.7,2,26,2,4,9,CC(=O)NC(CC(=O)NCCOC1=CC=CC=C1OC)C2=CC=CC=C2,0,1
24818355,314.4,C18H22N2OS,57.6,3.9,22,1,3,7,CN(C)C1=CC=CC(=C1)C(=O)NCCCSC2=CC=CC=C2,0,1
24818380,296.4,C10H12N6OS2,152,0.9,19,2,7,5,C1CC1C2=NN=C(N2N)SCC(=O)NC3=NC=CS3,0,1
24818409,383.5,C20H21N3O3S,99.8,2.8,27,1,5,7,CC(=O)NCCC(=O)N(CC1=CC=CC=C1)C2=NC3=C(S2)C=C(C=C3)OC,0,1
24818675,337.4,C15H16FN3O3S,95.7,2.6,23,3,5,4,CC1=CC(=C(C=C1)S(=O)(=O)NNC(=O)NC2=CC=CC=C2F)C,0,1
24819125,305.8,C14H12ClN3OS,85.2,3.3,20,3,2,2,C1=CC=C(C=C1)C(=O)NNC(=S)NC2=CC(=CC=C2)Cl,0,1
24819511,308.4,C18H16N2OS,66.4,4.2,22,2,2,3,CSC1=CC=CC=C1NC(=O)NC2=CC=CC3=CC=CC=C32,0,1
24819960,371.4,C20H25N3O4,100,3.4,27,2,5,3,CC1(CC(CC(N1)(C)C)NC(=O)C2=CC=C(O2)C3=CC=C(C=C3)[N+](=O)[O-])C,0,1
24981072,306.5,C17H26N2OS,60.6,3.7,21,1,3,4,C1CCC(CC1)(CNC(=O)C2=CC=CS2)N3CCCCC3,0,1
24981851,301.33,C13H11N5O2S,121,0.6,21,3,5,4,C1=CN=C(N=C1)SCC(=O)NC2=CC3=C(C=C2)NC(=O)N3,0,1
24982615,319.4,C19H17N3O2,63.2,3.2,24,2,4,6,C1=CC=C(C=C1)NC2=CC=C(C=C2)OCC(=O)NC3=CC=NC=C3,0,1
24982932,272.26,C14H12N2O4,80.7,1.4,20,2,5,2,C1COC2=C(O1)C=CC(=C2)C(=O)NC3=C(C=CC=N3)O,0,1
25162018,260.329,C15H20N2O2,41.6,2.1,19,1,3,3,C1CCN(C1)C2=CC=CC=C2NC(=O)C3CCCO3,0,1
25237314,305.73,C15H13ClFN3O,54.4,2.6,21,1,4,4,CC(=NNC(=O)CC1=C(C=CC=C1Cl)F)C2=CN=CC=C2,0,1
25237437,317.4,C16H19N3O2S,79.8,2.8,22,1,5,4,CC1=CC(=C(C(=C1)C)S(=O)(=O)NN=C(C)C2=CC=NC=C2)C,0,1
25237439,335.4,C15H17N3O4S,98.3,1.6,23,1,7,6,CC(=NNS(=O)(=O)C1=C(C=C(C=C1)OC)OC)C2=CC=NC=C2,0,1
25237442,303.4,C15H17N3O2S,79.8,2.5,21,1,5,5,CCC1=CC=C(C=C1)S(=O)(=O)NN=C(C)C2=CC=NC=C2,0,1
25237445,335.4,C15H17N3O4S,98.3,1.6,23,1,7,6,CC(=NNS(=O)(=O)C1=CC(=C(C=C1)OC)OC)C2=CC=NC=C2,0,1
25237451,363.3,C15H13N3O6S,131,2.4,25,1,8,4,CC(=NNS(=O)(=O)C1=CC=CC(=C1)[N+](=O)[O-])C2=CC3=C(C=C2)OCO3,0,1
25237459,324.2,C12H10BrN3OS,82.6,3,18,1,4,3,CC(=NNC(=O)C1=CC=C(S1)Br)C2=CC=NC=C2,0,1
25237590,293.32,C13H12FN3O2S,79.8,1.8,20,1,6,4,CC(=NNS(=O)(=O)C1=CC=C(C=C1)F)C2=CC=NC=C2,0,1
25237592,351.3,C15H15BrN2OS,69.7,4.2,20,1,3,5,CCC(=NNC(=O)CC1=CC=C(C=C1)Br)C2=CC=CS2,0,1
52998417,307.78,C14H18ClN5O,93.3,NULL,21,3,5,4,CC(C)C(C(=O)NN=CC1=CC2=NC=CN=C2C=C1)N.Cl,0,2
54677260,292.72,C14H13ClN2O3,69.6,2.4,20,2,3,2,CC1=CC(=C(C(=O)N1C)C(=O)NC2=CC(=CC=C2)Cl)O,0,1
54695987,332.34,C14H12N4O4S,121,2.4,23,2,7,2,CN1C(=C(C2=CC=CC=C2S1(=O)=O)O)C(=O)NC3=NC=CC=N3,0,1
56642848,320.7,C11H12ClF3N6,81.1,NULL,21,3,8,3,CC1=NN=C(N1N)NN=CC2=CC=CC=C2C(F)(F)F.Cl,0,2
56642960,225.68,C9H12ClN5,61.7,NULL,15,3,3,3,C1CN=C(N1)NN=CC2=CC=NC=C2.Cl,0,2
56642963,326.74,C12H15ClN6O3,117,NULL,22,3,8,6,CC(=O)OC1=C(C=C(C=C1)C=NNC2=NN=CN2N)OC.Cl,0,2
135403145,302.24,C13H10N4O5,136,2.1,22,2,7,3,C1=CC=C(C(=C1)NN=CC2=C(C=CC(=C2)[N+](=O)[O-])O)[N+](=O)[O-],0,1
135411632,292.33,C17H16N4O,70.4,3.4,22,2,5,3,CC1=NC2=CC=CC=C2N=C1NN=C(C)C3=CC=CC=C3O,0,1
135412004,256.3,C14H16N4O,65.8,1.6,19,2,3,4,CC1=CC(=O)NC(=N1)NN=CC(C)C2=CC=CC=C2,0,1
135412205,291.3,C17H13N3O2,81.9,2.9,22,2,4,3,COC1=C(C=CC(=C1)C=C(C#N)C2=NC3=CC=CC=C3N2)O,0,1
135412250,259.329,C13H13N3OS,96.3,2.9,18,2,4,3,CSC(=NN=CC1=C(C=CC2=CC=CC=C21)O)N,0,1
135412971,203.23,C8H5N5S,84.4,1.8,14,1,3,0,C1=CC=C2C(=C1)N=NC3=NNC(=S)N23,0,1
135414997,349.4,C20H19N3O3,71,3,26,1,5,6,CC(=NC1=CC=CC=C1)C2=C(NN(C2=O)C3=CC=CC=C3)CC(=O)OC,0,1
135432810,256.279,C9H12N4O3S,118,-0.5,17,3,6,2,C1COCCN1N=CC2=C(NC(=S)NC2=O)O,0,1
135433193,278.72,C11H7ClN4OS,93.1,2,18,2,3,1,C1=CC=C(C(=C1)N2C(=O)C3=C(NC2=S)NN=C3)Cl,0,1
135436858,278.3,C17H14N2O2,54.7,3.6,21,1,4,4,C1=CC=C(C=C1)COC2=CC=CC3=C2N=C(C=C3)C=NO,0,1
135437343,343.4,C18H22FN5O,79.3,4,25,2,5,5,CC1=CC(=NC(=N1)N=C(NC2=CC=C(C=C2)F)NC(=O)C(C)(C)C)C,0,1
135439674,214.2,C6H6N4O3S,149,-1.4,14,4,4,1,C(=NC(=S)N)C1=C(NC(=O)NC1=O)O,0,1
135439769,175.61,C6H10ClN3O,67.5,NULL,11,3,3,0,CC1=C(C(=O)NC(=N1)C)N.Cl,0,2
135439803,330.3,C9H10N6O4S2,206,-0.3,21,4,8,3,C1C(=O)NC(=NN=C2NC(=O)C(S2)CC(=O)NC(=O)N)S1,0,1
135440841,304.3,C14H16N4O4,114,0.1,22,4,6,6,C1=CC=C(C=C1)CN2C(=C(C(=O)NC2=O)C=NNCCO)O,0,1
135441542,311.4,C17H17N3OS,71.3,3.8,22,1,4,4,COC1=CC=CC(=C1)C2=NNC(=NCC3=CC=CC=C3)SC2,0,1
135443251,272.35,C15H20N4O,65.8,1.5,20,2,3,2,CC1=CC(=O)NC(=N1)NN=C2C3CC4CC(C3)CC2C4,0,1
135445044,293.32,C13H19N5O3,95.4,-0.3,21,2,5,4,CCOC(=O)N1CCC(=NNC2=NC(=CC(=O)N2)C)CC1,0,1
135449736,245.66,C12H8ClN3O,50.4,3,17,1,3,1,C1=CC(=CC=C1C2=NC(=C3N2C=CN=C3)O)Cl,0,1
135451679,274.28,C13H14N4O3,103,1.4,20,4,5,4,CCC(=NNC1=CC=CC=C1)C2=C(NC(=O)NC2=O)O,0,1
135454365,259.22,C11H9N5O3,96.7,0.6,19,2,6,3,C1OC2=C(O1)C=C(C=C2)C=NNC3=NN=CC(=O)N3,0,1
135454486,288.3,C14H16N4O3,84.3,1.1,21,2,5,5,CC1=CC(=O)NC(=N1)NN=CC2=C(C=CC(=C2)OC)OC,0,1
135455150,346.5,C20H18N4S,77.9,4.6,25,1,4,3,CC(C)C1=CC2=C(C=C1)N=C(NN=C2C3=CC=CS3)C4=CC=NC=C4,0,1
135455155,222.24,C10H14N4O2,101,-0.4,16,3,5,5,C1=CC(=NC=C1C(=O)NCCCN)C=NO,0,1
135460567,298.33,C13H10N6OS,135,0.5,21,2,6,3,C1=CC(=CC=C1CSC2=NN=C3N2C(=CC(=O)N3)N)C#N,0,1
135460614,307.73,C13H14ClN5O2,101,0.4,21,3,3,5,COCC1=CC(=O)NC(=N1)N=C(N)NC2=CC(=CC=C2)Cl,0,1
135468839,272.33,C13H12N4OS,84.1,2,19,1,4,3,CC1=CC(=O)NC(=N1)SCC2=CN3C=CC=CC3=N2,0,1
135470757,400.9,C22H29ClN4O,42.3,4.6,28,1,5,7,CCN(CC)C1=CC(=C(C=C1)C=NN2CCN(CC2)CC3=CC=C(C=C3)Cl)O,0,1
135470802,304.3,C14H16N4O4,105,0.7,22,3,6,5,CC1=CC(=O)NC(=N1)NN=CC2=CC(=C(C(=C2)OC)O)OC,0,1
135470845,273.29,C14H15N3O3,76,2.4,20,2,6,5,COC1=CC(=CC(=C1O)OC)C=NNC2=CC=CC=N2,0,1
135472736,286.33,C16H18N2O3,70.9,3.4,21,2,5,4,CCC1=CC=CC=C1NN=C(C)C2=C(C=C(OC2=O)C)O,0,1
135472776,310.26,C16H10N2O5,105,3.4,23,1,6,2,C1=CC(=CC(=C1)[N+](=O)[O-])C2=NOC(=O)C2=CC3=CC=C(C=C3)O,0,1
135473038,223.26,C8H9N5OS,96.9,0.6,15,1,5,2,CN1C=CC(=N1)C=NN=C2NC(=O)CS2,0,1
135474000,413.5,C20H23N5O3S,129,0.6,29,3,5,5,CCNC(=S)NCCC1=C2C=CC=CC2=NC1=CC3=C(N(C(=O)N(C3=O)C)C)O,0,1
135485045,297.28,C17H12FNO3,58.9,3.2,22,1,5,2,CC1=C(C=C(C=C1)N=CC2=C(C3=CC=CC=C3OC2=O)O)F,0,1
135485046,297.28,C17H12FNO3,58.9,3.2,22,1,5,2,CC1=C(C=C(C=C1)F)N=CC2=C(C3=CC=CC=C3OC2=O)O,0,1
135485079,361.4,C17H20FN5O3,88.5,0.9,26,2,7,4,CN1CCN(CC1)N=CC2=C(N(C(=O)NC2=O)CC3=CC=C(C=C3)F)O,0,1
135492174,289.4,C15H19N3OS,85.8,4.5,20,2,5,4,CC(=NNC1=NC(=CS1)C(C)(C)C)C2=CC=C(C=C2)O,0,1
135493040,350.4,C21H22N2O3,63.8,3.9,26,1,4,5,CCOC(=O)C1=C(C(=CC2=C(N(C(=C2)C)C3=CC=CC=C3)C)N=C1C)O,0,1
135494098,327.4,C13H17N3O3S2,137,1.9,21,2,7,6,CC(COC)N=C1NN=C(C(S1)CC(=O)O)C2=CC=CS2,0,1
135498869,325.32,C16H15N5O3,121,1.6,24,1,6,2,C1CCC2=NN=C(N2CC1)C(=C(C3=CC=C(C=C3)[N+](=O)[O-])O)C#N,0,1
135502848,204.16,C10H5FN2O2,66.2,0.7,15,2,5,0,C1=CC2=C(C=C1F)N=C3C(=C(C3=N2)O)O,0,1
135507980,350.4,C15H15FN4O3S,110,1.4,24,2,7,3,C1COCCN1N=CC2=C(N(C(=S)NC2=O)C3=CC=C(C=C3)F)O,0,1
135509000,294.31,C16H14N4O2,90.4,2.4,22,3,4,3,CC1=NC2=C(N1)C=C(C=C2)C(=O)NN=CC3=CC=C(C=C3)O,0,1
135512260,320.4,C15H20N4O2S,100,1.6,22,2,5,5,CC(COC)N=C1NN=C(CS1)C2=CC=C(C=C2)NC(=O)C,0,1
135519857,320.4,C15H20N4O2S,104,2.8,22,2,5,5,CCOC(=O)C1=C(NC(=C1C)C2=NNC(=NC3CC3)SC2)C,0,1
135519884,286.33,C15H18N4O2,75.1,1.2,21,2,4,5,CC1=CC(=O)NC(=N1)NN=C(C)CC2=CC=C(C=C2)OC,0,1
135519892,319.4,C19H17N3O2,77.7,3.6,24,3,5,5,C1=CC=C(C=C1)NN=C(CC2=CC=CC=N2)C3=C(C=C(C=C3)O)O,0,1
135519897,322.4,C17H18N6O,83.7,1.9,24,2,4,4,CC1=CC(=O)NC(=N1)NN=CC2=C(N(N=C2C)C3=CC=CC=C3)C,0,1
135519929,347.4,C21H21N3O2,77.7,4.4,26,3,5,6,CCC1=CC(=C(C=C1O)O)C(=NNC2=CC=CC=C2)CC3=CC=CC=N3,0,1
135519941,299.4,C16H17N3OS,88.7,3.4,21,3,3,3,CC1=CC=CC=C1NC(=S)NN=C(C)C2=CC=C(C=C2)O,0,1
135519953,263.32,C12H13N3O2S,120,1.9,18,3,6,3,CC1=NC(=CS1)CC(=NN)C2=C(C=C(C=C2)O)O,0,1
135519958,339.4,C18H17N3O2S,106,4.1,24,3,6,5,CC1=NC(=CS1)CC(=NNC2=CC=CC=C2)C3=C(C=C(C=C3)O)O,0,1
135519963,303.4,C15H17N3O2S,96.2,2.8,21,1,5,4,CC1=CC(=C(C=C1C)C(=O)CSC2=NN=C(C(=O)N2)C)C,0,1
135519978,294.27,C15H13F3N2O,44.6,4.3,21,2,6,3,CC(=NNC1=CC=CC(=C1)C(F)(F)F)C2=CC=C(C=C2)O,0,1
135519988,273.24,C13H11N3O4,111,2.7,20,3,6,3,C1=CC(=CC(=C1)[N+](=O)[O-])NN=CC2=C(C(=CC=C2)O)O,0,1
135519991,262.25,C14H12F2N2O,44.6,3.6,19,2,5,3,CC(=NNC1=C(C=C(C=C1)F)F)C2=CC=CC=C2O,0,1
135520001,292.28,C15H14F2N2O2,53.8,3.6,21,2,6,4,CC(=NNC1=C(C=C(C=C1)F)F)C2=C(C=C(C=C2)OC)O,0,1
135520036,291.4,C15H21N3OS,88.7,3.3,20,3,3,3,CC(=NNC(=S)NC1CCCCC1)C2=CC=C(C=C2)O,0,1
135520053,313.4,C16H15N3O2S,82.7,3,22,2,4,4,CC1=C(C2=CC=CC=C2N1)C=NNS(=O)(=O)C3=CC=CC=C3,0,1
135535946,312.39,C13H20N4O3S,110,0.9,21,2,6,5,CCCCN1C(=C(C(=O)NC1=S)C=NN2CCOCC2)O,0,1
135536434,310.4,C16H14N4OS,92.3,3.3,22,2,4,3,CC1=C(C(=CC=C1)C=NN2C(=NNC2=S)C3=CC=CC=C3)O,0,1
135549440,271.31,C15H17N3O2,66.5,3.3,20,2,4,5,CC1=C(NC(=C1C(=O)OC)C)C=NNC2=CC=CC=C2,0,1
135554597,274.28,C16H10N4O,78.1,1.6,21,1,4,2,C1=CC=C2C(=C1)C(=O)NC(=N2)C(=CC3=CC=NC=C3)C#N,0,1
135555389,464.3,C17H10BrN3O4S2,156,4.8,27,1,7,3,C1=CC(=CC(=C1)Br)C=C2C(=O)N(C(=S)S2)N=CC3=C(C=CC(=C3)[N+](=O)[O-])O,0,1
135558986,274.28,C13H14N4O3,94,1.1,20,3,5,3,CC(=NN(C)C1=CC=CC=C1)C2=C(NC(=O)NC2=O)O,0,1
135576363,297.78,C14H20ClN3O2,66.2,NULL,20,3,4,4,COC1=C(C=CC(=C1)C=NNC2=NCCCCC2)O.Cl,0,2
135594431,300.24,C14H9FN4O3,107,3.7,22,2,6,2,C1=CC(=CC=C1N=NC2=C(NC3=C2C=C(C=C3)F)O)[N+](=O)[O-],0,1
135608138,279.29,C13H17N3O4,90.9,3,20,1,6,3,COC1=CC(=CC(=C1O)[N+](=O)[O-])C=NN2CCCCC2,0,1
135613834,356.4,C17H16N4O3S,111,2.9,25,2,6,6,COC1=CC=CC(=C1O)C=NN2C(=NNC2=S)COC3=CC=CC=C3,0,1
135614214,303.4,C18H29N3O,39.1,4.3,22,1,4,5,CCN(CC)C1=CC(=C(C=C1)C=NN2C(CCCC2C)C)O,0,1
135614927,234.29,C13H18N2O2,45.1,2.6,17,1,4,3,COC1=CC(=C(C=C1)O)C=NN2CCCCC2,0,1
135630189,336.3,C18H16N4O3,94,2.7,25,3,5,4,CC(=NNC1=CC=CC=C1)C2=C(N(C(=O)NC2=O)C3=CC=CC=C3)O,0,1
135630284,318.4,C15H18N4O2S,113,3,22,3,5,3,C1CCC(CC1)C2=NNC(=S)N2N=CC3=C(C=C(C=C3)O)O,0,1
135630551,323.4,C15H13N7S,117,2.4,23,3,4,3,CC1=CC(=NN1)C2=NNC(=S)N2N=CC3=CNC4=CC=CC=C43,0,1
135632188,326.4,C16H14N4O2S,102,3,23,2,5,5,C1=CC=C(C=C1)OCC2=NNC(=S)N2N=CC3=CC=CC=C3O,0,1
135637508,317.14,C14H9BrN2O2,54.6,2.8,19,1,3,2,C1=CC=C(C(=C1)C2=NC(=CC3=CC=CO3)C(=O)N2)Br,0,1
135641513,366.4,C19H22N6O2,97.4,3.6,27,2,7,6,CCOC1=C(C=CC(=C1)C=NNC2=NC(=NC(=C2)C)N3C(=CC(=N3)C)C)O,0,1
135643262,301.34,C15H19N5O2,101,1.2,22,3,3,5,CCOC1=CC=C(C=C1)NC(=NC2=NC(=C(C(=O)N2)C)C)N,0,1
135650515,279.29,C16H13N3O2,61.8,2.2,21,1,3,2,CC(=O)N(C1=CC=CC=C1)N=C2C3=CC=CC=C3NC2=O,0,1
135650685,306.4,C18H18N4O,57.6,3.4,23,1,4,3,CC1=CC=C(C=C1)N2C(=O)C(=C(N2)C)C=NC3=CC=CC(=N3)C,0,1
135650969,342.4,C16H14N4O3S,122,2.6,24,3,6,5,C1=CC=C(C=C1)OCC2=NNC(=S)N2N=CC3=C(C=C(C=C3)O)O,0,1
135651186,360.4,C15H16N6O3S,139,1.9,25,3,7,5,CC1=CC(=NN1)C2=NNC(=S)N2N=CC3=CC(=C(C(=C3)OC)O)OC,0,1
135675925,321.37,C16H23N3O4,92.2,2.4,23,3,5,5,COC1=CC(=CC(=C1O)OC)C=NNC(=O)NC2CCCCC2,0,1
135676000,308.72,C13H13ClN4O3,88.9,2.3,21,2,7,5,COC1=CC(=CC(=C1O)OC)C=NNC2=NN=C(C=C2)Cl,0,1
135676074,307.3,C18H17N3O2,91.7,3.1,23,3,5,3,CC1=C(C=CC(=C1O)C(=NN)CC2=NC3=CC=CC=C3C=C2)O,0,1
135676154,308.4,C18H20N4O,65.8,2.7,23,2,3,3,CC1=CC(=O)NC(=N1)NN=C2CCCCC2=CC3=CC=CC=C3,0,1
135676249,290.74,C15H15ClN2O2,53.8,4,20,2,4,4,CC(=NNC1=CC=CC=C1Cl)C2=C(C=C(C=C2)OC)O,0,1
135679290,258.269,C14H14N2O3,85.1,2.8,19,4,5,3,CC1=CC(=CC=C1)NN=CC2=C(C(=C(C=C2)O)O)O,0,1
135683272,282.09,C11H8BrNO3,58.9,2.6,16,1,4,1,CC1=NOC(=O)C1=CC2=CC(=C(C=C2)O)Br,0,1
135693225,371.4,C16H13N5O4S,156,1.3,26,3,8,5,C1=CC(=CC=C1C2=NN=C(O2)SCC(=O)NNC(=O)C3=CC=NC=C3)O,0,1
135735430,313.4,C16H15N3O2S,82.7,3.2,22,2,4,4,CC(=NNS(=O)(=O)C1=CC=CC=C1)C2=CNC3=CC=CC=C32,0,1
135759036,235.26,C10H9N3O2S,95.9,1.5,16,2,4,2,C1C(=O)NC(=NNC(=O)C2=CC=CC=C2)S1,0,1
135825093,410.5,C21H22N4O3S,124,4.4,29,3,7,7,CCOC1=C(C=CC(=C1)C=NNC2=NC(=C(S2)NC(=O)C)C3=CC=C(C=C3)C)O,0,1
135829845,312.75,C12H17ClN6O2,111,NULL,21,4,7,5,CCOC1=C(C=CC(=C1)C=NNC2=NN=C(N2N)C)O.Cl,0,2
135829849,324.4,C19H20N2O3,70.9,3.8,24,2,4,6,CCOC1=CC=C(C=C1)NC(=O)C(=C(C)O)C=NC2=CC=CC=C2,0,1
135856003,278.29,C11H10N4O3S,125,2.2,19,1,6,2,CC1C(=O)NC(=NN=CC2=CC(=CC=C2)[N+](=O)[O-])S1,0,1
135676152,325.8,C18H16ClN3O,57.5,4.8,23,2,4,4,CCC(=NNC1=C2C=CC(=CC2=NC=C1)Cl)C3=CC=C(C=C3)O,0,1
2125517,289.69,C15H9ClFNO2,37.4,3.1,20,0,3,1,C1C2=CC=CC=C2C(=O)N(C1=O)C3=C(C=C(C=C3)F)Cl,0,1
2189028,271.29,C16H14FNO2,49.3,4,20,2,4,4,CC1=CC(=C(C=C1)O)NC=CC(=O)C2=CC=C(C=C2)F,0,1
3103951,295.75,C11H10ClN5OS,116,2.7,19,1,5,2,CC1=NN(C(=O)C1N=NC2=CC=C(C=C2)Cl)C(=S)N,0,1
3241713,412.3,C18H12N4O8,184,NULL,30,1,9,0,CC1=NC2=C(O1)C3=CC=CC=C3C=C2.C1=C(C=C(C(=C1[N+](=O)[O-])O)[N+](=O)[O-])[N+](=O)[O-],0,2
5728275,339.31,C16H13N5O4,125,2.4,25,2,7,5,C1=CC=C2C(=C1)C(=CN2CC(=O)O)C=NNC3=NC=C(C=C3)[N+](=O)[O-],0,1
6237613,323.4,C20H21NO3,47.6,3.8,24,1,4,4,CC1=CC=C(C=C1)C(=O)C=C2C3=CC(=C(C=C3CCN2)OC)OC,0,1
6899614,301.25,C14H11N3O5,121,2.7,22,2,7,5,C1=CC(=CC=C1C(=O)O)NN=CC=CC2=CC=C(O2)[N+](=O)[O-],0,1
6948318,295.42,C16H29N3O2,56.1,2.1,21,1,5,6,CC(=NO)C(=O)C(CN1CCCCC1)CN2CCCCC2,0,1
9568953,313.7,C14H11ClF3N3,37.3,4.2,21,1,6,3,CC(=NNC1=C(C=CC(=C1)C(F)(F)F)Cl)C2=CC=NC=C2,0,1
9586074,314.39,C16H22N6O,65.9,3,23,1,7,6,CN(C)C1=NC(=NC(=C1)NN=CC2=CC=C(C=C2)OC)N(C)C,0,1
9593221,267.09,C8H7BrN6,78.8,2.1,15,2,5,3,C1=CC(=CC(=C1)Br)C=NNC2=NNN=N2,0,1
9606680,286.4,C15H14N2O2S,87,3.6,20,2,5,5,CSC1=CC=C(C=C1)C=NNC2=CC=CC(=C2)C(=O)O,0,1
9644282,333.72,C15H12ClN3O4,108,3.9,23,2,6,4,CC(=NNC1=CC(=C(C=C1)Cl)C(=O)O)C2=CC(=CC=C2)[N+](=O)[O-],0,1
9657171,321.4,C19H19N3O2,66.6,3.8,24,2,4,5,CC(C)N1C=C(C2=CC=CC=C21)C=NNC3=CC=C(C=C3)C(=O)O,0,1
9659716,355.8,C19H18ClN3O2,66.6,4.5,25,2,4,5,CC(C)N1C=C(C2=CC=CC=C21)C=NNC3=CC(=C(C=C3)Cl)C(=O)O,0,1
9670741,241.24,C13H11N3O2,74.6,2,18,2,5,4,C1=CC(=CC(=C1)NN=CC2=CN=CC=C2)C(=O)O,0,1
9689184,260.31,C13H12N2O2S,89.9,3.4,18,2,5,4,CC1=C(SC=C1)C=NNC2=CC=CC(=C2)C(=O)O,0,1
15945775,387.26,C16H22INO2,38.3,NULL,20,2,3,3,CCOC(=O)C(=C1C2=CC=CC=C2CC(N1)(C)C)C.I,0,2
135420153,330.3,C15H14N4O5,147,1.2,24,6,7,4,C1=CC(=C(C=C1C=NNC(=O)NN=CC2=CC(=C(C=C2)O)O)O)O,0,1
135469873,350.4,C19H18N4O3,94,3.2,26,3,5,4,CC1=C(C=C(C=C1)N2C(=C(C(=O)NC2=O)C=NNC3=CC=CC=C3)O)C,0,1
135504452,204.19,C8H8N6O,99.1,1.1,15,3,6,3,C1=CC=C(C(=C1)C=NNC2=NNN=N2)O,0,1
135537585,271.27,C14H13N3O3,90.4,3.8,20,2,5,3,CC(=NNC1=CC=CC=C1[N+](=O)[O-])C2=CC=CC=C2O,0,1
135543164,305.7,C14H8ClNO3S,87.1,3.1,20,1,5,2,C1=CSC(=C1)C(=CC2=NC3=C(C=CC(=C3)Cl)OC2=O)O,0,1
135546030,242.3,C13H10N2OS,77.2,2.9,17,2,3,2,C1=CC=C2C(=C1)NC(=N2)C=C(C3=CC=CS3)O,0,1
135548673,402.5,C18H18N4O3S2,132,3.4,27,2,8,6,CN(C)S(=O)(=O)C1=CC=C(C=C1)C2=CSC(=N2)NN=CC3=CC=C(C=C3)O,0,1
135577542,277.7,C13H12ClN3O2,77.5,3,19,3,4,4,CC(=NNC1=CC(=C(C=C1)Cl)C(=O)O)C2=CC=CN2,0,1
135635893,353.4,C19H19N3O4,84.9,3.8,26,2,6,7,COC1=C(C=C2C(=C1)C(=C(N2)C(=O)OC)C=NNC3=CC=CC=C3)OC,0,1
135642811,318.28,C14H14N4O5,122,2.2,23,2,8,5,COC1=CC(=CC(=C1O)OC)C=NNC2=NC=C(C=C2)[N+](=O)[O-],0,1
135675930,313.74,C16H12ClN3O2,77.5,3.8,22,3,4,4,C1=CC=C2C(=C1)C(=CN2)C=NNC3=CC(=C(C=C3)Cl)C(=O)O,0,1
135845987,358.4,C16H14N4O2S2,143,3.4,24,3,7,5,CC(=O)NC1=C(N=C(S1)NN=CC2=CC=C(C=C2)O)C3=CC=CS3,0,1
15945766,375.4,C18H17NO6S-2,158,NULL,26,3,8,4,CNCC1=CC=CC=C1SC2=CC(=C(C=C2)O)O.C(=CC(=O)[O-])C(=O)[O-],-2,2
5720057,355.4,C16H13N5O3S,138,4.8,25,1,7,4,CC1=C[N+](=CC=C1)C2=C(SC(=N2)[O-])C=NNC3=CC=C(C=C3)[N+](=O)[O-],0,1
